country_id,year,Freedom_of_expression,Freedom_of_association,Suffrage,Clean_elections,Elected_officials,Individual_liberty,Judicial_constraints,Legislative_constraints,Civil_participation,Direct_vote,Local_government,Regional_government,Deliberative,Equal_access,Equal_distribution,Equal_protection
Mexico,1950,0.383,0.322,0.5,0.086,1,0.448,0.287,0.027,0.102,0,0.944,0.933,0.385,0.338,0.278,0.16
Mexico,1951,0.383,0.322,0.5,0.086,1,0.448,0.287,0.027,0.102,0,0.944,0.933,0.385,0.343,0.278,0.16
Mexico,1952,0.372,0.325,0.5,0.086,1,0.448,0.287,0.027,0.115,0,0.944,0.933,0.385,0.343,0.278,0.16
Mexico,1953,0.372,0.328,0.5,0.086,1,0.457,0.287,0.027,0.115,0,0.944,0.933,0.385,0.343,0.278,0.16
Mexico,1954,0.372,0.328,1,0.086,1,0.473,0.287,0.027,0.118,0,0.944,0.933,0.385,0.343,0.278,0.16
Mexico,1955,0.372,0.328,1,0.093,1,0.473,0.287,0.027,0.118,0,0.944,0.933,0.385,0.343,0.278,0.16
Mexico,1956,0.372,0.329,1,0.097,1,0.473,0.287,0.027,0.118,0,0.944,0.933,0.385,0.343,0.278,0.16
Mexico,1957,0.372,0.329,1,0.097,1,0.473,0.287,0.027,0.118,0,0.944,0.933,0.385,0.343,0.278,0.16
Mexico,1958,0.372,0.319,1,0.098,1,0.467,0.287,0.027,0.118,0,0.944,0.933,0.385,0.343,0.257,0.16
Mexico,1959,0.372,0.319,1,0.099,1,0.466,0.287,0.027,0.118,0,0.944,0.933,0.312,0.343,0.257,0.171
Mexico,1960,0.374,0.319,1,0.099,1,0.471,0.287,0.027,0.118,0,0.944,0.933,0.312,0.343,0.336,0.171
Mexico,1961,0.374,0.324,1,0.099,1,0.471,0.287,0.027,0.118,0,0.944,0.933,0.312,0.345,0.336,0.213
Mexico,1962,0.374,0.325,1,0.099,1,0.471,0.287,0.027,0.118,0,0.944,0.933,0.312,0.345,0.336,0.213
Mexico,1963,0.374,0.325,1,0.099,1,0.471,0.287,0.027,0.118,0,0.944,0.933,0.312,0.345,0.336,0.213
Mexico,1964,0.361,0.327,1,0.1,1,0.462,0.287,0.027,0.118,0,0.944,0.933,0.312,0.345,0.336,0.213
Mexico,1965,0.361,0.328,1,0.101,1,0.462,0.287,0.027,0.118,0,0.944,0.933,0.312,0.345,0.36,0.213
Mexico,1966,0.361,0.328,1,0.101,1,0.462,0.287,0.027,0.118,0,0.944,0.933,0.312,0.345,0.36,0.213
Mexico,1967,0.378,0.325,1,0.116,1,0.462,0.287,0.027,0.118,0,0.944,0.933,0.312,0.345,0.36,0.213
Mexico,1968,0.391,0.297,1,0.13,1,0.462,0.287,0.027,0.138,0,0.944,0.933,0.312,0.345,0.355,0.213
Mexico,1969,0.422,0.303,1,0.13,1,0.462,0.287,0.027,0.138,0,0.944,0.933,0.312,0.345,0.355,0.213
Mexico,1970,0.474,0.317,1,0.116,1,0.462,0.282,0.027,0.145,0,0.944,0.933,0.318,0.355,0.377,0.213
Mexico,1971,0.474,0.318,1,0.102,1,0.462,0.282,0.027,0.201,0,0.944,0.933,0.318,0.355,0.377,0.213
Mexico,1972,0.492,0.323,1,0.102,1,0.462,0.282,0.027,0.201,0,0.944,0.933,0.318,0.359,0.377,0.213
Mexico,1973,0.486,0.323,1,0.102,1,0.462,0.282,0.027,0.201,0,0.944,0.933,0.318,0.359,0.377,0.234
Mexico,1974,0.486,0.323,1,0.111,1,0.462,0.282,0.027,0.201,0,0.944,0.933,0.318,0.359,0.377,0.234
Mexico,1975,0.486,0.323,1,0.111,1,0.464,0.282,0.027,0.201,0,0.944,0.933,0.318,0.359,0.377,0.234
Mexico,1976,0.486,0.372,1,0.127,1,0.464,0.282,0.027,0.201,0,0.944,0.933,0.344,0.359,0.377,0.234
Mexico,1977,0.51,0.413,1,0.143,1,0.493,0.282,0.039,0.256,0,0.944,0.933,0.427,0.365,0.377,0.286
Mexico,1978,0.527,0.53,1,0.14,1,0.493,0.282,0.039,0.253,0,0.944,0.933,0.427,0.365,0.377,0.286
Mexico,1979,0.527,0.536,1,0.139,1,0.493,0.282,0.039,0.253,0,0.944,0.933,0.427,0.365,0.412,0.286
Mexico,1980,0.527,0.563,1,0.138,1,0.493,0.282,0.039,0.253,0,0.944,0.933,0.427,0.365,0.412,0.284
Mexico,1981,0.527,0.587,1,0.138,1,0.499,0.282,0.039,0.253,0,0.944,0.933,0.427,0.365,0.412,0.284
Mexico,1982,0.527,0.594,1,0.177,1,0.499,0.292,0.056,0.253,0,0.944,0.933,0.402,0.365,0.412,0.284
Mexico,1983,0.527,0.591,1,0.201,1,0.506,0.292,0.085,0.253,0,0.944,0.933,0.43,0.365,0.412,0.284
Mexico,1984,0.527,0.591,1,0.201,1,0.506,0.292,0.085,0.253,0,0.944,0.933,0.43,0.365,0.412,0.284
Mexico,1985,0.527,0.589,1,0.208,1,0.506,0.292,0.085,0.339,0,0.944,0.933,0.43,0.365,0.412,0.284
Mexico,1986,0.527,0.587,1,0.216,1,0.506,0.292,0.085,0.396,0,0.944,0.933,0.43,0.365,0.412,0.284
Mexico,1987,0.538,0.603,1,0.216,1,0.506,0.292,0.093,0.396,0,0.944,0.933,0.458,0.365,0.412,0.284
Mexico,1988,0.547,0.627,1,0.246,1,0.506,0.32,0.13,0.396,0,0.944,0.952,0.458,0.365,0.412,0.252
Mexico,1989,0.577,0.67,1,0.277,1,0.513,0.333,0.169,0.408,0,0.944,0.952,0.556,0.365,0.424,0.252
Mexico,1990,0.587,0.662,1,0.356,1,0.524,0.381,0.169,0.372,0,0.992,0.991,0.586,0.365,0.424,0.277
Mexico,1991,0.612,0.652,1,0.41,1,0.531,0.381,0.169,0.372,0,0.992,0.991,0.586,0.365,0.424,0.277
Mexico,1992,0.612,0.636,1,0.5,1,0.554,0.381,0.169,0.372,0,0.992,0.991,0.586,0.365,0.424,0.277
Mexico,1993,0.634,0.636,1,0.516,1,0.554,0.381,0.169,0.372,0,0.992,0.991,0.586,0.365,0.424,0.277
Mexico,1994,0.677,0.659,1,0.528,1,0.572,0.513,0.284,0.443,0,0.992,0.991,0.582,0.37,0.454,0.277
Mexico,1995,0.687,0.674,1,0.549,1,0.587,0.577,0.284,0.521,0,0.992,0.991,0.632,0.377,0.506,0.29
Mexico,1996,0.687,0.674,1,0.626,1,0.587,0.577,0.284,0.521,0,0.992,0.991,0.632,0.377,0.506,0.29
Mexico,1997,0.687,0.702,1,0.728,1,0.588,0.577,0.512,0.574,0,0.992,0.991,0.632,0.377,0.506,0.29
Mexico,1998,0.687,0.758,1,0.794,1,0.588,0.577,0.542,0.574,0,0.992,0.991,0.632,0.377,0.506,0.29
Mexico,1999,0.687,0.766,1,0.794,1,0.588,0.577,0.542,0.611,0,0.992,0.991,0.632,0.377,0.506,0.296
Mexico,2000,0.775,0.797,1,0.814,1,0.59,0.731,0.76,0.712,0,0.992,0.991,0.676,0.377,0.564,0.311
Mexico,2001,0.775,0.818,1,0.827,1,0.602,0.731,0.734,0.67,0,0.992,0.991,0.788,0.326,0.564,0.316
Mexico,2002,0.797,0.818,1,0.827,1,0.602,0.731,0.734,0.67,0,0.992,0.991,0.788,0.326,0.564,0.316
Mexico,2003,0.797,0.819,1,0.851,1,0.602,0.731,0.721,0.67,0,0.992,0.991,0.788,0.344,0.564,0.316
Mexico,2004,0.797,0.821,1,0.876,1,0.602,0.731,0.721,0.676,0,0.992,0.991,0.788,0.344,0.564,0.316
Mexico,2005,0.797,0.821,1,0.876,1,0.602,0.731,0.721,0.676,0,0.992,0.991,0.804,0.344,0.564,0.316
Mexico,2006,0.793,0.815,1,0.794,1,0.587,0.731,0.721,0.676,0,0.992,0.991,0.799,0.349,0.564,0.316
Mexico,2007,0.797,0.814,1,0.716,1,0.592,0.714,0.721,0.676,0,0.992,0.991,0.828,0.342,0.559,0.316
Mexico,2008,0.791,0.807,1,0.74,1,0.592,0.714,0.721,0.676,0,0.992,0.991,0.828,0.342,0.559,0.316
Mexico,2009,0.787,0.808,1,0.754,1,0.59,0.714,0.721,0.676,0,0.992,0.991,0.828,0.335,0.559,0.316
Mexico,2010,0.789,0.816,1,0.772,1,0.585,0.739,0.72,0.698,0,0.992,0.991,0.823,0.336,0.601,0.316
Mexico,2011,0.785,0.816,1,0.772,1,0.585,0.739,0.72,0.698,0,0.992,0.991,0.823,0.336,0.601,0.32
Mexico,2012,0.796,0.812,1,0.744,1,0.593,0.719,0.72,0.698,0,0.992,0.991,0.835,0.336,0.601,0.32
Mexico,2013,0.77,0.78,1,0.735,1,0.595,0.712,0.619,0.632,0,0.972,0.952,0.793,0.355,0.581,0.318
Mexico,2014,0.771,0.78,1,0.733,1,0.584,0.712,0.619,0.615,0,0.972,0.952,0.79,0.355,0.581,0.314
Mexico,2015,0.795,0.793,1,0.737,1,0.6,0.709,0.587,0.625,0.073,0.972,0.952,0.765,0.36,0.581,0.314
Mexico,2016,0.795,0.796,1,0.734,1,0.6,0.709,0.591,0.617,0.073,0.972,0.952,0.765,0.36,0.581,0.314
Mexico,2017,0.771,0.802,1,0.737,1,0.618,0.709,0.647,0.678,0.073,0.993,0.991,0.756,0.355,0.555,0.353
Mexico,2018,0.842,0.799,1,0.778,1,0.625,0.662,0.58,0.651,0.073,0.993,0.982,0.684,0.358,0.647,0.377
Mexico,2019,0.795,0.832,1,0.807,1,0.601,0.687,0.413,0.556,0.073,0.993,0.982,0.557,0.358,0.749,0.373
Mexico,2020,0.757,0.812,1,0.809,1,0.597,0.606,0.448,0.566,0.073,0.995,0.982,0.555,0.359,0.737,0.327
Mexico,2021,0.76,0.755,1,0.762,1,0.567,0.527,0.473,0.512,0.22,0.995,0.982,0.561,0.345,0.699,0.273
Mexico,2022,0.7,0.763,1,0.726,1,0.573,0.494,0.395,0.497,0.466,0.995,0.982,0.546,0.367,0.672,0.302
Mexico,2023,0.665,0.734,1,0.689,1,0.586,0.469,0.357,0.511,0.466,0.995,0.982,0.537,0.355,0.7,0.278
Mexico,2024,0.671,0.697,1,0.595,1,0.506,0.401,0.272,0.399,0.466,0.995,0.939,0.423,0.348,0.698,0.28
Sweden,1950,0.951,0.924,1,0.952,0.75,0.96,0.973,0.955,0.978,0.015,0.991,0.917,0.946,0.812,0.888,0.828
Sweden,1951,0.951,0.924,1,0.952,0.75,0.96,0.973,0.955,0.978,0.015,0.991,0.917,0.952,0.812,0.888,0.828
Sweden,1952,0.951,0.924,1,0.955,0.75,0.965,0.973,0.955,0.978,0.015,0.991,0.917,0.957,0.812,0.888,0.825
Sweden,1953,0.951,0.922,1,0.962,0.75,0.965,0.973,0.955,0.978,0.015,0.991,0.917,0.957,0.812,0.888,0.825
Sweden,1954,0.951,0.922,1,0.962,0.75,0.965,0.973,0.955,0.978,0.015,0.991,0.917,0.957,0.812,0.888,0.825
Sweden,1955,0.951,0.922,1,0.962,0.75,0.965,0.973,0.955,0.978,0.15,0.991,0.917,0.957,0.812,0.888,0.859
Sweden,1956,0.951,0.922,1,0.962,0.75,0.965,0.973,0.955,0.978,0.15,0.991,0.917,0.957,0.812,0.888,0.859
Sweden,1957,0.951,0.921,1,0.962,0.75,0.965,0.973,0.955,0.978,0.15,0.991,0.917,0.957,0.812,0.888,0.859
Sweden,1958,0.951,0.922,1,0.961,0.75,0.965,0.973,0.955,0.978,0.15,0.991,0.917,0.957,0.812,0.888,0.859
Sweden,1959,0.951,0.923,1,0.96,0.75,0.965,0.973,0.955,0.978,0.15,0.991,0.917,0.957,0.823,0.888,0.859
Sweden,1960,0.96,0.923,1,0.96,0.75,0.971,0.973,0.955,0.978,0.15,0.991,0.917,0.961,0.901,0.916,0.896
Sweden,1961,0.96,0.923,1,0.959,0.75,0.977,0.973,0.955,0.978,0.15,0.991,0.917,0.961,0.901,0.916,0.896
Sweden,1962,0.96,0.923,1,0.959,0.75,0.978,0.973,0.955,0.978,0.141,0.991,0.917,0.961,0.968,0.916,0.896
Sweden,1963,0.96,0.923,1,0.959,0.75,0.978,0.973,0.955,0.978,0.132,0.991,0.917,0.961,0.968,0.916,0.896
Sweden,1964,0.96,0.923,1,0.959,0.75,0.978,0.973,0.955,0.978,0.123,0.991,0.917,0.961,0.974,0.916,0.896
Sweden,1965,0.96,0.925,1,0.961,0.75,0.978,0.973,0.955,0.978,0.114,0.991,0.917,0.961,0.974,0.916,0.896
Sweden,1966,0.958,0.925,1,0.961,0.75,0.978,0.973,0.955,0.978,0.105,0.991,0.917,0.961,0.976,0.916,0.898
Sweden,1967,0.958,0.925,1,0.961,0.75,0.978,0.973,0.955,0.978,0.096,0.991,0.917,0.961,0.976,0.916,0.898
Sweden,1968,0.958,0.924,1,0.961,0.75,0.979,0.973,0.955,0.978,0.087,0.991,0.917,0.974,0.981,0.916,0.898
Sweden,1969,0.958,0.922,1,0.961,0.75,0.979,0.973,0.955,0.978,0.078,0.991,0.917,0.974,0.981,0.916,0.898
Sweden,1970,0.958,0.922,1,0.961,0.75,0.982,0.973,0.955,0.978,0.069,0.991,0.917,0.978,0.98,0.94,0.941
Sweden,1971,0.958,0.921,1,0.96,1,0.982,0.973,0.955,0.978,0.06,0.991,0.917,0.978,0.98,0.94,0.941
Sweden,1972,0.957,0.921,1,0.96,1,0.984,0.973,0.971,0.978,0.051,0.991,0.917,0.982,0.975,0.94,0.947
Sweden,1973,0.957,0.922,1,0.96,1,0.986,0.973,0.971,0.978,0.042,0.991,0.917,0.982,0.975,0.94,0.947
Sweden,1974,0.957,0.936,1,0.959,1,0.986,0.973,0.971,0.978,0.033,0.991,0.917,0.987,0.975,0.955,0.953
Sweden,1975,0.967,0.936,1,0.959,1,0.986,0.973,0.971,0.978,0.024,0.991,0.917,0.987,0.975,0.955,0.957
Sweden,1976,0.969,0.936,1,0.959,1,0.986,0.973,0.971,0.978,0.015,0.991,0.917,0.984,0.975,0.959,0.957
Sweden,1977,0.969,0.935,1,0.959,1,0.986,0.973,0.971,0.978,0.015,0.991,0.917,0.987,0.975,0.968,0.957
Sweden,1978,0.969,0.935,1,0.959,1,0.986,0.973,0.971,0.978,0.015,0.991,0.917,0.987,0.975,0.968,0.957
Sweden,1979,0.969,0.935,1,0.96,1,0.986,0.973,0.971,0.978,0.028,0.991,0.917,0.987,0.975,0.968,0.957
Sweden,1980,0.969,0.934,1,0.961,1,0.988,0.973,0.971,0.978,0.163,0.991,0.917,0.985,0.978,0.968,0.982
Sweden,1981,0.969,0.934,1,0.961,1,0.988,0.973,0.971,0.978,0.163,0.991,0.917,0.986,0.978,0.968,0.982
Sweden,1982,0.969,0.933,1,0.961,1,0.991,0.973,0.971,0.978,0.163,0.991,0.917,0.983,0.978,0.968,0.982
Sweden,1983,0.969,0.932,1,0.959,1,0.991,0.973,0.971,0.978,0.163,0.991,0.917,0.983,0.978,0.968,0.982
Sweden,1984,0.969,0.932,1,0.959,1,0.991,0.973,0.971,0.978,0.163,0.991,0.917,0.983,0.978,0.968,0.982
Sweden,1985,0.971,0.933,1,0.958,1,0.991,0.973,0.971,0.978,0.154,0.991,0.917,0.983,0.978,0.968,0.982
Sweden,1986,0.971,0.934,1,0.957,1,0.991,0.973,0.971,0.978,0.145,0.991,0.917,0.984,0.978,0.968,0.982
Sweden,1987,0.971,0.934,1,0.957,1,0.991,0.973,0.971,0.978,0.136,0.991,0.917,0.984,0.978,0.978,0.982
Sweden,1988,0.971,0.935,1,0.957,1,0.991,0.973,0.971,0.978,0.127,0.991,0.917,0.984,0.978,0.978,0.982
Sweden,1989,0.971,0.936,1,0.959,1,0.991,0.973,0.971,0.978,0.118,0.991,0.917,0.984,0.978,0.978,0.982
Sweden,1990,0.975,0.936,1,0.959,1,0.991,0.973,0.971,0.978,0.109,0.991,0.917,0.983,0.978,0.982,0.982
Sweden,1991,0.975,0.935,1,0.959,1,0.991,0.973,0.971,0.951,0.1,0.991,0.917,0.986,0.978,0.981,0.982
Sweden,1992,0.975,0.934,1,0.958,1,0.991,0.973,0.971,0.937,0.091,0.991,0.917,0.986,0.978,0.981,0.984
Sweden,1993,0.975,0.934,1,0.958,1,0.991,0.973,0.971,0.947,0.082,0.991,0.917,0.986,0.978,0.981,0.984
Sweden,1994,0.975,0.934,1,0.959,1,0.991,0.973,0.971,0.947,0.163,0.991,0.917,0.981,0.978,0.981,0.984
Sweden,1995,0.975,0.934,1,0.959,1,0.991,0.973,0.971,0.947,0.163,0.991,0.917,0.984,0.978,0.973,0.984
Sweden,1996,0.975,0.934,1,0.959,1,0.991,0.973,0.971,0.947,0.163,0.991,0.917,0.981,0.978,0.973,0.983
Sweden,1997,0.975,0.934,1,0.959,1,0.991,0.973,0.971,0.947,0.163,0.991,0.917,0.981,0.978,0.973,0.983
Sweden,1998,0.975,0.934,1,0.96,1,0.991,0.973,0.971,0.947,0.163,0.991,0.917,0.981,0.978,0.96,0.983
Sweden,1999,0.973,0.935,1,0.961,1,0.991,0.973,0.971,0.947,0.154,0.991,0.917,0.981,0.978,0.96,0.974
Sweden,2000,0.973,0.935,1,0.961,1,0.991,0.973,0.971,0.947,0.145,0.991,0.917,0.981,0.978,0.96,0.974
Sweden,2001,0.973,0.935,1,0.961,1,0.991,0.973,0.971,0.947,0.136,0.991,0.917,0.981,0.978,0.96,0.974
Sweden,2002,0.973,0.934,1,0.961,1,0.991,0.973,0.971,0.947,0.127,0.991,0.917,0.981,0.978,0.96,0.974
Sweden,2003,0.973,0.934,1,0.959,1,0.991,0.973,0.971,0.947,0.148,0.991,0.917,0.981,0.978,0.96,0.974
Sweden,2004,0.973,0.934,1,0.959,1,0.991,0.973,0.971,0.947,0.148,0.991,0.917,0.981,0.978,0.96,0.974
Sweden,2005,0.973,0.934,1,0.959,1,0.991,0.973,0.971,0.947,0.148,0.991,0.917,0.975,0.978,0.96,0.974
Sweden,2006,0.973,0.934,1,0.961,1,0.992,0.973,0.969,0.947,0.148,0.991,0.917,0.97,0.978,0.96,0.974
Sweden,2007,0.972,0.935,1,0.966,1,0.992,0.973,0.969,0.947,0.148,0.991,0.917,0.97,0.978,0.96,0.974
Sweden,2008,0.972,0.935,1,0.966,1,0.992,0.973,0.969,0.947,0.133,0.991,0.917,0.97,0.978,0.96,0.965
Sweden,2009,0.972,0.935,1,0.966,1,0.992,0.973,0.969,0.947,0.118,0.991,0.917,0.97,0.978,0.96,0.961
Sweden,2010,0.971,0.935,1,0.967,1,0.991,0.973,0.974,0.947,0.103,0.991,0.917,0.97,0.978,0.968,0.965
Sweden,2011,0.972,0.936,1,0.969,1,0.991,0.973,0.974,0.947,0.088,0.991,0.917,0.97,0.978,0.968,0.965
Sweden,2012,0.974,0.936,1,0.969,1,0.992,0.978,0.974,0.947,0.073,0.991,0.917,0.97,0.978,0.968,0.964
Sweden,2013,0.974,0.936,1,0.968,1,0.991,0.978,0.975,0.95,0.058,0.991,0.898,0.949,0.978,0.921,0.944
Sweden,2014,0.975,0.936,1,0.964,1,0.991,0.978,0.975,0.95,0.043,0.977,0.898,0.939,0.978,0.921,0.944
Sweden,2015,0.974,0.937,1,0.964,1,0.986,0.974,0.975,0.95,0.028,0.977,0.898,0.965,0.959,0.921,0.944
Sweden,2016,0.973,0.937,1,0.964,1,0.986,0.974,0.975,0.95,0.028,0.977,0.898,0.965,0.961,0.921,0.944
Sweden,2017,0.973,0.937,1,0.964,1,0.985,0.974,0.975,0.944,0.028,0.977,0.898,0.966,0.953,0.921,0.904
Sweden,2018,0.968,0.936,1,0.961,1,0.987,0.974,0.982,0.944,0.028,0.994,0.898,0.966,0.963,0.921,0.899
Sweden,2019,0.968,0.935,1,0.948,1,0.987,0.974,0.987,0.949,0.028,0.994,0.898,0.932,0.963,0.921,0.903
Sweden,2020,0.967,0.935,1,0.948,1,0.987,0.974,0.987,0.949,0.028,0.994,0.898,0.938,0.963,0.921,0.903
Sweden,2021,0.969,0.935,1,0.948,1,0.987,0.966,0.987,0.949,0.028,0.994,0.898,0.938,0.963,0.921,0.903
Sweden,2022,0.967,0.925,1,0.948,1,0.988,0.977,0.987,0.954,0.028,0.994,0.898,0.91,0.946,0.921,0.903
Sweden,2023,0.949,0.917,1,0.947,1,0.982,0.977,0.986,0.942,0.028,0.994,0.898,0.908,0.93,0.921,0.912
Sweden,2024,0.949,0.917,1,0.947,1,0.982,0.977,0.986,0.942,0.028,0.994,0.898,0.908,0.93,0.921,0.912
Switzerland,1950,0.937,0.911,0.5,0.92,0.955,0.943,0.987,0.868,0.92,0.674,0.997,0.995,0.98,0.895,0.741,0.928
Switzerland,1951,0.937,0.911,0.5,0.921,0.955,0.943,0.987,0.868,0.92,0.674,0.997,0.995,0.98,0.895,0.741,0.928
Switzerland,1952,0.937,0.911,0.5,0.923,0.955,0.943,0.987,0.868,0.92,0.674,0.997,0.995,0.98,0.895,0.741,0.928
Switzerland,1953,0.937,0.911,0.5,0.923,0.955,0.943,0.987,0.868,0.92,0.674,0.997,0.995,0.98,0.895,0.741,0.928
Switzerland,1954,0.937,0.911,0.5,0.923,0.955,0.943,0.987,0.868,0.92,0.648,0.997,0.995,0.98,0.895,0.741,0.928
Switzerland,1955,0.937,0.911,0.5,0.923,0.955,0.943,0.987,0.868,0.92,0.648,0.997,0.995,0.98,0.895,0.741,0.928
Switzerland,1956,0.937,0.91,0.5,0.922,0.955,0.943,0.987,0.868,0.92,0.648,0.997,0.995,0.98,0.895,0.741,0.928
Switzerland,1957,0.937,0.91,0.5,0.922,0.955,0.943,0.987,0.868,0.92,0.648,0.997,0.995,0.98,0.895,0.741,0.928
Switzerland,1958,0.937,0.91,0.5,0.922,0.955,0.943,0.987,0.868,0.92,0.648,0.997,0.995,0.98,0.895,0.755,0.928
Switzerland,1959,0.937,0.91,0.5,0.922,0.955,0.943,0.987,0.868,0.92,0.648,0.997,0.995,0.98,0.895,0.755,0.928
Switzerland,1960,0.947,0.913,0.5,0.923,0.955,0.944,0.987,0.868,0.944,0.648,0.997,0.995,0.98,0.895,0.755,0.94
Switzerland,1961,0.947,0.913,0.5,0.923,0.955,0.944,0.987,0.868,0.944,0.624,0.997,0.995,0.98,0.895,0.755,0.94
Switzerland,1962,0.947,0.913,0.5,0.923,0.955,0.944,0.987,0.868,0.944,0.648,0.997,0.995,0.98,0.895,0.755,0.94
Switzerland,1963,0.947,0.913,0.5,0.923,0.955,0.944,0.987,0.868,0.944,0.648,0.997,0.995,0.98,0.895,0.755,0.94
Switzerland,1964,0.947,0.913,0.5,0.922,0.955,0.944,0.987,0.884,0.944,0.649,0.997,0.995,0.98,0.895,0.755,0.94
Switzerland,1965,0.947,0.913,0.5,0.922,0.955,0.944,0.987,0.884,0.944,0.649,0.997,0.995,0.98,0.895,0.755,0.94
Switzerland,1966,0.947,0.913,0.5,0.922,0.955,0.944,0.987,0.884,0.944,0.649,0.997,0.995,0.98,0.895,0.755,0.94
Switzerland,1967,0.947,0.912,0.5,0.923,0.965,0.944,0.987,0.884,0.944,0.625,0.997,0.995,0.98,0.895,0.755,0.94
Switzerland,1968,0.947,0.91,0.5,0.924,0.965,0.944,0.987,0.884,0.944,0.649,0.997,0.995,0.98,0.895,0.755,0.94
Switzerland,1969,0.947,0.91,0.5,0.924,0.965,0.944,0.987,0.884,0.944,0.649,0.997,0.995,0.98,0.895,0.755,0.94
Switzerland,1970,0.952,0.91,0.5,0.924,0.965,0.949,0.987,0.884,0.94,0.649,0.997,0.995,0.98,0.895,0.755,0.969
Switzerland,1971,0.952,0.91,0.5,0.925,0.978,0.949,0.987,0.884,0.949,0.652,0.997,0.995,0.98,0.895,0.835,0.969
Switzerland,1972,0.952,0.912,1,0.928,0.978,0.949,0.987,0.884,0.949,0.652,0.997,0.995,0.98,0.895,0.854,0.969
Switzerland,1973,0.952,0.912,1,0.928,0.978,0.949,0.987,0.884,0.949,0.652,0.997,0.995,0.98,0.895,0.854,0.969
Switzerland,1974,0.952,0.912,1,0.928,0.978,0.97,0.987,0.884,0.949,0.628,0.997,0.995,0.98,0.895,0.854,0.969
Switzerland,1975,0.952,0.912,1,0.929,0.988,0.97,0.987,0.884,0.97,0.652,0.997,0.995,0.98,0.895,0.854,0.969
Switzerland,1976,0.952,0.911,1,0.93,0.988,0.97,0.987,0.884,0.97,0.652,0.997,0.995,0.98,0.895,0.854,0.969
Switzerland,1977,0.952,0.911,1,0.93,1,0.97,0.987,0.884,0.97,0.65,0.997,0.995,0.98,0.895,0.854,0.969
Switzerland,1978,0.952,0.911,1,0.93,1,0.97,0.987,0.884,0.97,0.65,0.997,0.995,0.98,0.895,0.854,0.969
Switzerland,1979,0.952,0.911,1,0.929,1,0.97,0.987,0.884,0.97,0.65,0.997,0.995,0.98,0.915,0.854,0.969
Switzerland,1980,0.952,0.922,1,0.926,1,0.972,0.987,0.881,0.97,0.65,0.997,0.995,0.98,0.915,0.854,0.967
Switzerland,1981,0.952,0.922,1,0.926,1,0.972,0.987,0.894,0.97,0.65,0.997,0.995,0.98,0.915,0.854,0.967
Switzerland,1982,0.952,0.922,1,0.926,1,0.972,0.987,0.894,0.97,0.676,0.997,0.995,0.98,0.915,0.854,0.967
Switzerland,1983,0.952,0.922,1,0.926,1,0.972,0.987,0.894,0.97,0.676,0.997,0.995,0.98,0.915,0.854,0.967
Switzerland,1984,0.952,0.922,1,0.926,1,0.972,0.987,0.894,0.97,0.676,0.997,0.995,0.98,0.915,0.854,0.967
Switzerland,1985,0.952,0.922,1,0.926,1,0.972,0.987,0.894,0.97,0.676,0.997,0.995,0.98,0.915,0.854,0.967
Switzerland,1986,0.952,0.922,1,0.926,1,0.972,0.987,0.894,0.97,0.676,0.997,0.995,0.98,0.915,0.854,0.967
Switzerland,1987,0.952,0.922,1,0.926,1,0.972,0.987,0.894,0.97,0.676,0.997,0.995,0.98,0.915,0.854,0.967
Switzerland,1988,0.952,0.921,1,0.927,1,0.972,0.987,0.894,0.97,0.676,0.997,0.995,0.98,0.915,0.854,0.967
Switzerland,1989,0.956,0.921,1,0.927,1,0.972,0.987,0.894,0.97,0.676,0.997,0.995,0.98,0.915,0.854,0.967
Switzerland,1990,0.974,0.921,1,0.927,1,0.974,0.987,0.894,0.97,0.676,0.997,0.995,0.98,0.95,0.876,0.967
Switzerland,1991,0.978,0.921,1,0.926,1,0.978,0.987,0.894,0.97,0.677,0.997,0.995,0.98,0.95,0.876,0.967
Switzerland,1992,0.978,0.922,1,0.921,1,0.978,0.987,0.894,0.97,0.677,0.997,0.995,0.98,0.95,0.876,0.967
Switzerland,1993,0.978,0.922,1,0.921,1,0.978,0.987,0.909,0.97,0.677,0.997,0.995,0.98,0.95,0.876,0.967
Switzerland,1994,0.978,0.922,1,0.921,1,0.978,0.987,0.909,0.97,0.677,0.997,0.995,0.98,0.95,0.876,0.967
Switzerland,1995,0.978,0.922,1,0.923,1,0.978,0.987,0.909,0.97,0.677,0.997,0.995,0.98,0.95,0.876,0.967
Switzerland,1996,0.978,0.924,1,0.929,1,0.978,0.987,0.909,0.97,0.677,0.997,0.995,0.98,0.95,0.876,0.967
Switzerland,1997,0.978,0.924,1,0.929,1,0.978,0.987,0.909,0.97,0.679,0.997,0.995,0.98,0.95,0.876,0.967
Switzerland,1998,0.978,0.924,1,0.929,1,0.978,0.987,0.909,0.97,0.679,0.997,0.995,0.98,0.95,0.896,0.967
Switzerland,1999,0.978,0.924,1,0.929,1,0.979,0.987,0.909,0.97,0.653,0.997,0.995,0.98,0.95,0.896,0.967
Switzerland,2000,0.978,0.925,1,0.925,1,0.981,0.987,0.909,0.97,0.653,0.997,0.995,0.98,0.95,0.9,0.967
Switzerland,2001,0.978,0.925,1,0.925,1,0.981,0.987,0.909,0.97,0.653,0.997,0.995,0.98,0.95,0.9,0.967
Switzerland,2002,0.978,0.925,1,0.925,1,0.983,0.987,0.909,0.97,0.679,0.997,0.995,0.98,0.95,0.9,0.967
Switzerland,2003,0.978,0.924,1,0.926,1,0.983,0.987,0.926,0.97,0.679,0.997,0.995,0.98,0.95,0.9,0.967
Switzerland,2004,0.978,0.923,1,0.929,1,0.983,0.987,0.926,0.97,0.679,0.997,0.995,0.98,0.95,0.9,0.967
Switzerland,2005,0.978,0.923,1,0.929,1,0.983,0.987,0.926,0.97,0.679,0.997,0.995,0.98,0.95,0.9,0.967
Switzerland,2006,0.978,0.923,1,0.929,1,0.983,0.987,0.926,0.97,0.679,0.997,0.995,0.98,0.95,0.9,0.967
Switzerland,2007,0.978,0.924,1,0.93,1,0.983,0.987,0.926,0.97,0.679,0.997,0.995,0.98,0.95,0.9,0.966
Switzerland,2008,0.978,0.925,1,0.938,1,0.983,0.987,0.926,0.97,0.679,0.997,0.995,0.98,0.95,0.9,0.966
Switzerland,2009,0.978,0.925,1,0.938,1,0.982,0.987,0.926,0.97,0.679,0.997,0.995,0.98,0.95,0.9,0.966
Switzerland,2010,0.978,0.925,1,0.938,1,0.981,0.987,0.926,0.97,0.679,0.997,0.995,0.984,0.95,0.9,0.967
Switzerland,2011,0.978,0.925,1,0.941,1,0.981,0.987,0.926,0.97,0.679,0.997,0.995,0.984,0.95,0.9,0.967
Switzerland,2012,0.978,0.924,1,0.955,1,0.981,0.987,0.926,0.97,0.679,0.997,0.995,0.984,0.95,0.9,0.967
Switzerland,2013,0.978,0.924,1,0.955,1,0.981,0.987,0.926,0.97,0.679,0.997,0.995,0.984,0.956,0.9,0.967
Switzerland,2014,0.978,0.924,1,0.955,1,0.981,0.987,0.926,0.97,0.679,0.997,0.995,0.984,0.956,0.9,0.967
Switzerland,2015,0.978,0.929,1,0.947,1,0.983,0.987,0.926,0.967,0.679,0.997,0.995,0.984,0.956,0.9,0.965
Switzerland,2016,0.978,0.93,1,0.942,1,0.983,0.987,0.926,0.967,0.679,0.997,0.995,0.984,0.956,0.895,0.965
Switzerland,2017,0.978,0.93,1,0.949,1,0.983,0.987,0.941,0.967,0.679,0.997,0.995,0.985,0.956,0.895,0.965
Switzerland,2018,0.978,0.93,1,0.949,1,0.985,0.987,0.941,0.967,0.679,0.997,0.995,0.985,0.956,0.895,0.965
Switzerland,2019,0.978,0.93,1,0.948,1,0.985,0.987,0.941,0.967,0.664,0.997,0.995,0.983,0.956,0.895,0.965
Switzerland,2020,0.978,0.929,1,0.943,1,0.981,0.983,0.928,0.967,0.653,0.997,0.995,0.983,0.956,0.918,0.967
Switzerland,2021,0.978,0.92,1,0.943,1,0.983,0.983,0.928,0.967,0.679,0.997,0.995,0.98,0.956,0.918,0.963
Switzerland,2022,0.978,0.92,1,0.943,1,0.983,0.983,0.928,0.967,0.679,0.997,0.995,0.98,0.956,0.918,0.963
Switzerland,2023,0.974,0.92,1,0.933,1,0.983,0.983,0.928,0.967,0.679,0.997,0.995,0.98,0.956,0.907,0.963
Switzerland,2024,0.974,0.92,1,0.944,1,0.983,0.983,0.928,0.967,0.679,0.997,0.995,0.984,0.956,0.92,0.967
Ghana,1950,0.46,0.297,0.2,0,0,0.476,0.743,0.295,0.405,0,0.114,0.029,0.342,0.448,0.394,0.082
Ghana,1951,0.526,0.65,1,0.583,0,0.47,0.749,0.405,0.48,0,0.224,0.029,0.387,0.448,0.455,0.082
Ghana,1952,0.526,0.661,1,0.654,0,0.471,0.749,0.405,0.48,0,0.224,0.029,0.387,0.448,0.455,0.082
Ghana,1953,0.526,0.661,1,0.661,0,0.471,0.749,0.405,0.48,0,0.224,0.029,0.397,0.448,0.455,0.082
Ghana,1954,0.541,0.661,1,0.65,0,0.544,0.749,0.405,0.48,0,0.224,0.029,0.397,0.468,0.455,0.082
Ghana,1955,0.541,0.661,1,0.624,0,0.547,0.749,0.4,0.48,0,0.224,0.029,0.451,0.468,0.455,0.082
Ghana,1956,0.541,0.663,1,0.624,0,0.574,0.749,0.371,0.48,0,0.224,0.029,0.45,0.468,0.455,0.082
Ghana,1957,0.542,0.567,1,0.645,1,0.686,0.743,0.482,0.509,0,0.224,0.029,0.546,0.619,0.643,0.117
Ghana,1958,0.455,0.518,1,0.649,1,0.714,0.743,0.485,0.478,0,0.224,0.029,0.607,0.619,0.643,0.155
Ghana,1959,0.431,0.518,1,0.641,1,0.714,0.743,0.498,0.478,0,0.224,0.029,0.607,0.619,0.643,0.155
Ghana,1960,0.419,0.46,1,0.532,1,0.744,0.743,0.446,0.38,0.2,0.224,0.029,0.569,0.619,0.693,0.186
Ghana,1961,0.383,0.36,1,0.487,1,0.676,0.743,0.493,0.37,0.2,0.224,0.029,0.395,0.649,0.693,0.209
Ghana,1962,0.352,0.318,1,0.487,1,0.627,0.661,0.489,0.37,0.2,0.224,0.029,0.395,0.649,0.687,0.27
Ghana,1963,0.352,0.304,1,0.487,1,0.624,0.661,0.489,0.37,0.2,0.224,0.029,0.395,0.649,0.687,0.27
Ghana,1964,0.352,0.295,1,0.453,1,0.612,0.624,0.489,0.37,0.2,0.224,0.029,0.366,0.649,0.687,0.27
Ghana,1965,0.342,0.173,1,0.446,1,0.608,0.624,0.489,0.352,0.188,0.224,0.029,0.366,0.649,0.687,0.27
Ghana,1966,0.33,0.194,1,0.066,0,0.493,0.516,0.229,0.352,0.176,0.114,0.029,0.271,0.649,0.687,0.359
Ghana,1967,0.403,0.229,1,0,0,0.49,0.484,0.196,0.55,0.164,0.152,0.029,0.359,0.607,0.63,0.283
Ghana,1968,0.405,0.237,1,0,0,0.49,0.484,0.196,0.55,0.152,0.152,0.029,0.348,0.607,0.63,0.283
Ghana,1969,0.56,0.548,1,0.192,0.5,0.648,0.718,0.319,0.596,0.14,0.152,0.029,0.348,0.607,0.589,0.283
Ghana,1970,0.602,0.597,1,0.56,1,0.763,0.746,0.786,0.606,0.128,0.152,0.029,0.521,0.629,0.589,0.278
Ghana,1971,0.602,0.589,1,0.56,1,0.763,0.745,0.786,0.606,0.116,0.152,0.029,0.521,0.629,0.589,0.278
Ghana,1972,0.402,0.234,1,0.018,0,0.51,0.549,0.443,0.566,0.104,0.152,0.029,0.394,0.602,0.665,0.253
Ghana,1973,0.278,0.108,1,0,0,0.478,0.461,0.38,0.5,0.092,0.095,0.029,0.262,0.602,0.675,0.251
Ghana,1974,0.296,0.108,1,0,0,0.478,0.461,0.38,0.5,0.08,0.095,0.029,0.141,0.509,0.699,0.251
Ghana,1975,0.28,0.108,1,0,0,0.478,0.461,0.38,0.5,0.068,0.095,0.029,0.141,0.509,0.699,0.251
Ghana,1976,0.28,0.108,1,0,0,0.478,0.461,0.38,0.5,0.056,0.095,0.029,0.164,0.509,0.699,0.251
Ghana,1977,0.28,0.108,1,0,0,0.478,0.461,0.38,0.5,0.044,0.095,0.029,0.164,0.509,0.699,0.251
Ghana,1978,0.283,0.129,1,0,0,0.478,0.461,0.38,0.5,0.2,0.185,0.029,0.2,0.509,0.699,0.251
Ghana,1979,0.565,0.584,1,0.408,1,0.606,0.741,0.451,0.574,0.2,0.185,0.029,0.42,0.517,0.576,0.263
Ghana,1980,0.705,0.63,1,0.751,1,0.726,0.813,0.65,0.555,0.2,0.298,0.029,0.474,0.532,0.584,0.262
Ghana,1981,0.662,0.379,1,0,0,0.601,0.813,0.503,0.555,0.2,0.298,0.029,0.365,0.532,0.584,0.262
Ghana,1982,0.288,0.085,1,0,0,0.321,0.455,0.389,0.564,0.2,0.103,0.029,0.148,0.596,0.795,0.326
Ghana,1983,0.222,0.08,1,0,0,0.352,0.455,0.389,0.528,0.188,0.103,0.029,0.148,0.596,0.802,0.321
Ghana,1984,0.212,0.08,1,0,0,0.357,0.455,0.389,0.528,0.176,0.103,0.029,0.148,0.596,0.802,0.304
Ghana,1985,0.213,0.08,1,0,0,0.361,0.455,0.389,0.528,0.164,0.103,0.029,0.135,0.596,0.802,0.304
Ghana,1986,0.213,0.08,1,0,0,0.368,0.455,0.389,0.528,0.152,0.103,0.029,0.15,0.596,0.802,0.307
Ghana,1987,0.218,0.08,1,0,0,0.399,0.455,0.389,0.528,0.14,0.103,0.029,0.165,0.596,0.802,0.307
Ghana,1988,0.217,0.08,1,0,0,0.405,0.522,0.389,0.528,0.128,0.367,0.029,0.157,0.596,0.802,0.307
Ghana,1989,0.221,0.08,1,0,0,0.405,0.522,0.389,0.528,0.116,0.315,0.029,0.157,0.584,0.802,0.307
Ghana,1990,0.253,0.084,1,0,0,0.491,0.522,0.389,0.588,0.104,0.315,0.029,0.243,0.584,0.744,0.307
Ghana,1991,0.253,0.093,1,0,0,0.493,0.522,0.389,0.617,0.092,0.315,0.029,0.275,0.584,0.733,0.307
Ghana,1992,0.301,0.522,1,0.066,0,0.524,0.536,0.389,0.699,0.163,0.315,0.029,0.414,0.584,0.691,0.335
Ghana,1993,0.693,0.756,1,0.413,1,0.749,0.74,0.656,0.872,0.163,0.315,0.101,0.731,0.762,0.748,0.429
Ghana,1994,0.753,0.764,1,0.413,1,0.854,0.763,0.731,0.872,0.163,0.315,0.101,0.796,0.762,0.749,0.423
Ghana,1995,0.804,0.764,1,0.413,1,0.854,0.763,0.731,0.872,0.163,0.315,0.101,0.814,0.762,0.749,0.423
Ghana,1996,0.816,0.773,1,0.454,1,0.857,0.828,0.758,0.875,0.163,0.315,0.101,0.823,0.762,0.749,0.423
Ghana,1997,0.827,0.784,1,0.637,1,0.872,0.827,0.862,0.883,0.153,0.315,0.101,0.823,0.762,0.749,0.423
Ghana,1998,0.827,0.784,1,0.637,1,0.872,0.827,0.862,0.883,0.144,0.315,0.101,0.823,0.762,0.749,0.423
Ghana,1999,0.825,0.794,1,0.637,1,0.872,0.827,0.862,0.883,0.135,0.315,0.101,0.823,0.762,0.749,0.423
Ghana,2000,0.895,0.876,1,0.645,1,0.9,0.843,0.898,0.878,0.126,0.315,0.101,0.914,0.762,0.749,0.414
Ghana,2001,0.895,0.878,1,0.755,1,0.906,0.843,0.898,0.878,0.116,0.315,0.101,0.914,0.787,0.738,0.414
Ghana,2002,0.912,0.878,1,0.755,1,0.906,0.843,0.898,0.878,0.107,0.315,0.101,0.914,0.777,0.754,0.551
Ghana,2003,0.912,0.878,1,0.755,1,0.917,0.843,0.898,0.906,0.098,0.315,0.101,0.914,0.777,0.754,0.551
Ghana,2004,0.912,0.878,1,0.769,1,0.917,0.843,0.898,0.906,0.089,0.315,0.101,0.914,0.777,0.754,0.551
Ghana,2005,0.912,0.875,1,0.751,1,0.917,0.843,0.898,0.906,0.079,0.315,0.101,0.914,0.777,0.754,0.551
Ghana,2006,0.912,0.875,1,0.751,1,0.917,0.843,0.898,0.906,0.07,0.315,0.101,0.914,0.777,0.754,0.551
Ghana,2007,0.912,0.883,1,0.751,1,0.917,0.832,0.898,0.906,0.061,0.315,0.101,0.93,0.777,0.754,0.551
Ghana,2008,0.909,0.882,1,0.757,1,0.917,0.832,0.898,0.906,0.052,0.315,0.101,0.93,0.777,0.754,0.551
Ghana,2009,0.913,0.878,1,0.801,1,0.919,0.832,0.898,0.906,0.043,0.315,0.101,0.93,0.782,0.766,0.551
Ghana,2010,0.929,0.878,1,0.801,1,0.922,0.853,0.898,0.906,0.033,0.315,0.101,0.93,0.782,0.772,0.564
Ghana,2011,0.929,0.878,1,0.801,1,0.922,0.853,0.898,0.906,0.024,0.303,0.101,0.93,0.782,0.772,0.564
Ghana,2012,0.931,0.879,1,0.81,1,0.907,0.853,0.867,0.9,0.024,0.303,0.101,0.924,0.782,0.777,0.564
Ghana,2013,0.922,0.9,1,0.759,1,0.913,0.835,0.836,0.86,0.024,0.303,0.101,0.845,0.769,0.769,0.571
Ghana,2014,0.904,0.9,1,0.759,1,0.906,0.833,0.836,0.86,0.024,0.303,0.101,0.845,0.781,0.769,0.571
Ghana,2015,0.906,0.904,1,0.745,1,0.874,0.854,0.873,0.846,0.024,0.303,0.101,0.81,0.796,0.759,0.544
Ghana,2016,0.902,0.904,1,0.732,1,0.899,0.8,0.864,0.868,0.024,0.303,0.101,0.812,0.757,0.762,0.573
Ghana,2017,0.901,0.903,1,0.757,1,0.897,0.844,0.864,0.914,0.024,0.303,0.101,0.828,0.727,0.712,0.566
Ghana,2018,0.896,0.903,1,0.756,1,0.885,0.837,0.864,0.914,0.024,0.303,0.101,0.869,0.76,0.726,0.571
Ghana,2019,0.873,0.885,1,0.756,1,0.884,0.819,0.879,0.822,0.024,0.303,0.101,0.832,0.769,0.726,0.532
Ghana,2020,0.888,0.894,1,0.735,1,0.888,0.82,0.85,0.799,0.024,0.303,0.101,0.832,0.775,0.726,0.55
Ghana,2021,0.864,0.891,1,0.642,1,0.864,0.824,0.873,0.863,0.024,0.292,0.101,0.8,0.775,0.73,0.531
Ghana,2022,0.893,0.874,1,0.626,1,0.866,0.835,0.871,0.825,0.024,0.292,0.101,0.838,0.771,0.73,0.531
Ghana,2023,0.862,0.878,1,0.656,1,0.865,0.829,0.883,0.825,0.024,0.292,0.018,0.852,0.771,0.73,0.538
Ghana,2024,0.863,0.878,1,0.666,1,0.865,0.829,0.883,0.807,0.024,0.292,0.043,0.813,0.771,0.722,0.445
South Africa,1950,0.338,0.337,0.2,0.286,1,0.123,0.376,0.348,0.32,0,0.735,0.826,0.42,0.033,0.091,0.045
South Africa,1951,0.338,0.337,0.2,0.286,1,0.123,0.376,0.348,0.32,0,0.735,0.826,0.42,0.033,0.091,0.045
South Africa,1952,0.338,0.337,0.2,0.286,1,0.123,0.376,0.348,0.32,0,0.735,0.826,0.42,0.033,0.091,0.045
South Africa,1953,0.338,0.33,0.2,0.261,1,0.123,0.376,0.348,0.32,0,0.735,0.826,0.42,0.033,0.091,0.033
South Africa,1954,0.338,0.327,0.2,0.251,1,0.123,0.376,0.348,0.32,0,0.735,0.826,0.42,0.033,0.091,0.033
South Africa,1955,0.338,0.327,0.2,0.251,1,0.123,0.376,0.348,0.32,0,0.735,0.826,0.42,0.033,0.091,0.033
South Africa,1956,0.338,0.327,0.2,0.251,1,0.123,0.376,0.348,0.32,0,0.735,0.826,0.42,0.033,0.091,0.033
South Africa,1957,0.338,0.327,0.2,0.251,1,0.123,0.376,0.348,0.32,0,0.735,0.826,0.42,0.033,0.091,0.033
South Africa,1958,0.338,0.33,0.2,0.257,1,0.123,0.376,0.348,0.32,0,0.735,0.826,0.42,0.033,0.091,0.033
South Africa,1959,0.338,0.331,0.2,0.259,1,0.123,0.376,0.348,0.32,0,0.735,0.826,0.417,0.033,0.091,0.033
South Africa,1960,0.327,0.296,0.2,0.259,1,0.112,0.376,0.348,0.32,0.1,0.735,0.826,0.417,0.033,0.091,0.033
South Africa,1961,0.317,0.297,0.2,0.259,0.699,0.112,0.376,0.348,0.32,0,0.735,0.874,0.417,0.033,0.091,0.033
South Africa,1962,0.313,0.304,0.2,0.258,0.703,0.108,0.376,0.348,0.32,0,0.735,0.874,0.417,0.033,0.091,0.033
South Africa,1963,0.313,0.304,0.2,0.258,0.703,0.108,0.376,0.348,0.32,0,0.735,0.874,0.417,0.033,0.091,0.033
South Africa,1964,0.283,0.304,0.2,0.258,0.703,0.108,0.376,0.348,0.32,0,0.735,0.874,0.417,0.033,0.091,0.033
South Africa,1965,0.283,0.304,0.2,0.258,0.703,0.108,0.376,0.348,0.32,0,0.735,0.874,0.417,0.033,0.091,0.033
South Africa,1966,0.283,0.303,0.2,0.257,0.703,0.108,0.376,0.348,0.32,0,0.735,0.874,0.417,0.033,0.091,0.033
South Africa,1967,0.283,0.302,0.2,0.257,0.703,0.108,0.376,0.348,0.32,0,0.735,0.874,0.417,0.033,0.091,0.033
South Africa,1968,0.283,0.302,0.2,0.257,0.703,0.108,0.376,0.348,0.32,0,0.735,0.874,0.417,0.033,0.091,0.033
South Africa,1969,0.283,0.302,0.2,0.257,0.703,0.108,0.376,0.348,0.32,0,0.735,0.874,0.417,0.033,0.091,0.033
South Africa,1970,0.283,0.298,0.2,0.262,0.703,0.109,0.376,0.348,0.32,0,0.735,0.874,0.417,0.033,0.091,0.033
South Africa,1971,0.283,0.296,0.2,0.264,0.703,0.111,0.376,0.348,0.32,0,0.735,0.874,0.417,0.033,0.091,0.033
South Africa,1972,0.283,0.296,0.2,0.264,0.703,0.11,0.376,0.348,0.32,0,0.735,0.874,0.417,0.033,0.091,0.033
South Africa,1973,0.283,0.296,0.2,0.264,0.703,0.11,0.376,0.348,0.32,0,0.735,0.874,0.417,0.033,0.091,0.033
South Africa,1974,0.275,0.302,0.2,0.264,0.703,0.11,0.376,0.348,0.32,0,0.735,0.874,0.417,0.033,0.091,0.033
South Africa,1975,0.275,0.304,0.2,0.264,0.703,0.11,0.376,0.348,0.32,0,0.735,0.874,0.417,0.033,0.091,0.033
South Africa,1976,0.275,0.304,0.2,0.264,0.703,0.108,0.376,0.348,0.32,0,0.735,0.874,0.417,0.033,0.091,0.033
South Africa,1977,0.252,0.304,0.2,0.264,0.703,0.108,0.376,0.348,0.362,0,0.735,0.874,0.417,0.033,0.091,0.033
South Africa,1978,0.252,0.304,0.2,0.265,0.703,0.108,0.376,0.348,0.362,0,0.735,0.874,0.417,0.033,0.091,0.033
South Africa,1979,0.252,0.304,0.2,0.265,0.703,0.108,0.376,0.348,0.362,0,0.735,0.874,0.417,0.033,0.091,0.033
South Africa,1980,0.249,0.303,0.2,0.265,0.703,0.107,0.376,0.348,0.383,0,0.735,0.874,0.443,0.033,0.091,0.033
South Africa,1981,0.249,0.3,0.2,0.265,0.954,0.107,0.376,0.348,0.383,0,0.735,0.874,0.443,0.033,0.091,0.033
South Africa,1982,0.249,0.299,0.2,0.266,0.954,0.107,0.376,0.348,0.383,0,0.735,0.874,0.443,0.033,0.091,0.033
South Africa,1983,0.249,0.299,0.2,0.266,0.954,0.107,0.376,0.348,0.383,0.1,0.735,0.874,0.443,0.033,0.091,0.033
South Africa,1984,0.249,0.299,0.2,0.266,0.977,0.107,0.376,0.579,0.383,0,0.735,0.874,0.443,0.033,0.091,0.033
South Africa,1985,0.249,0.299,0.2,0.266,0.977,0.111,0.376,0.579,0.383,0,0.735,0.874,0.452,0.033,0.122,0.033
South Africa,1986,0.249,0.299,0.2,0.266,0.977,0.112,0.376,0.579,0.383,0,0.735,0.414,0.453,0.033,0.122,0.033
South Africa,1987,0.249,0.303,0.2,0.255,0.977,0.112,0.376,0.579,0.383,0,0.735,0.414,0.453,0.033,0.122,0.033
South Africa,1988,0.249,0.306,0.2,0.249,0.977,0.117,0.376,0.579,0.383,0,0.735,0.414,0.453,0.033,0.122,0.033
South Africa,1989,0.278,0.309,0.2,0.281,0.977,0.119,0.376,0.579,0.383,0,0.735,0.414,0.484,0.033,0.122,0.033
South Africa,1990,0.402,0.459,0.2,0.288,0.977,0.194,0.386,0.579,0.675,0,0.735,0.414,0.701,0.039,0.122,0.042
South Africa,1991,0.431,0.653,0.2,0.288,0.977,0.207,0.386,0.579,0.675,0,0.735,0.414,0.701,0.039,0.122,0.042
South Africa,1992,0.431,0.653,0.2,0.288,0.977,0.203,0.386,0.579,0.675,0.1,0.735,0.414,0.727,0.039,0.122,0.042
South Africa,1993,0.478,0.66,0.2,0.314,0.977,0.207,0.386,0.667,0.675,0.2,0.735,0.414,0.753,0.039,0.122,0.042
South Africa,1994,0.829,0.896,0.2,0.516,1,0.624,0.672,0.682,0.89,0.2,0.735,0.899,0.888,0.719,0.711,0.365
South Africa,1995,0.861,0.93,1,0.589,1,0.859,0.84,0.682,0.884,0.2,0.735,0.899,0.93,0.767,0.746,0.37
South Africa,1996,0.861,0.93,1,0.604,1,0.867,0.844,0.829,0.887,0.2,0.735,0.899,0.932,0.767,0.746,0.37
South Africa,1997,0.861,0.93,1,0.604,1,0.867,0.844,0.829,0.887,0.188,0.735,0.899,0.932,0.767,0.725,0.37
South Africa,1998,0.861,0.93,1,0.614,1,0.867,0.844,0.829,0.861,0.176,0.735,0.899,0.923,0.767,0.725,0.37
South Africa,1999,0.865,0.933,1,0.691,1,0.867,0.844,0.829,0.861,0.164,0.735,0.899,0.897,0.767,0.725,0.37
South Africa,2000,0.88,0.934,1,0.748,1,0.877,0.844,0.829,0.861,0.152,0.963,0.899,0.892,0.749,0.725,0.397
South Africa,2001,0.88,0.934,1,0.748,1,0.877,0.844,0.829,0.861,0.14,0.963,0.899,0.892,0.749,0.725,0.397
South Africa,2002,0.88,0.934,1,0.748,1,0.877,0.844,0.829,0.861,0.128,0.963,0.899,0.892,0.749,0.725,0.397
South Africa,2003,0.88,0.934,1,0.748,1,0.877,0.844,0.829,0.861,0.116,0.963,0.899,0.892,0.749,0.725,0.397
South Africa,2004,0.87,0.933,1,0.792,1,0.877,0.844,0.829,0.861,0.104,0.963,0.899,0.892,0.749,0.725,0.397
South Africa,2005,0.88,0.932,1,0.806,1,0.877,0.844,0.829,0.861,0.092,0.963,0.899,0.892,0.749,0.754,0.397
South Africa,2006,0.882,0.926,1,0.806,1,0.877,0.844,0.829,0.862,0.08,0.963,0.899,0.892,0.749,0.754,0.391
South Africa,2007,0.882,0.926,1,0.806,1,0.874,0.856,0.829,0.872,0.068,0.963,0.899,0.892,0.749,0.754,0.391
South Africa,2008,0.877,0.926,1,0.806,1,0.874,0.856,0.829,0.872,0.056,0.963,0.899,0.891,0.749,0.754,0.386
South Africa,2009,0.871,0.929,1,0.809,1,0.873,0.856,0.826,0.872,0.044,0.963,0.899,0.879,0.749,0.754,0.386
South Africa,2010,0.88,0.921,1,0.81,1,0.891,0.856,0.841,0.872,0.032,0.963,0.899,0.882,0.749,0.752,0.395
South Africa,2011,0.879,0.921,1,0.81,1,0.887,0.856,0.841,0.872,0.02,0.963,0.899,0.883,0.749,0.752,0.395
South Africa,2012,0.879,0.927,1,0.81,1,0.89,0.856,0.851,0.872,0.02,0.963,0.899,0.878,0.749,0.752,0.393
South Africa,2013,0.885,0.901,1,0.81,1,0.876,0.834,0.853,0.849,0.02,0.963,0.899,0.846,0.757,0.757,0.392
South Africa,2014,0.876,0.902,1,0.803,1,0.878,0.834,0.853,0.849,0.02,0.963,0.899,0.846,0.757,0.768,0.392
South Africa,2015,0.876,0.902,1,0.802,1,0.876,0.834,0.893,0.849,0.02,0.963,0.899,0.846,0.743,0.763,0.392
South Africa,2016,0.872,0.902,1,0.802,1,0.876,0.834,0.899,0.849,0.02,0.963,0.899,0.849,0.743,0.781,0.392
South Africa,2017,0.847,0.908,1,0.802,1,0.837,0.839,0.89,0.849,0.02,0.963,0.899,0.853,0.749,0.763,0.339
South Africa,2018,0.867,0.897,1,0.802,1,0.836,0.853,0.896,0.849,0.02,0.963,0.899,0.868,0.693,0.775,0.352
South Africa,2019,0.861,0.891,1,0.763,1,0.843,0.845,0.906,0.823,0.02,0.957,0.877,0.888,0.743,0.777,0.352
South Africa,2020,0.865,0.893,1,0.771,1,0.842,0.845,0.842,0.765,0.02,0.957,0.877,0.894,0.751,0.749,0.439
South Africa,2021,0.87,0.889,1,0.762,1,0.844,0.845,0.848,0.765,0.02,0.957,0.877,0.916,0.769,0.753,0.555
South Africa,2022,0.849,0.889,1,0.762,1,0.848,0.873,0.85,0.765,0.02,0.957,0.877,0.879,0.769,0.761,0.532
South Africa,2023,0.832,0.889,1,0.762,1,0.857,0.86,0.873,0.78,0.02,0.888,0.877,0.879,0.782,0.72,0.469
South Africa,2024,0.836,0.896,1,0.812,1,0.878,0.914,0.943,0.78,0.02,0.888,0.877,0.91,0.775,0.72,0.469
Japan,1950,0.807,0.821,1,0.893,0,0.877,0.886,0.922,0.646,0.02,0.991,0.988,0.717,0.915,0.743,0.935
Japan,1951,0.807,0.821,1,0.898,0,0.877,0.886,0.922,0.646,0.02,0.991,0.988,0.717,0.915,0.743,0.935
Japan,1952,0.815,0.822,1,0.897,1,0.877,0.886,0.922,0.646,0.02,0.991,0.988,0.717,0.915,0.747,0.935
Japan,1953,0.894,0.851,1,0.896,1,0.955,0.886,0.922,0.646,0.02,0.991,0.988,0.717,0.979,0.793,0.935
Japan,1954,0.894,0.851,1,0.896,1,0.955,0.886,0.922,0.646,0.02,0.991,0.988,0.717,0.979,0.793,0.935
Japan,1955,0.923,0.885,1,0.899,1,0.955,0.886,0.922,0.67,0.02,0.991,0.988,0.772,0.979,0.793,0.939
Japan,1956,0.923,0.898,1,0.899,1,0.955,0.886,0.922,0.67,0.02,0.991,0.988,0.823,0.979,0.793,0.939
Japan,1957,0.923,0.898,1,0.899,1,0.955,0.886,0.922,0.67,0.02,0.991,0.988,0.823,0.979,0.793,0.939
Japan,1958,0.923,0.898,1,0.912,1,0.955,0.886,0.922,0.67,0.02,0.991,0.988,0.823,0.979,0.793,0.939
Japan,1959,0.923,0.898,1,0.919,1,0.955,0.886,0.922,0.67,0.02,0.991,0.988,0.823,0.979,0.793,0.939
Japan,1960,0.923,0.898,1,0.919,1,0.955,0.886,0.922,0.67,0.02,0.991,0.988,0.833,0.979,0.793,0.96
Japan,1961,0.923,0.897,1,0.918,1,0.955,0.886,0.922,0.67,0.02,0.991,0.988,0.855,0.979,0.793,0.976
Japan,1962,0.923,0.897,1,0.918,1,0.955,0.886,0.922,0.67,0.02,0.991,0.988,0.855,0.979,0.793,0.976
Japan,1963,0.923,0.898,1,0.919,1,0.955,0.886,0.922,0.67,0.02,0.991,0.988,0.855,0.979,0.793,0.976
Japan,1964,0.923,0.901,1,0.921,1,0.958,0.886,0.922,0.67,0.02,0.991,0.988,0.855,0.979,0.793,0.976
Japan,1965,0.923,0.901,1,0.921,1,0.959,0.886,0.922,0.67,0.02,0.991,0.988,0.855,0.979,0.793,0.975
Japan,1966,0.923,0.901,1,0.921,1,0.959,0.886,0.922,0.67,0.02,0.991,0.988,0.855,0.979,0.793,0.975
Japan,1967,0.923,0.899,1,0.92,1,0.959,0.886,0.922,0.67,0.02,0.991,0.988,0.855,0.979,0.793,0.975
Japan,1968,0.923,0.899,1,0.92,1,0.959,0.886,0.922,0.67,0.02,0.991,0.988,0.855,0.979,0.793,0.975
Japan,1969,0.923,0.899,1,0.92,1,0.959,0.886,0.922,0.67,0.02,0.991,0.988,0.855,0.979,0.793,0.975
Japan,1970,0.925,0.902,1,0.92,1,0.959,0.886,0.897,0.706,0.02,0.991,0.988,0.855,0.979,0.793,0.975
Japan,1971,0.925,0.903,1,0.92,1,0.959,0.886,0.897,0.706,0.02,0.991,0.988,0.861,0.979,0.793,0.975
Japan,1972,0.925,0.903,1,0.92,1,0.967,0.886,0.897,0.706,0.02,0.991,0.988,0.861,0.979,0.805,0.975
Japan,1973,0.925,0.902,1,0.921,1,0.967,0.886,0.897,0.706,0.02,0.991,0.988,0.861,0.979,0.805,0.974
Japan,1974,0.925,0.902,1,0.921,1,0.967,0.886,0.897,0.706,0.02,0.991,0.988,0.861,0.979,0.805,0.974
Japan,1975,0.925,0.902,1,0.921,1,0.967,0.886,0.897,0.708,0.02,0.991,0.988,0.861,0.979,0.805,0.974
Japan,1976,0.925,0.903,1,0.921,1,0.967,0.886,0.897,0.708,0.02,0.991,0.988,0.861,0.979,0.805,0.974
Japan,1977,0.925,0.904,1,0.921,1,0.967,0.886,0.897,0.708,0.02,0.991,0.988,0.861,0.979,0.805,0.974
Japan,1978,0.925,0.904,1,0.921,1,0.967,0.886,0.897,0.708,0.02,0.991,0.988,0.861,0.979,0.805,0.974
Japan,1979,0.925,0.904,1,0.921,1,0.967,0.886,0.897,0.708,0.02,0.991,0.988,0.861,0.979,0.805,0.974
Japan,1980,0.925,0.903,1,0.922,1,0.967,0.886,0.897,0.708,0.02,0.991,0.988,0.868,0.979,0.805,0.974
Japan,1981,0.925,0.903,1,0.922,1,0.967,0.886,0.897,0.708,0.02,0.991,0.988,0.868,0.979,0.805,0.974
Japan,1982,0.925,0.903,1,0.922,1,0.967,0.886,0.897,0.708,0.02,0.991,0.988,0.868,0.979,0.805,0.974
Japan,1983,0.925,0.903,1,0.922,1,0.967,0.886,0.897,0.708,0.02,0.991,0.988,0.868,0.979,0.805,0.974
Japan,1984,0.925,0.905,1,0.922,1,0.967,0.886,0.897,0.708,0.02,0.991,0.988,0.884,0.979,0.805,0.975
Japan,1985,0.925,0.905,1,0.922,1,0.967,0.886,0.897,0.708,0.02,0.991,0.988,0.884,0.979,0.805,0.975
Japan,1986,0.925,0.904,1,0.922,1,0.967,0.886,0.897,0.74,0.02,0.991,0.988,0.884,0.979,0.817,0.975
Japan,1987,0.925,0.903,1,0.923,1,0.967,0.886,0.897,0.74,0.02,0.991,0.988,0.884,0.979,0.817,0.975
Japan,1988,0.925,0.903,1,0.923,1,0.967,0.886,0.897,0.74,0.02,0.991,0.988,0.884,0.979,0.817,0.975
Japan,1989,0.925,0.903,1,0.923,1,0.967,0.886,0.897,0.74,0.02,0.991,0.988,0.884,0.979,0.817,0.974
Japan,1990,0.924,0.905,1,0.921,1,0.967,0.886,0.897,0.714,0.02,0.991,0.988,0.884,0.979,0.817,0.974
Japan,1991,0.924,0.904,1,0.921,1,0.967,0.886,0.897,0.714,0.02,0.991,0.988,0.884,0.979,0.817,0.974
Japan,1992,0.924,0.904,1,0.921,1,0.967,0.886,0.897,0.714,0.02,0.991,0.988,0.884,0.979,0.817,0.974
Japan,1993,0.924,0.905,1,0.921,1,0.967,0.886,0.897,0.714,0.02,0.991,0.988,0.884,0.979,0.817,0.974
Japan,1994,0.924,0.905,1,0.922,1,0.967,0.886,0.918,0.711,0.02,0.991,0.988,0.892,0.979,0.817,0.974
Japan,1995,0.924,0.905,1,0.922,1,0.967,0.886,0.918,0.762,0.02,0.991,0.988,0.892,0.979,0.823,0.974
Japan,1996,0.924,0.905,1,0.922,1,0.967,0.886,0.918,0.762,0.02,0.991,0.988,0.892,0.979,0.823,0.974
Japan,1997,0.924,0.906,1,0.921,1,0.967,0.886,0.918,0.748,0.02,0.991,0.988,0.892,0.979,0.823,0.974
Japan,1998,0.924,0.906,1,0.921,1,0.967,0.886,0.918,0.748,0.02,0.991,0.988,0.892,0.979,0.823,0.974
Japan,1999,0.924,0.906,1,0.921,1,0.967,0.886,0.918,0.748,0.02,0.991,0.988,0.892,0.979,0.823,0.974
Japan,2000,0.924,0.904,1,0.921,1,0.967,0.886,0.929,0.739,0.02,0.991,0.988,0.892,0.979,0.823,0.974
Japan,2001,0.924,0.902,1,0.92,1,0.967,0.886,0.929,0.739,0.02,0.991,0.988,0.892,0.979,0.839,0.974
Japan,2002,0.924,0.902,1,0.92,1,0.967,0.886,0.929,0.739,0.02,0.991,0.988,0.892,0.979,0.839,0.974
Japan,2003,0.924,0.902,1,0.921,1,0.967,0.886,0.929,0.739,0.02,0.991,0.988,0.9,0.979,0.839,0.974
Japan,2004,0.924,0.905,1,0.923,1,0.967,0.886,0.929,0.739,0.02,0.991,0.988,0.9,0.979,0.839,0.974
Japan,2005,0.924,0.906,1,0.927,1,0.967,0.886,0.929,0.739,0.02,0.991,0.988,0.9,0.979,0.839,0.974
Japan,2006,0.924,0.908,1,0.934,1,0.967,0.886,0.929,0.739,0.02,0.991,0.988,0.892,0.979,0.839,0.974
Japan,2007,0.924,0.908,1,0.934,1,0.967,0.886,0.929,0.739,0.02,0.991,0.988,0.892,0.979,0.839,0.974
Japan,2008,0.924,0.909,1,0.934,1,0.967,0.886,0.929,0.739,0.02,0.991,0.988,0.892,0.979,0.839,0.974
Japan,2009,0.928,0.915,1,0.934,1,0.967,0.886,0.929,0.742,0.02,0.991,0.988,0.892,0.979,0.839,0.974
Japan,2010,0.928,0.915,1,0.933,1,0.967,0.886,0.929,0.742,0.02,0.991,0.988,0.892,0.979,0.839,0.974
Japan,2011,0.928,0.915,1,0.933,1,0.967,0.886,0.929,0.742,0.02,0.991,0.988,0.892,0.979,0.839,0.974
Japan,2012,0.926,0.907,1,0.933,1,0.967,0.886,0.929,0.753,0.02,0.991,0.988,0.898,0.978,0.839,0.974
Japan,2013,0.871,0.909,1,0.931,1,0.965,0.886,0.929,0.727,0.02,0.991,0.988,0.898,0.978,0.839,0.974
Japan,2014,0.871,0.909,1,0.931,1,0.965,0.875,0.929,0.727,0.02,0.991,0.988,0.898,0.978,0.839,0.974
Japan,2015,0.871,0.911,1,0.931,1,0.965,0.875,0.929,0.71,0.02,0.991,0.988,0.905,0.978,0.839,0.974
Japan,2016,0.871,0.911,1,0.931,1,0.965,0.875,0.929,0.71,0.02,0.991,0.988,0.905,0.978,0.842,0.974
Japan,2017,0.871,0.911,1,0.933,1,0.965,0.875,0.929,0.734,0.02,0.991,0.988,0.905,0.973,0.842,0.974
Japan,2018,0.864,0.933,1,0.946,1,0.965,0.875,0.929,0.702,0.02,0.991,0.988,0.879,0.973,0.842,0.974
Japan,2019,0.865,0.93,1,0.946,1,0.965,0.875,0.929,0.697,0.02,0.991,0.988,0.88,0.973,0.841,0.974
Japan,2020,0.866,0.93,1,0.943,1,0.948,0.875,0.887,0.696,0.02,0.991,0.988,0.906,0.973,0.888,0.974
Japan,2021,0.848,0.929,1,0.943,1,0.956,0.875,0.887,0.674,0.02,0.991,0.988,0.906,0.978,0.876,0.974
Japan,2022,0.849,0.927,1,0.938,1,0.962,0.875,0.887,0.675,0.02,0.991,0.988,0.896,0.978,0.887,0.974
Japan,2023,0.855,0.927,1,0.938,1,0.968,0.875,0.887,0.69,0.02,0.991,0.988,0.896,0.978,0.887,0.974
Japan,2024,0.849,0.927,1,0.934,1,0.957,0.888,0.887,0.683,0.02,0.991,0.988,0.908,0.978,0.887,0.974
Russia,1950,0.012,0.025,1,0.27,0,0.006,0.023,0.053,0.068,0.02,0.004,0.051,0.074,0.627,0.802,0.882
Russia,1951,0.012,0.026,1,0.272,0,0.006,0.023,0.053,0.068,0.02,0.004,0.051,0.074,0.627,0.802,0.882
Russia,1952,0.012,0.026,1,0.272,0,0.006,0.023,0.053,0.068,0.02,0.004,0.051,0.074,0.627,0.818,0.882
Russia,1953,0.015,0.026,1,0.272,0,0.007,0.023,0.053,0.068,0.02,0.004,0.051,0.084,0.627,0.818,0.882
Russia,1954,0.023,0.034,1,0.271,0,0.061,0.027,0.053,0.068,0.02,0.004,0.051,0.291,0.664,0.851,0.882
Russia,1955,0.024,0.034,1,0.271,0,0.06,0.027,0.053,0.068,0.02,0.004,0.051,0.291,0.658,0.851,0.882
Russia,1956,0.025,0.034,1,0.271,0,0.073,0.027,0.053,0.068,0.02,0.004,0.051,0.317,0.658,0.851,0.882
Russia,1957,0.029,0.034,1,0.271,0,0.082,0.027,0.053,0.068,0.02,0.004,0.051,0.327,0.658,0.851,0.952
Russia,1958,0.029,0.034,1,0.278,0,0.085,0.027,0.053,0.068,0.02,0.004,0.051,0.327,0.675,0.851,0.952
Russia,1959,0.029,0.034,1,0.28,0,0.084,0.027,0.053,0.068,0.02,0.004,0.051,0.327,0.67,0.851,0.952
Russia,1960,0.028,0.034,1,0.28,0,0.088,0.027,0.053,0.068,0.02,0.004,0.051,0.327,0.676,0.851,0.955
Russia,1961,0.028,0.034,1,0.28,0,0.089,0.027,0.053,0.068,0.02,0.004,0.051,0.327,0.669,0.851,0.958
Russia,1962,0.029,0.035,1,0.196,0,0.09,0.027,0.053,0.068,0.02,0.004,0.051,0.327,0.676,0.851,0.958
Russia,1963,0.029,0.034,1,0.174,0,0.092,0.027,0.053,0.068,0.02,0.565,0.051,0.327,0.68,0.851,0.958
Russia,1964,0.029,0.034,1,0.174,0,0.092,0.027,0.053,0.068,0.02,0.565,0.051,0.326,0.68,0.851,0.958
Russia,1965,0.027,0.034,1,0.174,0,0.092,0.027,0.053,0.068,0.02,0.565,0.051,0.296,0.68,0.855,0.957
Russia,1966,0.027,0.034,1,0.17,0,0.092,0.027,0.053,0.068,0.02,0.565,0.051,0.296,0.668,0.837,0.958
Russia,1967,0.027,0.034,1,0.166,0,0.097,0.027,0.053,0.068,0.02,0.565,0.051,0.296,0.671,0.837,0.96
Russia,1968,0.027,0.034,1,0.166,0,0.093,0.027,0.053,0.068,0.02,0.565,0.051,0.252,0.681,0.837,0.96
Russia,1969,0.025,0.034,1,0.166,0,0.092,0.027,0.053,0.068,0.02,0.565,0.051,0.252,0.669,0.837,0.96
Russia,1970,0.025,0.036,1,0.237,0,0.094,0.027,0.053,0.051,0.02,0.565,0.051,0.252,0.669,0.837,0.96
Russia,1971,0.027,0.034,1,0.295,0,0.098,0.027,0.053,0.051,0.02,0.565,0.051,0.252,0.672,0.837,0.96
Russia,1972,0.025,0.034,1,0.295,0,0.095,0.027,0.053,0.051,0.02,0.565,0.051,0.252,0.662,0.837,0.96
Russia,1973,0.025,0.034,1,0.295,0,0.095,0.027,0.053,0.051,0.02,0.565,0.051,0.252,0.673,0.837,0.96
Russia,1974,0.025,0.035,1,0.293,0,0.093,0.027,0.053,0.051,0.02,0.565,0.051,0.252,0.673,0.837,0.96
Russia,1975,0.027,0.035,1,0.292,0,0.093,0.027,0.053,0.051,0.02,0.565,0.051,0.252,0.665,0.837,0.96
Russia,1976,0.026,0.035,1,0.292,0,0.094,0.027,0.053,0.051,0.02,0.565,0.051,0.252,0.669,0.837,0.96
Russia,1977,0.025,0.035,1,0.292,0,0.096,0.027,0.053,0.051,0.033,0.565,0.051,0.252,0.669,0.837,0.96
Russia,1978,0.025,0.035,1,0.292,0,0.096,0.027,0.053,0.051,0.033,0.565,0.051,0.252,0.669,0.837,0.96
Russia,1979,0.025,0.035,1,0.299,0,0.094,0.027,0.053,0.051,0.033,0.565,0.051,0.252,0.671,0.837,0.96
Russia,1980,0.025,0.035,1,0.3,0,0.099,0.027,0.081,0.051,0.033,0.565,0.051,0.252,0.671,0.837,0.96
Russia,1981,0.025,0.035,1,0.3,0,0.1,0.027,0.081,0.051,0.033,0.565,0.051,0.252,0.671,0.837,0.96
Russia,1982,0.025,0.035,1,0.3,0,0.098,0.027,0.081,0.051,0.033,0.565,0.051,0.252,0.671,0.837,0.96
Russia,1983,0.025,0.035,1,0.3,0,0.09,0.027,0.081,0.051,0.033,0.565,0.051,0.252,0.671,0.837,0.96
Russia,1984,0.025,0.034,1,0.283,0,0.09,0.027,0.081,0.051,0.033,0.565,0.051,0.252,0.671,0.837,0.96
Russia,1985,0.038,0.044,1,0.28,0,0.106,0.027,0.081,0.051,0.033,0.565,0.051,0.371,0.671,0.837,0.96
Russia,1986,0.087,0.061,1,0.28,0,0.154,0.027,0.114,0.097,0.033,0.565,0.051,0.56,0.671,0.837,0.953
Russia,1987,0.284,0.07,1,0.28,0,0.162,0.044,0.091,0.152,0.033,0.565,0.051,0.626,0.662,0.774,0.953
Russia,1988,0.294,0.07,1,0.278,0,0.167,0.044,0.088,0.184,0.033,0.565,0.051,0.63,0.626,0.774,0.951
Russia,1989,0.363,0.113,1,0.413,0,0.17,0.05,0.247,0.193,0.033,0.565,0.051,0.698,0.612,0.774,0.943
Russia,1990,0.566,0.26,1,0.555,0,0.215,0.052,0.408,0.259,0.033,0.633,0.009,0.73,0.625,0.751,0.905
Russia,1991,0.593,0.354,1,0.575,1,0.287,0.204,0.46,0.346,0.188,0.683,0.015,0.74,0.626,0.721,0.852
Russia,1992,0.814,0.554,1,0.587,1,0.614,0.376,0.551,0.597,0.188,0.858,0.366,0.775,0.529,0.653,0.667
Russia,1993,0.814,0.555,1,0.552,0.5,0.614,0.376,0.663,0.597,0.212,0.858,0.366,0.729,0.547,0.653,0.669
Russia,1994,0.814,0.575,1,0.513,1,0.642,0.347,0.616,0.597,0.212,0.858,0.57,0.743,0.557,0.653,0.645
Russia,1995,0.801,0.575,1,0.513,1,0.643,0.347,0.629,0.597,0.206,0.858,0.57,0.743,0.557,0.587,0.645
Russia,1996,0.798,0.575,1,0.488,1,0.652,0.347,0.629,0.597,0.206,0.858,0.57,0.743,0.555,0.568,0.693
Russia,1997,0.804,0.575,1,0.469,1,0.646,0.331,0.629,0.597,0.206,0.858,0.57,0.702,0.555,0.586,0.693
Russia,1998,0.804,0.575,1,0.469,1,0.646,0.318,0.629,0.597,0.195,0.858,0.57,0.702,0.567,0.586,0.693
Russia,1999,0.804,0.589,1,0.47,1,0.634,0.318,0.629,0.578,0.185,0.858,0.57,0.702,0.556,0.586,0.693
Russia,2000,0.601,0.53,1,0.505,1,0.596,0.222,0.463,0.537,0.174,0.84,0.515,0.64,0.516,0.598,0.686
Russia,2001,0.534,0.479,1,0.51,1,0.595,0.159,0.463,0.483,0.164,0.82,0.515,0.64,0.517,0.529,0.686
Russia,2002,0.516,0.423,1,0.491,1,0.583,0.159,0.345,0.447,0.153,0.82,0.515,0.636,0.527,0.529,0.728
Russia,2003,0.477,0.412,1,0.486,1,0.53,0.159,0.345,0.447,0.143,0.82,0.515,0.636,0.516,0.529,0.728
Russia,2004,0.458,0.391,1,0.432,1,0.546,0.159,0.266,0.447,0.132,0.844,0.515,0.575,0.56,0.49,0.73
Russia,2005,0.452,0.396,1,0.434,1,0.543,0.159,0.242,0.392,0.122,0.844,0.387,0.482,0.551,0.49,0.737
Russia,2006,0.45,0.393,1,0.434,1,0.537,0.159,0.242,0.392,0.111,0.82,0.387,0.496,0.545,0.49,0.73
Russia,2007,0.446,0.376,1,0.429,1,0.531,0.159,0.23,0.409,0.101,0.82,0.387,0.485,0.553,0.475,0.73
Russia,2008,0.427,0.381,1,0.383,1,0.541,0.158,0.197,0.427,0.114,0.82,0.387,0.534,0.541,0.474,0.733
Russia,2009,0.443,0.383,1,0.395,1,0.544,0.158,0.197,0.427,0.103,0.82,0.387,0.549,0.549,0.453,0.724
Russia,2010,0.437,0.373,1,0.395,1,0.555,0.125,0.181,0.407,0.093,0.802,0.387,0.537,0.545,0.446,0.72
Russia,2011,0.424,0.353,1,0.383,1,0.556,0.126,0.179,0.41,0.082,0.802,0.414,0.539,0.551,0.446,0.72
Russia,2012,0.373,0.343,1,0.341,1,0.519,0.104,0.17,0.405,0.072,0.802,0.528,0.441,0.56,0.446,0.72
Russia,2013,0.357,0.335,1,0.349,1,0.512,0.072,0.169,0.344,0.072,0.802,0.593,0.388,0.543,0.418,0.72
Russia,2014,0.318,0.326,1,0.343,1,0.488,0.072,0.157,0.328,0.072,0.807,0.593,0.309,0.508,0.413,0.728
Russia,2015,0.313,0.326,1,0.348,1,0.483,0.078,0.154,0.328,0.072,0.736,0.593,0.342,0.508,0.413,0.728
Russia,2016,0.303,0.331,1,0.343,1,0.481,0.073,0.154,0.328,0.072,0.736,0.593,0.316,0.502,0.422,0.733
Russia,2017,0.306,0.328,1,0.336,1,0.467,0.062,0.168,0.328,0.072,0.736,0.593,0.328,0.528,0.422,0.733
Russia,2018,0.309,0.326,1,0.352,1,0.474,0.059,0.162,0.325,0.072,0.736,0.704,0.369,0.477,0.422,0.733
Russia,2019,0.302,0.314,1,0.348,1,0.471,0.059,0.145,0.327,0.072,0.736,0.704,0.313,0.491,0.398,0.708
Russia,2020,0.287,0.311,1,0.336,1,0.431,0.059,0.129,0.357,0.229,0.844,0.704,0.297,0.472,0.393,0.717
Russia,2021,0.267,0.284,1,0.304,1,0.427,0.059,0.13,0.295,0.229,0.576,0.704,0.283,0.437,0.441,0.655
Russia,2022,0.148,0.213,1,0.25,1,0.319,0.072,0.078,0.196,0.229,0.675,0.671,0.166,0.371,0.37,0.6
Russia,2023,0.091,0.162,1,0.234,1,0.306,0.057,0.066,0.127,0.229,0.675,0.671,0.206,0.349,0.216,0.605
Russia,2024,0.079,0.133,1,0.144,1,0.291,0.042,0.066,0.142,0.229,0.675,0.671,0.109,0.311,0.237,0.519
Albania,1950,0.014,0.023,1,0.319,1,0.008,0.338,0.076,0.029,0,0.289,0.003,0.124,0.807,0.684,0.685
Albania,1951,0.014,0.023,1,0.338,1,0.008,0.338,0.076,0.029,0,0.289,0.003,0.124,0.807,0.684,0.685
Albania,1952,0.014,0.023,1,0.338,1,0.008,0.338,0.076,0.029,0,0.289,0.003,0.124,0.807,0.684,0.685
Albania,1953,0.014,0.023,1,0.338,1,0.008,0.338,0.076,0.029,0,0.289,0.003,0.124,0.807,0.684,0.685
Albania,1954,0.014,0.022,1,0.341,1,0.008,0.338,0.076,0.029,0,0.289,0.003,0.124,0.807,0.684,0.685
Albania,1955,0.014,0.022,1,0.343,1,0.008,0.338,0.076,0.029,0,0.289,0.003,0.124,0.807,0.684,0.747
Albania,1956,0.014,0.022,1,0.343,1,0.008,0.338,0.076,0.029,0,0.289,0.003,0.124,0.807,0.684,0.747
Albania,1957,0.014,0.022,1,0.343,1,0.008,0.338,0.076,0.029,0,0.289,0.003,0.124,0.807,0.684,0.747
Albania,1958,0.014,0.022,1,0.341,1,0.008,0.338,0.076,0.029,0,0.289,0.003,0.124,0.807,0.684,0.747
Albania,1959,0.014,0.022,1,0.34,1,0.008,0.338,0.076,0.029,0,0.289,0.003,0.124,0.807,0.684,0.747
Albania,1960,0.014,0.026,1,0.34,1,0.008,0.338,0.076,0.029,0,0.289,0.003,0.124,0.807,0.684,0.785
Albania,1961,0.014,0.026,1,0.34,1,0.008,0.338,0.076,0.029,0,0.289,0.003,0.118,0.807,0.684,0.785
Albania,1962,0.014,0.025,1,0.344,1,0.008,0.338,0.076,0.029,0,0.289,0.003,0.118,0.807,0.684,0.785
Albania,1963,0.014,0.025,1,0.346,1,0.008,0.338,0.076,0.029,0,0.289,0.003,0.118,0.807,0.684,0.785
Albania,1964,0.014,0.025,1,0.346,1,0.008,0.338,0.076,0.029,0,0.289,0.003,0.118,0.807,0.684,0.785
Albania,1965,0.014,0.025,1,0.346,1,0.008,0.338,0.076,0.029,0,0.289,0.003,0.118,0.807,0.684,0.785
Albania,1966,0.014,0.025,1,0.343,1,0.007,0.338,0.076,0.037,0,0.289,0.003,0.118,0.807,0.683,0.785
Albania,1967,0.014,0.025,1,0.34,1,0.006,0.338,0.076,0.037,0,0.289,0.003,0.118,0.807,0.683,0.785
Albania,1968,0.014,0.025,1,0.34,1,0.006,0.338,0.076,0.037,0,0.289,0.003,0.118,0.807,0.683,0.785
Albania,1969,0.014,0.025,1,0.34,1,0.006,0.338,0.076,0.037,0,0.289,0.003,0.13,0.807,0.683,0.785
Albania,1970,0.014,0.025,1,0.34,1,0.006,0.338,0.076,0.037,0,0.289,0.003,0.129,0.807,0.683,0.796
Albania,1971,0.014,0.024,1,0.34,1,0.006,0.338,0.076,0.037,0,0.289,0.003,0.129,0.807,0.683,0.796
Albania,1972,0.014,0.024,1,0.34,1,0.006,0.338,0.076,0.037,0,0.289,0.003,0.129,0.807,0.683,0.796
Albania,1973,0.014,0.025,1,0.34,1,0.006,0.338,0.076,0.037,0,0.289,0.003,0.129,0.807,0.683,0.796
Albania,1974,0.014,0.025,1,0.338,1,0.006,0.338,0.076,0.037,0,0.289,0.003,0.129,0.807,0.683,0.796
Albania,1975,0.014,0.025,1,0.334,1,0.006,0.338,0.076,0.037,0,0.289,0.003,0.129,0.807,0.683,0.796
Albania,1976,0.014,0.025,1,0.334,1,0.006,0.347,0.076,0.037,0,0.289,0.003,0.129,0.807,0.715,0.796
Albania,1977,0.014,0.025,1,0.334,1,0.006,0.347,0.076,0.037,0,0.289,0.003,0.129,0.807,0.715,0.796
Albania,1978,0.014,0.025,1,0.335,1,0.006,0.347,0.076,0.037,0,0.289,0.003,0.129,0.807,0.715,0.796
Albania,1979,0.014,0.025,1,0.343,1,0.006,0.347,0.076,0.037,0,0.289,0.003,0.129,0.807,0.715,0.796
Albania,1980,0.014,0.025,1,0.343,1,0.006,0.347,0.076,0.037,0,0.289,0.003,0.129,0.807,0.715,0.796
Albania,1981,0.014,0.025,1,0.343,1,0.006,0.347,0.076,0.037,0,0.289,0.02,0.108,0.807,0.715,0.796
Albania,1982,0.014,0.025,1,0.343,1,0.006,0.347,0.076,0.037,0,0.289,0.003,0.122,0.807,0.715,0.796
Albania,1983,0.014,0.024,1,0.339,1,0.006,0.347,0.076,0.037,0,0.289,0.003,0.122,0.807,0.715,0.796
Albania,1984,0.014,0.024,1,0.339,1,0.006,0.347,0.076,0.037,0,0.289,0.003,0.122,0.807,0.715,0.796
Albania,1985,0.014,0.024,1,0.339,1,0.007,0.347,0.076,0.037,0,0.289,0.003,0.122,0.807,0.715,0.796
Albania,1986,0.014,0.024,1,0.339,1,0.008,0.357,0.076,0.037,0,0.289,0.003,0.122,0.807,0.715,0.796
Albania,1987,0.014,0.025,1,0.347,1,0.008,0.357,0.076,0.037,0,0.289,0.003,0.122,0.807,0.715,0.796
Albania,1988,0.014,0.025,1,0.347,1,0.008,0.357,0.076,0.065,0,0.289,0.003,0.122,0.807,0.715,0.796
Albania,1989,0.014,0.025,1,0.347,1,0.008,0.357,0.076,0.065,0,0.289,0.003,0.122,0.807,0.715,0.796
Albania,1990,0.046,0.09,1,0.347,1,0.042,0.367,0.142,0.148,0,0.289,0.003,0.258,0.801,0.659,0.778
Albania,1991,0.74,0.451,1,0.331,1,0.609,0.575,0.621,0.311,0.013,0.467,0.085,0.606,0.604,0.768,0.661
Albania,1992,0.77,0.597,1,0.367,1,0.68,0.645,0.884,0.352,0.013,0.933,0.182,0.707,0.604,0.768,0.631
Albania,1993,0.744,0.619,1,0.363,1,0.712,0.645,0.736,0.389,0.013,0.933,0.386,0.717,0.604,0.768,0.631
Albania,1994,0.753,0.612,1,0.363,1,0.712,0.645,0.891,0.389,0.113,0.933,0.386,0.657,0.604,0.762,0.647
Albania,1995,0.766,0.631,1,0.363,1,0.725,0.645,0.891,0.389,0.013,0.933,0.386,0.629,0.604,0.762,0.647
Albania,1996,0.76,0.612,1,0.261,1,0.725,0.645,0.891,0.389,0.013,0.933,0.386,0.6,0.604,0.714,0.647
Albania,1997,0.76,0.634,1,0.209,1,0.698,0.645,0.891,0.389,0.113,0.933,0.386,0.616,0.604,0.74,0.661
Albania,1998,0.774,0.699,1,0.214,1,0.714,0.64,0.885,0.517,0.18,0.933,0.386,0.686,0.604,0.681,0.661
Albania,1999,0.8,0.699,1,0.214,1,0.742,0.64,0.888,0.59,0.18,0.933,0.386,0.687,0.604,0.688,0.661
Albania,2000,0.811,0.697,1,0.246,1,0.822,0.627,0.893,0.608,0.18,0.933,0.386,0.689,0.619,0.688,0.707
Albania,2001,0.808,0.741,1,0.303,1,0.848,0.627,0.893,0.608,0.18,0.933,0.386,0.737,0.619,0.719,0.696
Albania,2002,0.804,0.799,1,0.367,1,0.862,0.631,0.893,0.608,0.172,0.913,0.386,0.724,0.619,0.723,0.693
Albania,2003,0.804,0.824,1,0.367,1,0.862,0.62,0.893,0.623,0.164,0.913,0.386,0.729,0.619,0.723,0.693
Albania,2004,0.804,0.8,1,0.375,1,0.874,0.657,0.893,0.706,0.156,0.913,0.386,0.72,0.619,0.723,0.693
Albania,2005,0.809,0.812,1,0.433,1,0.874,0.657,0.893,0.731,0.148,0.913,0.386,0.774,0.619,0.684,0.693
Albania,2006,0.805,0.843,1,0.491,1,0.874,0.657,0.893,0.731,0.14,0.913,0.386,0.746,0.619,0.684,0.713
Albania,2007,0.813,0.843,1,0.488,1,0.874,0.657,0.893,0.731,0.132,0.913,0.386,0.719,0.619,0.684,0.713
Albania,2008,0.813,0.843,1,0.488,1,0.874,0.654,0.893,0.694,0.124,0.913,0.386,0.719,0.619,0.684,0.713
Albania,2009,0.813,0.842,1,0.477,1,0.887,0.665,0.893,0.694,0.116,0.913,0.386,0.712,0.619,0.684,0.7
Albania,2010,0.82,0.842,1,0.474,1,0.882,0.651,0.888,0.694,0.108,0.913,0.386,0.697,0.619,0.684,0.747
Albania,2011,0.82,0.842,1,0.474,1,0.891,0.651,0.888,0.694,0.1,0.913,0.386,0.714,0.619,0.684,0.747
Albania,2012,0.82,0.838,1,0.474,1,0.891,0.653,0.888,0.694,0.092,0.913,0.386,0.714,0.619,0.684,0.747
Albania,2013,0.764,0.817,1,0.473,1,0.916,0.726,0.824,0.613,0.084,0.915,0.431,0.452,0.661,0.682,0.736
Albania,2014,0.764,0.815,1,0.483,1,0.916,0.742,0.824,0.613,0.076,0.936,0.431,0.465,0.661,0.682,0.762
Albania,2015,0.761,0.815,1,0.483,1,0.916,0.742,0.824,0.613,0.068,0.936,0.431,0.491,0.661,0.682,0.73
Albania,2016,0.758,0.815,1,0.483,1,0.916,0.742,0.824,0.614,0.06,0.936,0.431,0.479,0.661,0.682,0.735
Albania,2017,0.776,0.816,1,0.498,1,0.9,0.695,0.824,0.635,0.06,0.918,0.431,0.426,0.645,0.669,0.715
Albania,2018,0.725,0.828,1,0.503,1,0.907,0.685,0.824,0.612,0.06,0.918,0.431,0.422,0.676,0.615,0.751
Albania,2019,0.704,0.825,1,0.5,1,0.925,0.69,0.834,0.63,0.06,0.914,0.431,0.409,0.677,0.591,0.791
Albania,2020,0.723,0.842,1,0.496,1,0.912,0.724,0.834,0.681,0.06,0.914,0.431,0.431,0.677,0.702,0.78
Albania,2021,0.726,0.835,1,0.496,1,0.915,0.74,0.805,0.682,0.06,0.914,0.431,0.577,0.668,0.748,0.777
Albania,2022,0.713,0.832,1,0.5,1,0.912,0.713,0.815,0.675,0.06,0.914,0.431,0.485,0.663,0.727,0.766
Albania,2023,0.693,0.809,1,0.5,1,0.908,0.636,0.715,0.692,0.06,0.914,0.431,0.443,0.675,0.703,0.766
Albania,2024,0.698,0.82,1,0.487,1,0.9,0.653,0.682,0.643,0.06,0.914,0.431,0.418,0.668,0.657,0.735
Yemen,1950,0.113,0.03,0,0,0,0.039,0.163,0.1,0.121,0,0,0,0.023,0.054,0.042,0.027
Yemen,1951,0.113,0.03,0,0,0,0.039,0.163,0.1,0.121,0,0,0,0.023,0.054,0.042,0.027
Yemen,1952,0.113,0.03,0,0,0,0.039,0.163,0.1,0.121,0,0,0,0.023,0.054,0.178,0.082
Yemen,1953,0.113,0.03,0,0,0,0.044,0.22,0.1,0.121,0,0,0,0.023,0.054,0.212,0.082
Yemen,1954,0.113,0.03,0,0,0,0.044,0.285,0.1,0.121,0,0,0,0.023,0.054,0.212,0.082
Yemen,1955,0.113,0.03,0,0,0,0.044,0.285,0.1,0.121,0,0,0,0.023,0.054,0.212,0.082
Yemen,1956,0.113,0.03,0,0,0,0.044,0.285,0.1,0.121,0,0,0,0.023,0.054,0.212,0.082
Yemen,1957,0.113,0.03,0,0,0,0.044,0.285,0.1,0.121,0,0,0,0.023,0.054,0.212,0.082
Yemen,1958,0.115,0.03,0,0,0,0.044,0.285,0.1,0.121,0,0,0,0.023,0.054,0.212,0.082
Yemen,1959,0.115,0.03,0,0,0,0.044,0.285,0.1,0.121,0,0,0,0.023,0.054,0.212,0.082
Yemen,1960,0.115,0.03,0,0,0,0.046,0.311,0.1,0.121,0,0,0,0.023,0.054,0.212,0.082
Yemen,1961,0.115,0.03,0,0,0,0.046,0.311,0.1,0.121,0,0,0,0.023,0.054,0.212,0.082
Yemen,1962,0.103,0.03,0,0,0,0.045,0.311,0.1,0.121,0,0,0,0.023,0.054,0.274,0.082
Yemen,1963,0.146,0.042,0,0,0,0.118,0.365,0.145,0.161,0,0,0,0.16,0.141,0.328,0.115
Yemen,1964,0.15,0.042,0,0,0,0.145,0.365,0.145,0.161,0,0,0,0.204,0.152,0.328,0.115
Yemen,1965,0.134,0.042,0,0,0,0.145,0.365,0.145,0.171,0,0,0,0.204,0.152,0.328,0.122
Yemen,1966,0.134,0.042,0,0,0,0.145,0.365,0.145,0.171,0,0,0,0.204,0.152,0.328,0.122
Yemen,1967,0.134,0.039,0,0,0,0.145,0.276,0.275,0.171,0,0,0,0.204,0.152,0.328,0.122
Yemen,1968,0.149,0.039,0,0,0,0.145,0.276,0.275,0.171,0,0,0,0.204,0.161,0.328,0.122
Yemen,1969,0.163,0.046,0,0,0,0.145,0.276,0.275,0.176,0,0,0,0.204,0.161,0.328,0.122
Yemen,1970,0.168,0.046,0,0,0,0.145,0.276,0.275,0.176,0,0,0,0.204,0.161,0.328,0.122
Yemen,1971,0.168,0.048,1,0.174,0,0.149,0.276,0.274,0.176,0,0,0,0.204,0.161,0.328,0.122
Yemen,1972,0.168,0.049,1,0.207,0,0.149,0.276,0.136,0.176,0,0,0,0.204,0.161,0.328,0.122
Yemen,1973,0.168,0.049,1,0.207,0,0.154,0.276,0.136,0.169,0,0,0,0.204,0.161,0.328,0.122
Yemen,1974,0.18,0.048,1,0.207,0,0.158,0.338,0.136,0.169,0,0,0,0.267,0.184,0.328,0.136
Yemen,1975,0.197,0.048,1,0,0,0.191,0.347,0.565,0.081,0,0,0,0.295,0.172,0.328,0.137
Yemen,1976,0.197,0.048,1,0,0,0.191,0.346,0.565,0.081,0,0,0,0.367,0.172,0.328,0.147
Yemen,1977,0.183,0.048,1,0,0,0.201,0.338,0.565,0.081,0,0,0,0.367,0.172,0.328,0.147
Yemen,1978,0.168,0.048,1,0,0,0.132,0.285,0.169,0.081,0,0,0,0.156,0.166,0.328,0.127
Yemen,1979,0.158,0.048,1,0,0,0.144,0.281,0.169,0.081,0,0,0,0.216,0.162,0.328,0.135
Yemen,1980,0.167,0.048,1,0,0,0.144,0.281,0.169,0.081,0,0,0,0.234,0.162,0.328,0.135
Yemen,1981,0.167,0.048,1,0,0,0.144,0.281,0.169,0.081,0,0,0,0.234,0.162,0.328,0.135
Yemen,1982,0.167,0.047,1,0,0,0.149,0.281,0.169,0.093,0,0,0,0.234,0.162,0.328,0.135
Yemen,1983,0.167,0.047,1,0,0,0.149,0.281,0.169,0.093,0,0,0,0.234,0.162,0.328,0.135
Yemen,1984,0.167,0.047,1,0,0,0.149,0.281,0.169,0.093,0,0,0,0.234,0.162,0.328,0.135
Yemen,1985,0.167,0.047,1,0,0,0.149,0.281,0.169,0.093,0,0,0,0.234,0.162,0.328,0.135
Yemen,1986,0.167,0.047,1,0,0,0.149,0.281,0.169,0.093,0,0,0,0.234,0.162,0.328,0.135
Yemen,1987,0.167,0.047,1,0,0,0.149,0.247,0.169,0.093,0,0,0,0.234,0.162,0.328,0.135
Yemen,1988,0.167,0.052,1,0.079,0.905,0.149,0.247,0.169,0.093,0,0,0,0.234,0.162,0.328,0.135
Yemen,1989,0.167,0.058,1,0.161,0.905,0.149,0.247,0.169,0.093,0,0,0,0.234,0.162,0.328,0.135
Yemen,1990,0.242,0.302,1,0.241,0.865,0.189,0.263,0.446,0.128,0,0,0,0.439,0.172,0.36,0.149
Yemen,1991,0.458,0.428,1,0.268,0.865,0.277,0.324,0.506,0.377,0.113,0,0,0.557,0.108,0.326,0.146
Yemen,1992,0.448,0.428,1,0.268,0.865,0.277,0.324,0.506,0.377,0.013,0,0,0.557,0.108,0.326,0.146
Yemen,1993,0.448,0.477,1,0.318,1,0.279,0.324,0.506,0.377,0.013,0,0,0.557,0.108,0.326,0.146
Yemen,1994,0.431,0.5,1,0.342,1,0.236,0.324,0.389,0.377,0.013,0,0,0.557,0.108,0.333,0.146
Yemen,1995,0.429,0.483,1,0.261,1,0.262,0.287,0.295,0.365,0.013,0,0,0.495,0.119,0.303,0.179
Yemen,1996,0.429,0.483,1,0.261,1,0.262,0.287,0.295,0.365,0.013,0,0,0.495,0.119,0.303,0.179
Yemen,1997,0.429,0.467,1,0.189,1,0.262,0.287,0.384,0.365,0.013,0,0,0.442,0.119,0.303,0.179
Yemen,1998,0.429,0.459,1,0.134,1,0.262,0.287,0.384,0.365,0.013,0,0,0.435,0.119,0.303,0.179
Yemen,1999,0.429,0.452,1,0.126,1,0.262,0.287,0.384,0.365,0.013,0,0,0.435,0.119,0.303,0.179
Yemen,2000,0.429,0.452,1,0.13,1,0.262,0.287,0.439,0.38,0.013,0.074,0.389,0.435,0.119,0.303,0.179
Yemen,2001,0.422,0.452,1,0.13,1,0.262,0.287,0.439,0.38,0.131,0.144,0.761,0.433,0.119,0.303,0.179
Yemen,2002,0.422,0.452,1,0.13,1,0.265,0.287,0.439,0.38,0.131,0.144,0.761,0.433,0.119,0.303,0.179
Yemen,2003,0.422,0.485,1,0.167,1,0.265,0.287,0.528,0.38,0.131,0.144,0.761,0.433,0.119,0.303,0.179
Yemen,2004,0.422,0.5,1,0.179,1,0.265,0.287,0.528,0.38,0.131,0.144,0.761,0.433,0.119,0.303,0.179
Yemen,2005,0.421,0.5,1,0.179,1,0.265,0.287,0.528,0.38,0.131,0.144,0.761,0.433,0.119,0.303,0.179
Yemen,2006,0.426,0.503,1,0.186,1,0.265,0.287,0.528,0.38,0.123,0.144,0.761,0.437,0.115,0.291,0.179
Yemen,2007,0.43,0.504,1,0.19,1,0.265,0.287,0.528,0.38,0.116,0.144,0.761,0.437,0.115,0.291,0.179
Yemen,2008,0.43,0.507,1,0.19,1,0.265,0.287,0.528,0.38,0.108,0.144,0.655,0.437,0.115,0.291,0.179
Yemen,2009,0.43,0.507,1,0.19,1,0.265,0.287,0.528,0.38,0.1,0.144,0.655,0.434,0.115,0.291,0.179
Yemen,2010,0.423,0.517,1,0.19,1,0.255,0.287,0.56,0.306,0.092,0.169,0.675,0.427,0.114,0.291,0.171
Yemen,2011,0.496,0.572,1,0.203,1,0.228,0.298,0.386,0.448,0.084,0.086,0.675,0.467,0.122,0.394,0.166
Yemen,2012,0.55,0.575,1,0.333,1,0.298,0.289,0.383,0.514,0.076,0.086,0.401,0.791,0.128,0.421,0.196
Yemen,2013,0.505,0.508,1,0.327,1,0.268,0.301,0.328,0.488,0.068,0.086,0.401,0.719,0.113,0.309,0.214
Yemen,2014,0.42,0.447,1,0.318,1,0.152,0.256,0.307,0.37,0.06,0.086,0.401,0.367,0.076,0.219,0.177
Yemen,2015,0.169,0.273,1,0.029,0,0.078,0.135,0.319,0.294,0.052,0.02,0.422,0.133,0.036,0.126,0.102
Yemen,2016,0.158,0.236,1,0,0,0.07,0.123,0.112,0.246,0.045,0.023,0.422,0.072,0.037,0.097,0.124
Yemen,2017,0.133,0.251,1,0,0,0.064,0.095,0.121,0.243,0.037,0.023,0.422,0.065,0.017,0.076,0.04
Yemen,2018,0.147,0.245,1,0,0,0.066,0.094,0.118,0.237,0.029,0.025,0.422,0.074,0.017,0.091,0.03
Yemen,2019,0.187,0.247,1,0,0,0.074,0.123,0.118,0.241,0.021,0.025,0.402,0.074,0.034,0.071,0.022
Yemen,2020,0.151,0.247,1,0,0,0.063,0.122,0.075,0.221,0.013,0.025,0.402,0.071,0.03,0.064,0.022
Yemen,2021,0.149,0.264,1,0,0,0.063,0.113,0.069,0.223,0.013,0.025,0.402,0.067,0.038,0.059,0.019
Yemen,2022,0.205,0.277,1,0,0,0.081,0.161,0.087,0.24,0.013,0.025,0.402,0.141,0.038,0.046,0.021
Yemen,2023,0.249,0.266,1,0,0,0.107,0.168,0.1,0.225,0.013,0.025,0.432,0.164,0.1,0.104,0.082
Yemen,2024,0.245,0.26,1,0,0,0.107,0.164,0.126,0.225,0.013,0.025,0.232,0.132,0.106,0.078,0.042
Poland,1950,0.089,0.1,1,0.166,1,0.3,0.478,0.139,0.081,0,0.063,0.006,0.025,0.751,0.748,0.911
Poland,1951,0.089,0.1,1,0.166,1,0.306,0.478,0.139,0.081,0,0.063,0.006,0.025,0.751,0.748,0.911
Poland,1952,0.089,0.098,1,0.162,1,0.306,0.478,0.139,0.081,0,0.063,0.006,0.025,0.751,0.748,0.911
Poland,1953,0.089,0.092,1,0.144,1,0.306,0.478,0.139,0.081,0,0.063,0.006,0.025,0.751,0.748,0.911
Poland,1954,0.089,0.092,1,0.144,1,0.306,0.478,0.139,0.081,0,0.063,0.022,0.025,0.751,0.748,0.911
Poland,1955,0.089,0.092,1,0.144,1,0.306,0.478,0.139,0.081,0,0.063,0.022,0.025,0.751,0.748,0.911
Poland,1956,0.098,0.092,1,0.144,1,0.331,0.515,0.139,0.081,0,0.063,0.022,0.143,0.704,0.748,0.911
Poland,1957,0.122,0.107,1,0.304,1,0.517,0.54,0.139,0.094,0,0.063,0.022,0.127,0.74,0.748,0.915
Poland,1958,0.122,0.115,1,0.312,1,0.517,0.54,0.139,0.078,0,0.063,0.022,0.101,0.74,0.748,0.915
Poland,1959,0.122,0.115,1,0.312,1,0.517,0.54,0.139,0.078,0,0.063,0.022,0.101,0.74,0.748,0.915
Poland,1960,0.122,0.115,1,0.312,1,0.517,0.54,0.139,0.078,0,0.063,0.022,0.101,0.74,0.748,0.915
Poland,1961,0.122,0.111,1,0.254,1,0.517,0.54,0.139,0.078,0,0.063,0.022,0.101,0.74,0.748,0.915
Poland,1962,0.122,0.109,1,0.236,1,0.517,0.54,0.139,0.078,0,0.063,0.022,0.101,0.74,0.748,0.915
Poland,1963,0.122,0.109,1,0.236,1,0.517,0.54,0.139,0.078,0,0.063,0.022,0.101,0.74,0.748,0.915
Poland,1964,0.122,0.109,1,0.236,1,0.517,0.54,0.139,0.078,0,0.063,0.022,0.101,0.74,0.748,0.915
Poland,1965,0.115,0.108,1,0.234,1,0.517,0.54,0.139,0.078,0,0.063,0.022,0.086,0.74,0.748,0.915
Poland,1966,0.12,0.108,1,0.233,1,0.517,0.54,0.139,0.078,0,0.063,0.022,0.086,0.74,0.748,0.915
Poland,1967,0.12,0.108,1,0.233,1,0.517,0.54,0.139,0.078,0,0.063,0.022,0.086,0.74,0.748,0.915
Poland,1968,0.12,0.108,1,0.233,1,0.498,0.54,0.139,0.078,0,0.063,0.022,0.086,0.74,0.748,0.915
Poland,1969,0.12,0.108,1,0.229,1,0.514,0.54,0.139,0.1,0,0.063,0.022,0.086,0.74,0.748,0.915
Poland,1970,0.12,0.109,1,0.227,1,0.519,0.54,0.139,0.1,0,0.063,0.022,0.086,0.74,0.748,0.915
Poland,1971,0.13,0.114,1,0.227,1,0.528,0.54,0.139,0.1,0,0.063,0.022,0.131,0.74,0.748,0.915
Poland,1972,0.13,0.115,1,0.241,1,0.528,0.54,0.139,0.1,0,0.063,0.022,0.092,0.74,0.748,0.915
Poland,1973,0.13,0.115,1,0.245,1,0.528,0.54,0.139,0.1,0,0.063,0.022,0.092,0.74,0.748,0.915
Poland,1974,0.13,0.115,1,0.245,1,0.534,0.54,0.139,0.1,0,0.063,0.022,0.092,0.74,0.748,0.915
Poland,1975,0.13,0.115,1,0.245,1,0.533,0.54,0.139,0.1,0,0.063,0.022,0.092,0.74,0.748,0.915
Poland,1976,0.128,0.11,1,0.223,1,0.528,0.54,0.139,0.1,0,0.063,0.022,0.092,0.74,0.748,0.915
Poland,1977,0.128,0.11,1,0.217,1,0.528,0.54,0.139,0.1,0,0.063,0.022,0.092,0.74,0.748,0.915
Poland,1978,0.128,0.11,1,0.217,1,0.528,0.553,0.139,0.1,0,0.063,0.022,0.092,0.74,0.748,0.915
Poland,1979,0.128,0.11,1,0.217,1,0.528,0.553,0.139,0.1,0,0.063,0.022,0.092,0.74,0.748,0.915
Poland,1980,0.218,0.164,1,0.243,1,0.528,0.553,0.139,0.583,0,0.063,0.022,0.195,0.74,0.748,0.902
Poland,1981,0.209,0.165,1,0.251,1,0.454,0.528,0.139,0.623,0,0.063,0.022,0.171,0.74,0.748,0.902
Poland,1982,0.107,0.095,1,0.251,1,0.346,0.579,0.139,0.123,0,0.063,0.022,0.058,0.74,0.748,0.908
Poland,1983,0.107,0.095,1,0.251,1,0.386,0.579,0.139,0.123,0,0.063,0.022,0.062,0.74,0.748,0.908
Poland,1984,0.14,0.099,1,0.251,1,0.507,0.558,0.139,0.123,0,0.063,0.022,0.103,0.74,0.748,0.908
Poland,1985,0.14,0.099,1,0.251,1,0.549,0.558,0.149,0.13,0,0.063,0.022,0.103,0.74,0.748,0.908
Poland,1986,0.142,0.097,1,0.253,1,0.614,0.558,0.149,0.13,0,0.063,0.022,0.137,0.74,0.748,0.908
Poland,1987,0.132,0.097,1,0.253,1,0.614,0.635,0.149,0.13,0.1,0.063,0.022,0.137,0.74,0.748,0.908
Poland,1988,0.168,0.097,1,0.253,1,0.614,0.635,0.185,0.13,0,0.063,0.022,0.179,0.74,0.748,0.908
Poland,1989,0.699,0.361,1,0.483,1,0.807,0.909,0.273,0.625,0,0.063,0.022,0.588,0.768,0.816,0.91
Poland,1990,0.936,0.858,1,0.76,1,0.943,0.965,0.837,0.861,0,0.961,0.172,0.846,0.858,0.882,0.911
Poland,1991,0.936,0.913,1,0.939,1,0.943,0.965,0.837,0.861,0,0.961,0.172,0.862,0.858,0.882,0.911
Poland,1992,0.957,0.913,1,0.953,1,0.943,0.965,0.847,0.861,0.018,0.961,0.172,0.862,0.858,0.882,0.914
Poland,1993,0.957,0.913,1,0.954,1,0.959,0.965,0.847,0.861,0.018,0.961,0.172,0.862,0.858,0.882,0.914
Poland,1994,0.962,0.913,1,0.955,1,0.959,0.965,0.847,0.854,0.018,0.961,0.172,0.862,0.858,0.882,0.914
Poland,1995,0.962,0.913,1,0.953,1,0.959,0.965,0.847,0.854,0.018,0.961,0.172,0.862,0.858,0.882,0.914
Poland,1996,0.962,0.911,1,0.942,1,0.959,0.965,0.847,0.854,0.158,0.961,0.172,0.862,0.858,0.882,0.914
Poland,1997,0.962,0.891,1,0.944,1,0.959,0.965,0.847,0.854,0.186,0.961,0.172,0.837,0.858,0.882,0.914
Poland,1998,0.962,0.892,1,0.953,1,0.96,0.965,0.847,0.854,0.186,0.993,0.343,0.837,0.858,0.882,0.914
Poland,1999,0.962,0.892,1,0.953,1,0.96,0.965,0.856,0.854,0.186,0.993,0.898,0.837,0.858,0.882,0.914
Poland,2000,0.962,0.892,1,0.954,1,0.96,0.965,0.856,0.854,0.186,0.962,0.898,0.837,0.858,0.882,0.914
Poland,2001,0.962,0.891,1,0.957,1,0.96,0.965,0.856,0.854,0.186,0.962,0.898,0.817,0.858,0.882,0.908
Poland,2002,0.962,0.891,1,0.959,1,0.96,0.965,0.881,0.854,0.186,0.994,0.898,0.817,0.858,0.882,0.908
Poland,2003,0.962,0.891,1,0.959,1,0.96,0.965,0.881,0.854,0.186,0.994,0.898,0.817,0.858,0.882,0.908
Poland,2004,0.962,0.891,1,0.959,1,0.96,0.965,0.881,0.854,0.186,0.994,0.898,0.817,0.858,0.882,0.908
Poland,2005,0.962,0.892,1,0.962,1,0.96,0.965,0.881,0.854,0.186,0.994,0.898,0.786,0.891,0.882,0.908
Poland,2006,0.951,0.887,1,0.969,1,0.96,0.959,0.881,0.854,0.186,0.994,0.898,0.791,0.891,0.882,0.908
Poland,2007,0.951,0.885,1,0.968,1,0.962,0.959,0.881,0.854,0.186,0.994,0.898,0.776,0.891,0.882,0.905
Poland,2008,0.973,0.899,1,0.965,1,0.967,0.963,0.89,0.854,0.176,0.994,0.898,0.821,0.891,0.882,0.908
Poland,2009,0.973,0.899,1,0.965,1,0.967,0.963,0.89,0.856,0.165,0.994,0.898,0.819,0.891,0.882,0.908
Poland,2010,0.97,0.898,1,0.967,1,0.966,0.964,0.9,0.89,0.155,0.994,0.898,0.839,0.891,0.882,0.918
Poland,2011,0.97,0.897,1,0.968,1,0.967,0.964,0.9,0.857,0.144,0.994,0.898,0.837,0.891,0.884,0.924
Poland,2012,0.97,0.894,1,0.969,1,0.966,0.964,0.9,0.838,0.134,0.994,0.898,0.825,0.891,0.884,0.924
Poland,2013,0.97,0.894,1,0.967,1,0.956,0.961,0.9,0.836,0.123,0.994,0.898,0.816,0.926,0.884,0.917
Poland,2014,0.97,0.894,1,0.955,1,0.957,0.957,0.9,0.836,0.113,0.994,0.898,0.819,0.926,0.897,0.917
Poland,2015,0.951,0.896,1,0.961,1,0.956,0.874,0.85,0.76,0.169,0.994,0.898,0.754,0.926,0.897,0.917
Poland,2016,0.72,0.855,1,0.96,1,0.917,0.783,0.745,0.688,0.169,0.994,0.898,0.647,0.915,0.903,0.916
Poland,2017,0.695,0.837,1,0.945,1,0.873,0.69,0.73,0.636,0.169,0.994,0.898,0.616,0.915,0.891,0.882
Poland,2018,0.695,0.837,1,0.941,1,0.867,0.595,0.73,0.637,0.169,0.994,0.864,0.626,0.915,0.891,0.878
Poland,2019,0.682,0.844,1,0.915,1,0.858,0.572,0.74,0.638,0.169,0.991,0.9,0.604,0.915,0.891,0.894
Poland,2020,0.681,0.839,1,0.753,1,0.821,0.57,0.714,0.625,0.151,0.991,0.873,0.592,0.915,0.88,0.844
Poland,2021,0.633,0.835,1,0.729,1,0.816,0.542,0.7,0.562,0.134,0.985,0.833,0.585,0.915,0.895,0.832
Poland,2022,0.608,0.844,1,0.735,1,0.812,0.57,0.68,0.565,0.116,0.985,0.833,0.579,0.911,0.895,0.833
Poland,2023,0.646,0.832,1,0.729,1,0.84,0.567,0.817,0.544,0.169,0.97,0.833,0.715,0.916,0.891,0.847
Poland,2024,0.912,0.857,1,0.764,1,0.886,0.774,0.898,0.713,0.169,0.97,0.833,0.842,0.916,0.901,0.865
Brazil,1950,0.669,0.617,0.5,0.606,1,0.538,0.55,0.639,0.419,0,0.989,0.954,0.613,0.258,0.475,0.137
Brazil,1951,0.669,0.597,0.5,0.595,1,0.538,0.55,0.639,0.469,0,0.989,0.954,0.613,0.258,0.475,0.137
Brazil,1952,0.669,0.597,0.5,0.595,1,0.538,0.55,0.639,0.469,0,0.989,0.954,0.613,0.258,0.475,0.137
Brazil,1953,0.669,0.603,0.5,0.595,1,0.538,0.55,0.639,0.469,0,0.989,0.954,0.613,0.258,0.475,0.137
Brazil,1954,0.669,0.585,0.5,0.596,1,0.538,0.55,0.639,0.469,0,0.989,0.954,0.613,0.258,0.475,0.137
Brazil,1955,0.669,0.597,0.55,0.594,1,0.564,0.55,0.627,0.469,0,0.989,0.954,0.613,0.258,0.475,0.162
Brazil,1956,0.669,0.627,0.55,0.577,1,0.564,0.55,0.614,0.469,0,0.989,0.954,0.613,0.258,0.475,0.162
Brazil,1957,0.669,0.634,0.55,0.577,1,0.564,0.55,0.614,0.469,0,0.989,0.954,0.613,0.258,0.475,0.162
Brazil,1958,0.669,0.632,0.55,0.583,1,0.564,0.55,0.614,0.469,0,0.989,0.954,0.613,0.258,0.475,0.162
Brazil,1959,0.669,0.627,0.55,0.601,1,0.557,0.55,0.614,0.469,0,0.989,0.954,0.613,0.258,0.475,0.162
Brazil,1960,0.675,0.629,0.6,0.599,1,0.564,0.55,0.614,0.469,0,0.989,0.954,0.613,0.258,0.475,0.162
Brazil,1961,0.675,0.632,0.6,0.593,1,0.564,0.55,0.627,0.469,0,0.989,0.954,0.613,0.258,0.475,0.178
Brazil,1962,0.675,0.634,0.6,0.588,1,0.57,0.55,0.627,0.469,0,0.989,0.954,0.633,0.258,0.475,0.178
Brazil,1963,0.678,0.632,0.6,0.569,1,0.57,0.55,0.627,0.469,0.1,0.989,0.954,0.633,0.258,0.475,0.178
Brazil,1964,0.332,0.351,0.6,0.153,1,0.288,0.404,0.417,0.152,0,0.951,0.792,0.187,0.29,0.432,0.165
Brazil,1965,0.177,0.189,0.6,0,1,0.166,0.315,0.097,0.152,0,0.951,0.792,0.177,0.306,0.432,0.165
Brazil,1966,0.177,0.133,0.6,0.04,1,0.166,0.315,0.097,0.16,0,0.938,0.775,0.172,0.306,0.432,0.165
Brazil,1967,0.167,0.14,0.6,0.314,1,0.166,0.28,0.124,0.16,0,0.95,0.775,0.125,0.306,0.432,0.165
Brazil,1968,0.153,0.139,0.6,0.314,1,0.158,0.242,0.124,0.16,0,0.95,0.775,0.125,0.306,0.432,0.165
Brazil,1969,0.111,0.139,0.6,0.314,1,0.158,0.23,0.124,0.16,0,0.95,0.775,0.121,0.306,0.432,0.165
Brazil,1970,0.112,0.138,0.65,0.313,1,0.158,0.23,0.124,0.16,0,0.95,0.775,0.147,0.306,0.432,0.165
Brazil,1971,0.101,0.132,0.65,0.31,1,0.168,0.23,0.124,0.16,0,0.95,0.775,0.147,0.313,0.432,0.165
Brazil,1972,0.101,0.132,0.65,0.31,1,0.168,0.23,0.124,0.16,0,0.95,0.775,0.147,0.313,0.432,0.165
Brazil,1973,0.105,0.132,0.65,0.31,1,0.168,0.23,0.124,0.16,0,0.95,0.775,0.147,0.313,0.432,0.165
Brazil,1974,0.105,0.142,0.65,0.312,1,0.168,0.209,0.124,0.284,0,0.95,0.775,0.147,0.313,0.432,0.165
Brazil,1975,0.123,0.148,0.7,0.324,1,0.168,0.209,0.124,0.342,0,0.95,0.775,0.216,0.313,0.432,0.195
Brazil,1976,0.138,0.148,0.7,0.324,1,0.184,0.209,0.124,0.342,0,0.95,0.775,0.216,0.313,0.432,0.217
Brazil,1977,0.138,0.153,0.7,0.324,1,0.185,0.209,0.124,0.342,0,0.95,0.775,0.216,0.313,0.432,0.217
Brazil,1978,0.145,0.153,0.7,0.323,1,0.202,0.209,0.135,0.356,0,0.95,0.775,0.216,0.313,0.432,0.217
Brazil,1979,0.25,0.182,0.7,0.315,1,0.302,0.209,0.172,0.356,0,0.95,0.775,0.233,0.313,0.432,0.217
Brazil,1980,0.349,0.367,0.75,0.315,1,0.302,0.35,0.199,0.416,0,0.95,0.775,0.277,0.313,0.432,0.217
Brazil,1981,0.349,0.367,0.75,0.315,1,0.302,0.35,0.199,0.416,0,0.95,0.775,0.277,0.313,0.432,0.217
Brazil,1982,0.354,0.409,0.75,0.33,1,0.302,0.35,0.328,0.44,0,0.95,0.904,0.277,0.313,0.432,0.217
Brazil,1983,0.354,0.424,0.75,0.427,1,0.302,0.35,0.381,0.44,0,0.95,0.904,0.277,0.313,0.432,0.217
Brazil,1984,0.367,0.46,0.75,0.427,1,0.302,0.35,0.381,0.478,0,0.95,0.904,0.277,0.313,0.432,0.217
Brazil,1985,0.626,0.623,0.8,0.465,1,0.445,0.411,0.547,0.68,0,0.95,0.904,0.433,0.368,0.532,0.228
Brazil,1986,0.742,0.767,0.8,0.516,1,0.634,0.518,0.64,0.725,0,0.95,0.973,0.663,0.368,0.653,0.264
Brazil,1987,0.766,0.838,0.8,0.687,1,0.645,0.518,0.66,0.738,0,0.95,0.973,0.663,0.368,0.653,0.264
Brazil,1988,0.841,0.895,1,0.709,1,0.77,0.821,0.717,0.807,0.02,0.95,0.973,0.706,0.607,0.73,0.4
Brazil,1989,0.872,0.913,1,0.745,1,0.818,0.821,0.748,0.807,0.02,0.99,0.973,0.706,0.607,0.73,0.416
Brazil,1990,0.893,0.94,1,0.864,1,0.825,0.821,0.857,0.807,0.02,0.99,0.973,0.714,0.607,0.73,0.437
Brazil,1991,0.893,0.94,1,0.892,1,0.836,0.821,0.857,0.807,0.02,0.99,0.973,0.714,0.607,0.73,0.437
Brazil,1992,0.91,0.94,1,0.892,1,0.836,0.821,0.857,0.807,0.02,0.99,0.973,0.796,0.607,0.73,0.427
Brazil,1993,0.912,0.94,1,0.892,1,0.836,0.819,0.843,0.807,0.02,0.99,0.973,0.809,0.607,0.73,0.427
Brazil,1994,0.921,0.939,1,0.893,1,0.839,0.819,0.827,0.807,0.02,0.99,0.973,0.821,0.582,0.73,0.459
Brazil,1995,0.925,0.938,1,0.896,1,0.844,0.819,0.827,0.807,0.02,0.99,0.973,0.837,0.582,0.743,0.497
Brazil,1996,0.925,0.938,1,0.9,1,0.844,0.819,0.827,0.872,0.02,0.99,0.973,0.837,0.582,0.743,0.497
Brazil,1997,0.925,0.938,1,0.9,1,0.844,0.819,0.827,0.872,0.02,0.99,0.973,0.837,0.582,0.743,0.497
Brazil,1998,0.925,0.938,1,0.9,1,0.844,0.819,0.827,0.888,0.02,0.99,0.973,0.837,0.582,0.765,0.497
Brazil,1999,0.925,0.938,1,0.901,1,0.844,0.819,0.827,0.888,0.02,0.99,0.973,0.837,0.582,0.765,0.516
Brazil,2000,0.928,0.938,1,0.906,1,0.845,0.819,0.827,0.888,0.02,0.99,0.973,0.837,0.582,0.765,0.502
Brazil,2001,0.928,0.938,1,0.906,1,0.845,0.819,0.827,0.888,0.02,0.99,0.973,0.837,0.582,0.765,0.502
Brazil,2002,0.929,0.938,1,0.906,1,0.854,0.819,0.827,0.888,0.02,0.99,0.973,0.928,0.651,0.765,0.522
Brazil,2003,0.924,0.939,1,0.909,1,0.854,0.819,0.851,0.947,0.02,0.99,0.973,0.928,0.651,0.793,0.545
Brazil,2004,0.924,0.939,1,0.909,1,0.854,0.819,0.851,0.947,0.02,0.99,0.973,0.928,0.651,0.794,0.545
Brazil,2005,0.936,0.939,1,0.927,1,0.865,0.928,0.898,0.947,0.18,0.99,0.973,0.94,0.643,0.794,0.533
Brazil,2006,0.936,0.94,1,0.926,1,0.865,0.928,0.892,0.947,0.18,0.99,0.973,0.94,0.643,0.794,0.533
Brazil,2007,0.928,0.941,1,0.925,1,0.865,0.928,0.892,0.947,0.18,0.99,0.973,0.94,0.643,0.794,0.533
Brazil,2008,0.928,0.941,1,0.925,1,0.865,0.928,0.892,0.938,0.18,0.99,0.973,0.94,0.643,0.794,0.533
Brazil,2009,0.928,0.941,1,0.925,1,0.865,0.928,0.892,0.938,0.18,0.99,0.981,0.94,0.643,0.794,0.544
Brazil,2010,0.929,0.942,1,0.927,1,0.865,0.934,0.902,0.938,0.16,0.99,0.973,0.941,0.646,0.796,0.564
Brazil,2011,0.929,0.943,1,0.935,1,0.865,0.934,0.909,0.934,0.14,0.99,0.973,0.936,0.646,0.81,0.564
Brazil,2012,0.927,0.937,1,0.935,1,0.865,0.93,0.909,0.92,0.12,0.99,0.973,0.936,0.643,0.81,0.564
Brazil,2013,0.932,0.937,1,0.936,1,0.856,0.93,0.923,0.916,0.1,0.99,0.973,0.944,0.61,0.806,0.544
Brazil,2014,0.935,0.938,1,0.935,1,0.856,0.924,0.923,0.916,0.08,0.99,0.973,0.94,0.61,0.806,0.537
Brazil,2015,0.923,0.935,1,0.925,1,0.858,0.922,0.927,0.916,0.06,0.99,0.973,0.935,0.61,0.81,0.542
Brazil,2016,0.815,0.901,1,0.92,1,0.831,0.878,0.844,0.793,0.04,0.99,0.973,0.719,0.55,0.643,0.479
Brazil,2017,0.817,0.898,1,0.909,1,0.814,0.89,0.789,0.744,0.02,0.99,0.973,0.725,0.541,0.614,0.473
Brazil,2018,0.794,0.884,1,0.897,1,0.79,0.866,0.789,0.737,0.02,0.99,0.973,0.676,0.497,0.606,0.473
Brazil,2019,0.732,0.88,1,0.851,1,0.681,0.817,0.799,0.721,0.02,0.968,0.955,0.672,0.497,0.505,0.444
Brazil,2020,0.714,0.888,1,0.873,1,0.673,0.82,0.788,0.737,0.02,0.983,0.97,0.669,0.486,0.526,0.446
Brazil,2021,0.692,0.872,1,0.881,1,0.656,0.837,0.791,0.716,0.02,0.983,0.97,0.717,0.49,0.548,0.431
Brazil,2022,0.705,0.888,1,0.881,1,0.64,0.837,0.819,0.743,0.02,0.983,0.97,0.723,0.484,0.564,0.451
Brazil,2023,0.9,0.9,1,0.845,1,0.83,0.92,0.943,0.933,0.02,0.972,0.941,0.938,0.632,0.676,0.559
Brazil,2024,0.929,0.891,1,0.845,1,0.829,0.959,0.936,0.898,0.02,0.972,0.941,0.944,0.64,0.676,0.564
United States of America,1950,0.776,0.839,0.95,0.625,1,0.747,0.941,0.899,0.867,0,0.992,0.996,0.837,0.451,0.506,0.442
United States of America,1951,0.776,0.838,0.95,0.684,1,0.747,0.941,0.899,0.867,0,0.992,0.996,0.837,0.457,0.506,0.446
United States of America,1952,0.776,0.838,0.95,0.685,1,0.747,0.941,0.899,0.867,0,0.992,0.996,0.837,0.457,0.506,0.446
United States of America,1953,0.776,0.837,0.95,0.685,1,0.747,0.941,0.897,0.867,0,0.992,0.996,0.846,0.457,0.482,0.446
United States of America,1954,0.783,0.823,0.95,0.685,1,0.747,0.941,0.897,0.867,0,0.992,0.996,0.846,0.457,0.482,0.446
United States of America,1955,0.789,0.822,0.95,0.684,1,0.747,0.896,0.897,0.867,0,0.992,0.996,0.852,0.456,0.482,0.441
United States of America,1956,0.798,0.83,0.95,0.683,1,0.747,0.896,0.897,0.867,0,0.992,0.996,0.852,0.456,0.482,0.441
United States of America,1957,0.798,0.826,0.95,0.677,1,0.752,0.896,0.897,0.867,0,0.992,0.996,0.852,0.456,0.482,0.441
United States of America,1958,0.822,0.826,0.95,0.677,1,0.752,0.896,0.897,0.867,0,0.992,0.996,0.86,0.456,0.482,0.441
United States of America,1959,0.822,0.829,0.95,0.679,1,0.752,0.896,0.897,0.867,0,0.992,0.996,0.86,0.456,0.482,0.441
United States of America,1960,0.86,0.843,0.95,0.684,1,0.752,0.896,0.897,0.867,0,0.992,0.996,0.864,0.481,0.507,0.441
United States of America,1961,0.86,0.85,0.95,0.711,1,0.752,0.896,0.897,0.891,0,0.992,0.996,0.876,0.481,0.507,0.441
United States of America,1962,0.858,0.85,0.95,0.716,1,0.752,0.896,0.897,0.901,0,0.992,0.996,0.891,0.481,0.507,0.441
United States of America,1963,0.858,0.848,0.95,0.742,1,0.755,0.896,0.897,0.901,0,0.992,0.996,0.907,0.481,0.507,0.467
United States of America,1964,0.856,0.857,0.95,0.743,1,0.776,0.896,0.897,0.901,0,0.992,0.996,0.917,0.529,0.534,0.518
United States of America,1965,0.86,0.857,0.95,0.748,1,0.788,0.896,0.897,0.901,0,0.992,0.996,0.937,0.563,0.57,0.557
United States of America,1966,0.86,0.857,1,0.748,1,0.828,0.896,0.897,0.901,0,0.992,0.996,0.899,0.683,0.587,0.544
United States of America,1967,0.864,0.86,1,0.747,1,0.828,0.896,0.897,0.901,0,0.992,0.996,0.897,0.683,0.587,0.544
United States of America,1968,0.868,0.86,1,0.743,1,0.838,0.896,0.897,0.901,0,0.992,0.996,0.904,0.683,0.608,0.544
United States of America,1969,0.879,0.86,1,0.718,1,0.883,0.925,0.897,0.901,0,0.992,0.996,0.906,0.825,0.624,0.578
United States of America,1970,0.898,0.87,1,0.741,1,0.908,0.94,0.898,0.931,0,0.992,0.996,0.91,0.856,0.753,0.655
United States of America,1971,0.873,0.87,1,0.777,1,0.921,0.94,0.898,0.931,0,0.992,0.996,0.91,0.856,0.753,0.646
United States of America,1972,0.896,0.871,1,0.776,1,0.926,0.94,0.898,0.931,0,0.992,0.996,0.91,0.856,0.753,0.646
United States of America,1973,0.924,0.887,1,0.772,1,0.924,0.94,0.947,0.95,0,0.992,0.996,0.908,0.856,0.764,0.646
United States of America,1974,0.933,0.886,1,0.774,1,0.927,0.944,0.947,0.95,0,0.992,0.996,0.908,0.856,0.764,0.646
United States of America,1975,0.936,0.884,1,0.822,1,0.937,0.944,0.947,0.953,0,0.992,0.996,0.94,0.856,0.752,0.646
United States of America,1976,0.949,0.883,1,0.828,1,0.94,0.946,0.943,0.964,0,0.992,0.996,0.956,0.856,0.752,0.668
United States of America,1977,0.942,0.925,1,0.859,1,0.941,0.946,0.938,0.964,0,0.992,0.996,0.963,0.863,0.752,0.668
United States of America,1978,0.95,0.925,1,0.859,1,0.943,0.946,0.938,0.964,0,0.992,0.996,0.965,0.863,0.752,0.668
United States of America,1979,0.95,0.925,1,0.858,1,0.943,0.946,0.938,0.964,0,0.992,0.996,0.965,0.863,0.752,0.668
United States of America,1980,0.95,0.931,1,0.876,1,0.948,0.946,0.938,0.973,0,0.992,0.996,0.966,0.863,0.783,0.668
United States of America,1981,0.95,0.939,1,0.885,1,0.953,0.946,0.919,0.973,0,0.992,0.996,0.922,0.863,0.818,0.65
United States of America,1982,0.95,0.939,1,0.885,1,0.953,0.946,0.919,0.973,0,0.992,0.996,0.907,0.863,0.793,0.65
United States of America,1983,0.955,0.938,1,0.885,1,0.951,0.946,0.919,0.973,0,0.992,0.996,0.907,0.863,0.771,0.65
United States of America,1984,0.955,0.939,1,0.884,1,0.951,0.946,0.919,0.973,0,0.992,0.996,0.907,0.863,0.771,0.65
United States of America,1985,0.955,0.939,1,0.882,1,0.951,0.946,0.906,0.973,0,0.992,0.996,0.907,0.863,0.771,0.65
United States of America,1986,0.955,0.939,1,0.882,1,0.953,0.946,0.925,0.973,0,0.992,0.996,0.902,0.863,0.771,0.688
United States of America,1987,0.958,0.939,1,0.883,1,0.953,0.946,0.925,0.973,0,0.992,0.996,0.902,0.863,0.771,0.688
United States of America,1988,0.958,0.939,1,0.883,1,0.953,0.946,0.925,0.973,0,0.992,0.996,0.902,0.863,0.771,0.688
United States of America,1989,0.958,0.938,1,0.88,1,0.953,0.946,0.925,0.973,0,0.992,0.996,0.904,0.863,0.771,0.688
United States of America,1990,0.965,0.938,1,0.883,1,0.958,0.946,0.925,0.985,0,0.992,0.996,0.914,0.855,0.811,0.7
United States of America,1991,0.956,0.939,1,0.894,1,0.958,0.946,0.925,0.985,0,0.992,0.996,0.919,0.855,0.84,0.7
United States of America,1992,0.966,0.939,1,0.894,1,0.958,0.946,0.925,0.985,0,0.992,0.996,0.922,0.855,0.84,0.7
United States of America,1993,0.963,0.939,1,0.893,1,0.961,0.946,0.925,0.985,0,0.992,0.996,0.978,0.855,0.864,0.696
United States of America,1994,0.963,0.939,1,0.893,1,0.962,0.946,0.925,0.985,0,0.992,0.996,0.978,0.855,0.864,0.677
United States of America,1995,0.963,0.939,1,0.893,1,0.962,0.946,0.935,0.985,0,0.992,0.996,0.971,0.855,0.864,0.677
United States of America,1996,0.963,0.939,1,0.893,1,0.962,0.946,0.935,0.985,0,0.992,0.996,0.971,0.855,0.864,0.688
United States of America,1997,0.963,0.939,1,0.89,1,0.962,0.946,0.935,0.985,0,0.992,0.996,0.966,0.855,0.864,0.688
United States of America,1998,0.963,0.939,1,0.891,1,0.962,0.946,0.935,0.985,0,0.992,0.996,0.966,0.855,0.864,0.688
United States of America,1999,0.963,0.939,1,0.894,1,0.962,0.946,0.935,0.985,0,0.992,0.996,0.966,0.855,0.864,0.688
United States of America,2000,0.966,0.939,1,0.888,1,0.962,0.955,0.935,0.985,0,0.992,0.996,0.953,0.855,0.832,0.647
United States of America,2001,0.956,0.935,1,0.821,1,0.959,0.948,0.941,0.985,0,0.992,0.996,0.903,0.855,0.82,0.661
United States of America,2002,0.949,0.938,1,0.831,1,0.955,0.948,0.941,0.985,0,0.992,0.996,0.906,0.855,0.82,0.661
United States of America,2003,0.958,0.939,1,0.884,1,0.944,0.948,0.941,0.985,0,0.992,0.996,0.906,0.855,0.82,0.661
United States of America,2004,0.962,0.938,1,0.883,1,0.944,0.948,0.941,0.985,0,0.992,0.996,0.906,0.855,0.82,0.661
United States of America,2005,0.962,0.936,1,0.88,1,0.95,0.948,0.941,0.985,0,0.992,0.996,0.927,0.855,0.82,0.639
United States of America,2006,0.962,0.937,1,0.889,1,0.946,0.948,0.948,0.985,0,0.992,0.996,0.927,0.855,0.82,0.639
United States of America,2007,0.963,0.94,1,0.94,1,0.95,0.951,0.948,0.985,0,0.992,0.996,0.927,0.855,0.823,0.658
United States of America,2008,0.965,0.939,1,0.942,1,0.957,0.951,0.948,0.985,0,0.992,0.996,0.956,0.855,0.837,0.658
United States of America,2009,0.966,0.94,1,0.945,1,0.965,0.951,0.947,0.985,0,0.992,0.996,0.973,0.837,0.841,0.662
United States of America,2010,0.967,0.94,1,0.944,1,0.965,0.955,0.947,0.987,0,0.992,0.996,0.97,0.837,0.862,0.685
United States of America,2011,0.963,0.94,1,0.941,1,0.965,0.955,0.947,0.987,0,0.992,0.996,0.97,0.837,0.862,0.684
United States of America,2012,0.961,0.941,1,0.941,1,0.962,0.955,0.947,0.987,0,0.992,0.996,0.97,0.837,0.866,0.683
United States of America,2013,0.966,0.942,1,0.944,1,0.957,0.961,0.946,0.987,0,0.992,0.996,0.97,0.837,0.866,0.686
United States of America,2014,0.966,0.942,1,0.94,1,0.957,0.961,0.946,0.987,0,0.992,0.996,0.969,0.837,0.849,0.686
United States of America,2015,0.964,0.941,1,0.943,1,0.958,0.961,0.946,0.987,0,0.992,0.996,0.961,0.837,0.849,0.689
United States of America,2016,0.951,0.941,1,0.932,1,0.95,0.963,0.951,0.988,0,0.992,0.998,0.925,0.835,0.832,0.657
United States of America,2017,0.91,0.947,1,0.866,1,0.942,0.934,0.875,0.988,0,0.992,0.998,0.726,0.813,0.795,0.645
United States of America,2018,0.903,0.947,1,0.866,1,0.938,0.947,0.861,0.984,0,0.977,0.998,0.73,0.813,0.799,0.651
United States of America,2019,0.889,0.943,1,0.857,1,0.929,0.947,0.895,0.984,0,0.977,0.998,0.727,0.813,0.819,0.626
United States of America,2020,0.896,0.937,1,0.848,1,0.927,0.931,0.895,0.979,0,0.977,0.998,0.69,0.795,0.851,0.593
United States of America,2021,0.931,0.942,1,0.835,1,0.95,0.93,0.947,0.98,0,0.977,0.987,0.864,0.669,0.799,0.596
United States of America,2022,0.939,0.942,1,0.844,1,0.953,0.93,0.947,0.98,0,0.977,0.987,0.869,0.638,0.804,0.62
United States of America,2023,0.927,0.926,1,0.898,1,0.939,0.93,0.932,0.98,0,0.977,0.987,0.851,0.608,0.793,0.56
United States of America,2024,0.889,0.948,1,0.908,1,0.93,0.905,0.868,0.981,0,0.977,0.987,0.884,0.706,0.782,0.578
Portugal,1950,0.058,0.083,0.5,0.057,1,0.293,0.393,0.027,0.06,0,0.313,0,0.059,0.293,0.317,0.155
Portugal,1951,0.058,0.083,0.5,0.058,1,0.293,0.393,0.027,0.06,0,0.313,0,0.059,0.293,0.317,0.155
Portugal,1952,0.058,0.083,0.5,0.059,1,0.293,0.393,0.027,0.06,0,0.313,0,0.059,0.293,0.317,0.155
Portugal,1953,0.064,0.083,0.5,0.059,1,0.293,0.393,0.027,0.06,0,0.313,0,0.059,0.293,0.317,0.155
Portugal,1954,0.058,0.084,0.5,0.057,1,0.293,0.393,0.027,0.06,0,0.313,0,0.059,0.293,0.317,0.155
Portugal,1955,0.058,0.084,0.5,0.057,1,0.293,0.393,0.027,0.06,0,0.313,0,0.059,0.293,0.317,0.222
Portugal,1956,0.058,0.084,0.5,0.057,1,0.293,0.393,0.027,0.06,0,0.313,0,0.059,0.293,0.317,0.222
Portugal,1957,0.064,0.085,0.5,0.058,1,0.293,0.393,0.027,0.06,0,0.313,0,0.059,0.293,0.317,0.222
Portugal,1958,0.064,0.087,0.5,0.06,1,0.293,0.393,0.027,0.06,0,0.313,0,0.059,0.293,0.317,0.222
Portugal,1959,0.058,0.088,0.5,0.06,1,0.293,0.393,0.027,0.06,0,0.313,0,0.059,0.293,0.317,0.222
Portugal,1960,0.058,0.09,0.6,0.06,1,0.293,0.393,0.027,0.06,0,0.313,0,0.059,0.293,0.317,0.324
Portugal,1961,0.063,0.089,0.6,0.06,1,0.293,0.393,0.027,0.06,0,0.313,0,0.07,0.293,0.317,0.346
Portugal,1962,0.056,0.082,0.6,0.06,1,0.293,0.393,0.027,0.092,0,0.313,0,0.07,0.293,0.317,0.346
Portugal,1963,0.056,0.082,0.6,0.06,1,0.293,0.393,0.027,0.064,0,0.313,0,0.07,0.293,0.317,0.346
Portugal,1964,0.059,0.082,0.6,0.06,1,0.293,0.393,0.027,0.064,0,0.313,0,0.07,0.293,0.317,0.346
Portugal,1965,0.057,0.083,0.6,0.059,1,0.293,0.393,0.027,0.064,0,0.313,0,0.07,0.293,0.317,0.346
Portugal,1966,0.057,0.084,0.6,0,1,0.293,0.393,0.027,0.064,0,0.313,0,0.07,0.293,0.317,0.346
Portugal,1967,0.057,0.084,0.6,0,1,0.304,0.393,0.027,0.064,0,0.313,0,0.07,0.293,0.317,0.346
Portugal,1968,0.063,0.088,0.6,0,1,0.308,0.393,0.027,0.064,0,0.313,0,0.074,0.293,0.317,0.344
Portugal,1969,0.106,0.094,0.6,0.017,1,0.337,0.393,0.027,0.071,0,0.313,0,0.088,0.33,0.317,0.344
Portugal,1970,0.094,0.11,0.7,0.092,1,0.337,0.393,0.027,0.071,0,0.313,0,0.088,0.344,0.317,0.42
Portugal,1971,0.094,0.11,0.7,0.092,1,0.337,0.393,0.027,0.071,0,0.313,0,0.088,0.344,0.317,0.42
Portugal,1972,0.094,0.12,0.7,0.092,1,0.337,0.393,0.027,0.071,0,0.313,0,0.088,0.344,0.317,0.42
Portugal,1973,0.098,0.123,0.7,0.113,1,0.349,0.393,0.027,0.071,0,0.313,0,0.088,0.344,0.319,0.42
Portugal,1974,0.761,0.434,0.7,0.084,0,0.872,0.743,0.754,0.693,0,0.313,0,0.628,0.744,0.782,0.671
Portugal,1975,0.91,0.792,1,0.282,0,0.929,0.859,0.864,0.824,0,0.313,0,0.827,0.925,0.885,0.671
Portugal,1976,0.953,0.838,1,0.497,1,0.962,0.86,0.914,0.809,0.018,0.969,0,0.855,0.925,0.925,0.733
Portugal,1977,0.97,0.875,1,0.725,1,0.979,0.91,0.934,0.808,0.018,0.969,0,0.83,0.925,0.915,0.767
Portugal,1978,0.97,0.878,1,0.725,1,0.979,0.91,0.934,0.713,0.018,0.969,0,0.83,0.925,0.915,0.78
Portugal,1979,0.97,0.879,1,0.736,1,0.979,0.91,0.934,0.713,0.018,0.969,0,0.83,0.925,0.915,0.852
Portugal,1980,0.97,0.89,1,0.888,1,0.979,0.91,0.934,0.713,0.018,0.969,0,0.83,0.925,0.893,0.852
Portugal,1981,0.97,0.88,1,0.903,1,0.979,0.91,0.934,0.713,0.018,0.969,0,0.83,0.925,0.893,0.852
Portugal,1982,0.97,0.88,1,0.903,1,0.979,0.91,0.934,0.713,0.018,0.969,0,0.837,0.925,0.893,0.852
Portugal,1983,0.97,0.888,1,0.921,1,0.979,0.946,0.934,0.713,0.018,0.969,0,0.837,0.925,0.893,0.851
Portugal,1984,0.97,0.891,1,0.929,1,0.979,0.946,0.934,0.713,0.018,0.969,0,0.837,0.925,0.893,0.893
Portugal,1985,0.97,0.891,1,0.93,1,0.979,0.946,0.934,0.713,0.018,0.969,0,0.855,0.925,0.893,0.893
Portugal,1986,0.97,0.879,1,0.935,1,0.979,0.953,0.934,0.822,0.018,0.969,0,0.877,0.925,0.893,0.893
Portugal,1987,0.97,0.885,1,0.936,1,0.979,0.953,0.934,0.822,0.018,0.969,0,0.863,0.925,0.893,0.937
Portugal,1988,0.97,0.893,1,0.937,1,0.979,0.953,0.934,0.822,0.018,0.969,0,0.863,0.925,0.893,0.937
Portugal,1989,0.97,0.893,1,0.937,1,0.979,0.953,0.934,0.822,0.018,0.969,0,0.863,0.925,0.885,0.937
Portugal,1990,0.972,0.893,1,0.937,1,0.979,0.953,0.934,0.822,0.018,0.969,0,0.863,0.925,0.868,0.937
Portugal,1991,0.972,0.879,1,0.936,1,0.979,0.953,0.934,0.822,0.018,0.969,0,0.863,0.925,0.868,0.937
Portugal,1992,0.972,0.878,1,0.936,1,0.979,0.953,0.934,0.822,0.018,0.969,0,0.851,0.925,0.868,0.937
Portugal,1993,0.972,0.878,1,0.936,1,0.979,0.953,0.934,0.822,0.018,0.969,0,0.851,0.925,0.868,0.937
Portugal,1994,0.972,0.878,1,0.936,1,0.979,0.953,0.934,0.822,0.018,0.969,0,0.851,0.925,0.868,0.937
Portugal,1995,0.972,0.882,1,0.936,1,0.979,0.953,0.934,0.822,0.018,0.969,0,0.872,0.925,0.895,0.937
Portugal,1996,0.972,0.894,1,0.935,1,0.979,0.953,0.934,0.822,0.018,0.969,0,0.866,0.925,0.895,0.937
Portugal,1997,0.972,0.894,1,0.935,1,0.979,0.953,0.934,0.822,0.018,0.969,0,0.866,0.925,0.895,0.937
Portugal,1998,0.972,0.894,1,0.935,1,0.979,0.953,0.934,0.822,0.158,0.969,0,0.866,0.925,0.895,0.937
Portugal,1999,0.972,0.893,1,0.935,1,0.979,0.953,0.934,0.822,0.158,0.969,0,0.866,0.925,0.895,0.937
Portugal,2000,0.972,0.89,1,0.934,1,0.979,0.953,0.934,0.86,0.158,0.969,0,0.866,0.925,0.895,0.937
Portugal,2001,0.972,0.894,1,0.942,1,0.979,0.953,0.934,0.86,0.158,0.969,0,0.885,0.925,0.895,0.941
Portugal,2002,0.972,0.89,1,0.95,1,0.979,0.953,0.934,0.86,0.158,0.969,0,0.898,0.925,0.895,0.938
Portugal,2003,0.972,0.889,1,0.949,1,0.979,0.953,0.934,0.86,0.14,0.969,0,0.895,0.925,0.895,0.938
Portugal,2004,0.972,0.889,1,0.949,1,0.979,0.953,0.934,0.86,0.122,0.969,0,0.891,0.925,0.895,0.938
Portugal,2005,0.97,0.895,1,0.967,1,0.974,0.953,0.934,0.902,0.105,0.969,0,0.924,0.925,0.886,0.94
Portugal,2006,0.972,0.896,1,0.97,1,0.974,0.953,0.934,0.902,0.088,0.969,0,0.924,0.925,0.886,0.94
Portugal,2007,0.972,0.896,1,0.97,1,0.974,0.953,0.934,0.902,0.175,0.969,0,0.924,0.925,0.886,0.94
Portugal,2008,0.972,0.896,1,0.969,1,0.974,0.953,0.934,0.902,0.175,0.969,0,0.931,0.925,0.886,0.94
Portugal,2009,0.972,0.896,1,0.97,1,0.974,0.953,0.934,0.902,0.175,0.969,0,0.931,0.925,0.886,0.94
Portugal,2010,0.972,0.895,1,0.974,1,0.971,0.949,0.934,0.905,0.175,0.969,0,0.931,0.925,0.883,0.923
Portugal,2011,0.967,0.892,1,0.967,1,0.971,0.953,0.934,0.905,0.175,0.969,0,0.926,0.917,0.88,0.925
Portugal,2012,0.969,0.892,1,0.965,1,0.971,0.957,0.934,0.905,0.164,0.969,0,0.923,0.917,0.88,0.926
Portugal,2013,0.969,0.888,1,0.967,1,0.96,0.955,0.94,0.854,0.154,0.969,0,0.923,0.916,0.88,0.928
Portugal,2014,0.969,0.888,1,0.967,1,0.96,0.955,0.94,0.884,0.144,0.969,0,0.923,0.916,0.88,0.928
Portugal,2015,0.971,0.891,1,0.961,1,0.971,0.961,0.923,0.879,0.133,0.969,0,0.922,0.911,0.91,0.919
Portugal,2016,0.97,0.888,1,0.969,1,0.97,0.953,0.922,0.879,0.122,0.969,0,0.958,0.923,0.931,0.929
Portugal,2017,0.972,0.9,1,0.973,1,0.973,0.972,0.925,0.871,0.112,0.969,0,0.958,0.926,0.909,0.931
Portugal,2018,0.972,0.9,1,0.973,1,0.971,0.97,0.939,0.858,0.102,0.969,0,0.962,0.926,0.909,0.933
Portugal,2019,0.968,0.88,1,0.972,1,0.969,0.97,0.885,0.852,0.091,0.969,0,0.956,0.926,0.892,0.922
Portugal,2020,0.965,0.891,1,0.964,1,0.925,0.928,0.908,0.813,0.08,0.969,0,0.925,0.873,0.897,0.926
Portugal,2021,0.967,0.895,1,0.963,1,0.913,0.94,0.918,0.852,0.07,0.969,0,0.904,0.873,0.86,0.895
Portugal,2022,0.935,0.861,1,0.953,1,0.913,0.941,0.867,0.839,0.06,0.969,0,0.89,0.897,0.857,0.877
Portugal,2023,0.942,0.868,1,0.953,1,0.907,0.941,0.833,0.82,0.049,0.969,0,0.879,0.84,0.781,0.848
Portugal,2024,0.893,0.89,1,0.942,1,0.885,0.945,0.92,0.825,0.038,0.969,0,0.891,0.806,0.826,0.819
El Salvador,1950,0.193,0.208,1,0.039,1,0.152,0.341,0.022,0.191,0,0.696,0.058,0.096,0.082,0.173,0.102
El Salvador,1951,0.193,0.213,1,0.051,1,0.152,0.341,0.022,0.191,0,0.696,0.058,0.096,0.082,0.173,0.102
El Salvador,1952,0.193,0.206,1,0.041,1,0.152,0.341,0.022,0.191,0,0.696,0.058,0.096,0.082,0.173,0.102
El Salvador,1953,0.193,0.205,1,0.039,1,0.152,0.341,0.022,0.191,0,0.696,0.058,0.096,0.082,0.173,0.102
El Salvador,1954,0.193,0.211,1,0.039,1,0.152,0.341,0.022,0.191,0,0.696,0.058,0.096,0.082,0.173,0.102
El Salvador,1955,0.15,0.212,1,0.039,1,0.152,0.341,0.022,0.191,0,0.696,0.058,0.096,0.082,0.173,0.102
El Salvador,1956,0.15,0.214,1,0.04,1,0.152,0.341,0.022,0.191,0,0.696,0.058,0.096,0.082,0.173,0.102
El Salvador,1957,0.15,0.214,1,0.04,1,0.152,0.341,0.022,0.191,0,0.696,0.058,0.096,0.082,0.173,0.102
El Salvador,1958,0.15,0.217,1,0.043,1,0.152,0.341,0.022,0.191,0,0.696,0.058,0.096,0.082,0.173,0.102
El Salvador,1959,0.15,0.217,1,0.044,1,0.152,0.341,0.022,0.191,0,0.696,0.058,0.096,0.082,0.173,0.102
El Salvador,1960,0.158,0.252,1,0.039,0.5,0.133,0.341,0.028,0.259,0,0.696,0.058,0.146,0.12,0.173,0.108
El Salvador,1961,0.158,0.253,1,0.002,0,0.133,0.341,0.028,0.259,0,0.696,0.058,0.146,0.12,0.173,0.108
El Salvador,1962,0.166,0.259,1,0.058,1,0.135,0.341,0.022,0.336,0,0.696,0.058,0.146,0.12,0.173,0.108
El Salvador,1963,0.165,0.256,1,0.057,1,0.138,0.341,0.022,0.336,0,0.696,0.058,0.146,0.12,0.173,0.108
El Salvador,1964,0.165,0.282,1,0.059,1,0.138,0.341,0.022,0.335,0,0.696,0.058,0.146,0.12,0.173,0.108
El Salvador,1965,0.165,0.287,1,0.06,1,0.138,0.341,0.022,0.335,0,0.696,0.058,0.146,0.12,0.173,0.108
El Salvador,1966,0.162,0.284,1,0.061,1,0.131,0.341,0.022,0.335,0,0.696,0.058,0.168,0.12,0.173,0.127
El Salvador,1967,0.154,0.292,1,0.062,1,0.131,0.341,0.022,0.335,0,0.696,0.058,0.172,0.12,0.173,0.127
El Salvador,1968,0.154,0.286,1,0.066,1,0.117,0.341,0.022,0.335,0,0.696,0.058,0.172,0.12,0.173,0.136
El Salvador,1969,0.153,0.284,1,0.067,1,0.108,0.341,0.022,0.335,0,0.696,0.105,0.168,0.12,0.173,0.136
El Salvador,1970,0.149,0.265,1,0.061,1,0.106,0.341,0.022,0.341,0,0.746,0.105,0.168,0.12,0.227,0.136
El Salvador,1971,0.149,0.263,1,0.06,1,0.106,0.341,0.022,0.341,0,0.746,0.105,0.168,0.12,0.227,0.136
El Salvador,1972,0.145,0.224,1,0.057,1,0.081,0.321,0.039,0.276,0,0.746,0.105,0.132,0.062,0.227,0.136
El Salvador,1973,0.115,0.193,1,0.056,1,0.058,0.321,0.022,0.21,0,0.746,0.105,0.106,0.062,0.276,0.136
El Salvador,1974,0.115,0.193,1,0.056,1,0.054,0.321,0.022,0.21,0,0.746,0.105,0.106,0.062,0.276,0.136
El Salvador,1975,0.115,0.193,1,0.056,1,0.054,0.321,0.022,0.21,0,0.746,0.105,0.106,0.062,0.276,0.136
El Salvador,1976,0.115,0.188,1,0.05,1,0.054,0.321,0.022,0.21,0,0.746,0.105,0.106,0.062,0.276,0.136
El Salvador,1977,0.108,0.193,1,0.057,1,0.051,0.321,0.022,0.21,0,0.746,0.105,0.09,0.062,0.276,0.137
El Salvador,1978,0.108,0.186,1,0.056,1,0.044,0.321,0.022,0.21,0,0.746,0.105,0.087,0.062,0.276,0.137
El Salvador,1979,0.112,0.188,1,0.043,0,0.043,0.326,0.027,0.244,0,0.746,0.105,0.094,0.062,0.276,0.137
El Salvador,1980,0.118,0.186,1,0,0,0.044,0.351,0.027,0.275,0,0.746,0.105,0.103,0.066,0.362,0.133
El Salvador,1981,0.125,0.195,1,0,0,0.044,0.351,0.027,0.279,0,0.781,0.105,0.103,0.066,0.362,0.133
El Salvador,1982,0.125,0.225,1,0.006,0.5,0.05,0.351,0.118,0.279,0,0.781,0.105,0.103,0.066,0.362,0.133
El Salvador,1983,0.159,0.198,1,0,0.5,0.05,0.351,0.118,0.279,0.013,0.781,0.105,0.103,0.066,0.362,0.133
El Salvador,1984,0.162,0.235,1,0.071,0.5,0.05,0.351,0.118,0.285,0.013,0.781,0.105,0.116,0.066,0.362,0.133
El Salvador,1985,0.179,0.267,1,0.101,1,0.059,0.351,0.118,0.406,0.013,0.781,0.105,0.224,0.066,0.362,0.138
El Salvador,1986,0.179,0.272,1,0.104,1,0.059,0.351,0.174,0.406,0.013,0.781,0.105,0.229,0.066,0.362,0.138
El Salvador,1987,0.179,0.272,1,0.104,1,0.057,0.351,0.174,0.406,0.013,0.781,0.105,0.229,0.066,0.362,0.138
El Salvador,1988,0.179,0.285,1,0.112,1,0.057,0.351,0.174,0.475,0.013,0.781,0.105,0.229,0.066,0.362,0.138
El Salvador,1989,0.202,0.284,1,0.12,1,0.058,0.368,0.167,0.475,0.013,0.781,0.105,0.229,0.066,0.362,0.138
El Salvador,1990,0.239,0.284,1,0.125,1,0.086,0.368,0.177,0.475,0.013,0.781,0.105,0.229,0.07,0.41,0.095
El Salvador,1991,0.239,0.304,1,0.168,1,0.094,0.356,0.177,0.53,0.013,0.781,0.105,0.228,0.07,0.41,0.095
El Salvador,1992,0.402,0.422,1,0.205,1,0.335,0.414,0.271,0.602,0.013,0.812,0.129,0.396,0.14,0.547,0.154
El Salvador,1993,0.676,0.741,1,0.205,1,0.545,0.442,0.277,0.696,0.013,0.812,0.129,0.558,0.215,0.567,0.179
El Salvador,1994,0.704,0.793,1,0.4,1,0.558,0.464,0.329,0.695,0.013,0.812,0.336,0.564,0.215,0.6,0.192
El Salvador,1995,0.704,0.796,1,0.427,1,0.564,0.464,0.4,0.666,0.013,0.944,0.336,0.584,0.215,0.6,0.239
El Salvador,1996,0.704,0.81,1,0.427,1,0.573,0.464,0.4,0.69,0.013,0.944,0.336,0.584,0.215,0.6,0.239
El Salvador,1997,0.713,0.819,1,0.437,1,0.573,0.464,0.4,0.69,0.013,0.944,0.336,0.584,0.215,0.6,0.239
El Salvador,1998,0.713,0.819,1,0.439,1,0.613,0.491,0.4,0.69,0.013,0.944,0.336,0.584,0.215,0.6,0.239
El Salvador,1999,0.722,0.84,1,0.449,1,0.613,0.491,0.4,0.69,0.013,0.944,0.336,0.584,0.215,0.521,0.239
El Salvador,2000,0.777,0.84,1,0.463,1,0.632,0.528,0.4,0.69,0.013,0.944,0.336,0.557,0.227,0.521,0.239
El Salvador,2001,0.777,0.87,1,0.466,1,0.632,0.528,0.446,0.69,0.013,0.944,0.336,0.557,0.227,0.521,0.239
El Salvador,2002,0.777,0.87,1,0.487,1,0.628,0.528,0.446,0.69,0.013,0.944,0.336,0.574,0.227,0.521,0.239
El Salvador,2003,0.769,0.872,1,0.48,1,0.628,0.563,0.446,0.69,0.013,0.944,0.336,0.574,0.227,0.521,0.239
El Salvador,2004,0.772,0.869,1,0.476,1,0.639,0.563,0.446,0.678,0.013,0.944,0.336,0.574,0.227,0.521,0.239
El Salvador,2005,0.775,0.868,1,0.475,1,0.652,0.563,0.45,0.678,0.013,0.944,0.336,0.574,0.227,0.521,0.239
El Salvador,2006,0.778,0.876,1,0.513,1,0.652,0.576,0.45,0.678,0.013,0.944,0.336,0.574,0.227,0.521,0.239
El Salvador,2007,0.778,0.877,1,0.522,1,0.652,0.576,0.45,0.678,0.013,0.944,0.336,0.574,0.227,0.521,0.239
El Salvador,2008,0.779,0.877,1,0.522,1,0.652,0.602,0.45,0.678,0.013,0.944,0.336,0.574,0.227,0.521,0.239
El Salvador,2009,0.826,0.887,1,0.541,1,0.652,0.626,0.591,0.709,0.013,0.944,0.336,0.721,0.227,0.59,0.246
El Salvador,2010,0.856,0.897,1,0.553,1,0.652,0.659,0.632,0.743,0.013,0.944,0.336,0.719,0.222,0.59,0.275
El Salvador,2011,0.856,0.897,1,0.553,1,0.656,0.659,0.632,0.749,0.013,0.944,0.336,0.701,0.222,0.59,0.266
El Salvador,2012,0.847,0.903,1,0.565,1,0.66,0.691,0.632,0.749,0.013,0.944,0.336,0.705,0.222,0.59,0.27
El Salvador,2013,0.843,0.903,1,0.572,1,0.653,0.69,0.661,0.746,0.013,0.944,0.336,0.634,0.255,0.59,0.275
El Salvador,2014,0.843,0.902,1,0.654,1,0.652,0.69,0.661,0.717,0.013,0.944,0.336,0.654,0.255,0.589,0.275
El Salvador,2015,0.843,0.902,1,0.647,1,0.643,0.69,0.661,0.717,0.013,0.944,0.336,0.665,0.255,0.589,0.275
El Salvador,2016,0.85,0.905,1,0.644,1,0.654,0.672,0.673,0.717,0.013,0.944,0.336,0.631,0.267,0.589,0.276
El Salvador,2017,0.87,0.905,1,0.645,1,0.643,0.659,0.688,0.722,0.013,0.944,0.336,0.616,0.267,0.589,0.276
El Salvador,2018,0.796,0.902,1,0.63,1,0.625,0.631,0.662,0.749,0.013,0.956,0.336,0.598,0.229,0.566,0.28
El Salvador,2019,0.719,0.87,1,0.636,1,0.598,0.582,0.655,0.59,0.013,0.956,0.336,0.412,0.229,0.604,0.286
El Salvador,2020,0.589,0.811,1,0.626,1,0.498,0.483,0.615,0.532,0.013,0.977,0.336,0.341,0.229,0.604,0.268
El Salvador,2021,0.437,0.751,1,0.475,1,0.425,0.086,0.285,0.444,0.013,0.977,0.336,0.249,0.223,0.649,0.25
El Salvador,2022,0.418,0.725,1,0.422,1,0.311,0.076,0.116,0.428,0.013,0.977,0.336,0.247,0.182,0.446,0.25
El Salvador,2023,0.424,0.707,1,0.422,1,0.284,0.04,0.097,0.435,0.013,0.96,0.336,0.251,0.178,0.505,0.25
El Salvador,2024,0.389,0.668,1,0.325,1,0.307,0.023,0.053,0.392,0.013,0.96,0.336,0.268,0.166,0.418,0.161
Senegal,1950,0.465,0.524,1,0.458,0,0.272,0.353,0.247,0.2,0,0.675,0,0.171,0.077,0.172,0.107
Senegal,1951,0.465,0.524,1,0.458,0,0.272,0.353,0.247,0.2,0,0.675,0,0.171,0.077,0.172,0.107
Senegal,1952,0.465,0.527,1,0.447,0,0.272,0.353,0.247,0.2,0,0.675,0,0.171,0.077,0.172,0.107
Senegal,1953,0.417,0.528,1,0.445,0,0.272,0.353,0.247,0.2,0,0.675,0,0.171,0.077,0.172,0.107
Senegal,1954,0.417,0.528,1,0.445,0,0.272,0.353,0.247,0.2,0,0.675,0,0.171,0.077,0.172,0.107
Senegal,1955,0.417,0.528,1,0.445,0,0.272,0.353,0.247,0.2,0,0.675,0,0.171,0.077,0.172,0.107
Senegal,1956,0.417,0.528,1,0.445,0,0.272,0.353,0.247,0.2,0,0.675,0,0.171,0.077,0.172,0.107
Senegal,1957,0.467,0.53,1,0.461,0,0.272,0.353,0.247,0.2,0,0.675,0,0.233,0.077,0.172,0.107
Senegal,1958,0.467,0.531,1,0.466,0,0.272,0.353,0.247,0.2,0,0.675,0,0.233,0.077,0.172,0.107
Senegal,1959,0.479,0.532,1,0.445,0,0.364,0.353,0.21,0.2,0,0.675,0,0.233,0.077,0.172,0.104
Senegal,1960,0.56,0.633,1,0.439,1,0.685,0.553,0.652,0.317,0.02,0.675,0.149,0.611,0.565,0.7,0.37
Senegal,1961,0.52,0.633,1,0.438,1,0.685,0.564,0.652,0.312,0.02,0.675,0.149,0.662,0.626,0.7,0.37
Senegal,1962,0.52,0.633,1,0.438,1,0.73,0.564,0.652,0.312,0.02,0.675,0.149,0.662,0.626,0.7,0.37
Senegal,1963,0.52,0.624,1,0.43,1,0.736,0.57,0.661,0.312,0.213,0.675,0.149,0.662,0.626,0.7,0.37
Senegal,1964,0.52,0.431,1,0.351,1,0.736,0.57,0.661,0.312,0.213,0.675,0.149,0.662,0.626,0.7,0.37
Senegal,1965,0.52,0.431,1,0.351,1,0.736,0.57,0.661,0.312,0.213,0.675,0.149,0.662,0.626,0.7,0.37
Senegal,1966,0.52,0.438,1,0.351,1,0.736,0.57,0.661,0.312,0.213,0.675,0.149,0.662,0.626,0.7,0.37
Senegal,1967,0.52,0.438,1,0.351,1,0.736,0.57,0.661,0.312,0.213,0.675,0.149,0.662,0.626,0.7,0.37
Senegal,1968,0.542,0.466,1,0.405,1,0.736,0.57,0.661,0.312,0.201,0.675,0.149,0.662,0.626,0.7,0.37
Senegal,1969,0.542,0.536,1,0.414,1,0.736,0.57,0.661,0.353,0.189,0.675,0.149,0.662,0.626,0.7,0.37
Senegal,1970,0.579,0.534,1,0.414,1,0.758,0.596,0.661,0.353,0.213,0.675,0.149,0.703,0.626,0.732,0.37
Senegal,1971,0.579,0.534,1,0.414,1,0.756,0.596,0.661,0.353,0.213,0.675,0.149,0.703,0.626,0.732,0.37
Senegal,1972,0.602,0.534,1,0.414,1,0.756,0.596,0.661,0.353,0.213,0.675,0.149,0.703,0.626,0.732,0.37
Senegal,1973,0.602,0.491,1,0.406,1,0.756,0.596,0.661,0.353,0.213,0.675,0.149,0.703,0.626,0.732,0.37
Senegal,1974,0.602,0.466,1,0.406,1,0.756,0.596,0.661,0.353,0.213,0.675,0.149,0.703,0.626,0.732,0.37
Senegal,1975,0.602,0.466,1,0.406,1,0.756,0.596,0.661,0.353,0.201,0.675,0.149,0.703,0.626,0.732,0.37
Senegal,1976,0.64,0.466,1,0.406,1,0.782,0.596,0.661,0.353,0.189,0.675,0.149,0.721,0.686,0.732,0.37
Senegal,1977,0.64,0.466,1,0.406,1,0.782,0.596,0.661,0.353,0.177,0.675,0.149,0.726,0.686,0.732,0.37
Senegal,1978,0.64,0.507,1,0.446,1,0.782,0.596,0.661,0.353,0.165,0.675,0.149,0.726,0.686,0.732,0.37
Senegal,1979,0.64,0.515,1,0.453,1,0.782,0.596,0.661,0.353,0.153,0.675,0.149,0.726,0.686,0.732,0.37
Senegal,1980,0.646,0.576,1,0.453,1,0.786,0.596,0.661,0.405,0.141,0.675,0.149,0.702,0.686,0.773,0.411
Senegal,1981,0.732,0.625,1,0.453,1,0.786,0.636,0.665,0.541,0.129,0.675,0.149,0.78,0.806,0.773,0.376
Senegal,1982,0.738,0.675,1,0.453,1,0.792,0.636,0.665,0.705,0.117,0.675,0.149,0.802,0.806,0.773,0.376
Senegal,1983,0.738,0.71,1,0.49,1,0.802,0.636,0.665,0.705,0.105,0.675,0.149,0.782,0.806,0.773,0.376
Senegal,1984,0.741,0.708,1,0.496,1,0.802,0.636,0.665,0.705,0.093,0.675,0.149,0.782,0.806,0.773,0.376
Senegal,1985,0.741,0.708,1,0.496,1,0.802,0.636,0.665,0.705,0.081,0.675,0.149,0.782,0.806,0.773,0.376
Senegal,1986,0.741,0.708,1,0.496,1,0.802,0.636,0.665,0.705,0.069,0.675,0.149,0.782,0.806,0.773,0.376
Senegal,1987,0.741,0.708,1,0.496,1,0.802,0.636,0.665,0.705,0.057,0.675,0.149,0.782,0.806,0.773,0.376
Senegal,1988,0.739,0.746,1,0.465,1,0.802,0.636,0.665,0.705,0.045,0.675,0.149,0.782,0.806,0.773,0.376
Senegal,1989,0.739,0.754,1,0.46,1,0.802,0.636,0.665,0.705,0.033,0.675,0.149,0.782,0.806,0.773,0.376
Senegal,1990,0.73,0.824,1,0.46,1,0.802,0.636,0.7,0.705,0.033,0.675,0.149,0.816,0.806,0.773,0.422
Senegal,1991,0.766,0.825,1,0.46,1,0.802,0.636,0.7,0.744,0.033,0.675,0.149,0.816,0.806,0.773,0.422
Senegal,1992,0.766,0.841,1,0.487,1,0.802,0.636,0.7,0.744,0.033,0.675,0.149,0.844,0.806,0.773,0.388
Senegal,1993,0.778,0.844,1,0.647,1,0.802,0.636,0.7,0.744,0.033,0.675,0.149,0.844,0.806,0.798,0.356
Senegal,1994,0.798,0.844,1,0.673,1,0.802,0.636,0.7,0.744,0.033,0.675,0.149,0.844,0.806,0.798,0.356
Senegal,1995,0.813,0.844,1,0.673,1,0.802,0.636,0.7,0.818,0.033,0.675,0.149,0.844,0.806,0.798,0.356
Senegal,1996,0.821,0.844,1,0.673,1,0.802,0.636,0.7,0.818,0.033,0.675,0.149,0.844,0.806,0.801,0.356
Senegal,1997,0.821,0.844,1,0.673,1,0.817,0.636,0.7,0.818,0.033,0.675,0.149,0.844,0.806,0.801,0.356
Senegal,1998,0.821,0.842,1,0.673,1,0.817,0.636,0.7,0.818,0.033,0.675,0.149,0.844,0.806,0.801,0.356
Senegal,1999,0.821,0.841,1,0.674,1,0.817,0.636,0.7,0.818,0.033,0.675,0.149,0.852,0.806,0.801,0.356
Senegal,2000,0.853,0.834,1,0.73,1,0.817,0.636,0.747,0.864,0.033,0.675,0.149,0.867,0.806,0.823,0.413
Senegal,2001,0.872,0.832,1,0.592,1,0.842,0.645,0.672,0.864,0.151,0.675,0.149,0.887,0.787,0.811,0.501
Senegal,2002,0.872,0.832,1,0.74,1,0.842,0.645,0.799,0.864,0.151,0.675,0.149,0.887,0.787,0.811,0.501
Senegal,2003,0.872,0.832,1,0.74,1,0.842,0.645,0.799,0.864,0.151,0.675,0.149,0.885,0.787,0.811,0.501
Senegal,2004,0.872,0.832,1,0.74,1,0.842,0.645,0.799,0.864,0.151,0.675,0.149,0.885,0.787,0.811,0.501
Senegal,2005,0.872,0.832,1,0.74,1,0.842,0.645,0.799,0.864,0.151,0.675,0.149,0.885,0.787,0.811,0.501
Senegal,2006,0.872,0.832,1,0.74,1,0.842,0.645,0.799,0.864,0.143,0.675,0.149,0.885,0.787,0.811,0.501
Senegal,2007,0.87,0.842,1,0.702,1,0.842,0.645,0.799,0.864,0.136,0.675,0.149,0.885,0.787,0.811,0.501
Senegal,2008,0.868,0.84,1,0.698,1,0.842,0.645,0.799,0.854,0.128,0.675,0.149,0.885,0.787,0.811,0.501
Senegal,2009,0.862,0.845,1,0.698,1,0.842,0.645,0.799,0.854,0.12,0.675,0.149,0.885,0.787,0.811,0.501
Senegal,2010,0.896,0.845,1,0.698,1,0.846,0.644,0.799,0.848,0.112,0.675,0.149,0.886,0.85,0.811,0.501
Senegal,2011,0.896,0.845,1,0.698,1,0.846,0.644,0.799,0.848,0.104,0.675,0.149,0.886,0.85,0.811,0.501
Senegal,2012,0.894,0.85,1,0.711,1,0.844,0.645,0.795,0.872,0.096,0.675,0.149,0.891,0.85,0.821,0.496
Senegal,2013,0.939,0.855,1,0.729,1,0.851,0.718,0.829,0.839,0.088,0.74,0.113,0.865,0.85,0.815,0.534
Senegal,2014,0.942,0.857,1,0.729,1,0.851,0.718,0.829,0.831,0.08,0.74,0.113,0.863,0.85,0.815,0.534
Senegal,2015,0.942,0.857,1,0.729,1,0.877,0.718,0.818,0.831,0.072,0.74,0.113,0.863,0.85,0.815,0.526
Senegal,2016,0.943,0.857,1,0.729,1,0.859,0.691,0.818,0.831,0.151,0.74,0.113,0.847,0.832,0.815,0.544
Senegal,2017,0.952,0.822,1,0.702,1,0.861,0.698,0.797,0.863,0.151,0.792,0.113,0.836,0.835,0.845,0.549
Senegal,2018,0.943,0.805,1,0.712,1,0.864,0.625,0.809,0.86,0.151,0.792,0.102,0.795,0.766,0.839,0.545
Senegal,2019,0.942,0.781,1,0.749,1,0.838,0.642,0.809,0.864,0.151,0.792,0.11,0.794,0.772,0.83,0.525
Senegal,2020,0.943,0.835,1,0.778,1,0.862,0.668,0.733,0.82,0.151,0.792,0.173,0.851,0.82,0.842,0.528
Senegal,2021,0.941,0.804,1,0.778,1,0.878,0.712,0.716,0.82,0.143,0.792,0.173,0.851,0.815,0.85,0.523
Senegal,2022,0.914,0.804,1,0.743,1,0.878,0.681,0.735,0.855,0.136,0.792,0.173,0.886,0.827,0.85,0.546
Senegal,2023,0.878,0.749,1,0.683,1,0.817,0.608,0.735,0.855,0.128,0.792,0.173,0.866,0.725,0.85,0.546
Senegal,2024,0.846,0.713,1,0.715,1,0.821,0.62,0.73,0.872,0.12,0.792,0.173,0.889,0.725,0.863,0.548
Vietnam,1950,0.134,0.275,1,0.557,1,0.251,0.164,0.38,0.654,0.02,0.931,0.912,0.649,0.513,0.751,0.543
Vietnam,1951,0.098,0.253,1,0.557,1,0.231,0.081,0.341,0.602,0.02,0.931,0.912,0.613,0.513,0.789,0.525
Vietnam,1952,0.091,0.253,1,0.557,1,0.232,0.081,0.341,0.602,0.02,0.931,0.912,0.609,0.513,0.789,0.525
Vietnam,1953,0.091,0.253,1,0.557,1,0.189,0.081,0.341,0.602,0.02,0.931,0.912,0.609,0.513,0.789,0.525
Vietnam,1954,0.091,0.223,1,0.557,1,0.162,0.081,0.341,0.552,0.02,0.931,0.912,0.609,0.499,0.789,0.525
Vietnam,1955,0.094,0.16,1,0.557,1,0.176,0.081,0.308,0.52,0.02,0.931,0.912,0.628,0.515,0.789,0.547
Vietnam,1956,0.089,0.134,1,0.564,1,0.154,0.081,0.308,0.463,0.02,0.931,0.912,0.63,0.514,0.789,0.567
Vietnam,1957,0.082,0.11,1,0.564,1,0.162,0.081,0.308,0.463,0.02,0.931,0.912,0.63,0.514,0.789,0.576
Vietnam,1958,0.069,0.11,1,0.564,1,0.137,0.081,0.308,0.463,0.02,0.931,0.912,0.515,0.514,0.796,0.563
Vietnam,1959,0.069,0.11,1,0.564,1,0.132,0.081,0.308,0.463,0.02,0.931,0.912,0.526,0.514,0.796,0.563
Vietnam,1960,0.069,0.104,1,0.544,1,0.128,0.081,0.308,0.463,0.02,0.931,0.912,0.463,0.493,0.796,0.598
Vietnam,1961,0.069,0.099,1,0.534,1,0.123,0.081,0.274,0.463,0.02,0.931,0.912,0.463,0.493,0.752,0.617
Vietnam,1962,0.069,0.099,1,0.534,1,0.123,0.081,0.274,0.463,0.02,0.931,0.912,0.463,0.493,0.752,0.617
Vietnam,1963,0.069,0.099,1,0.534,1,0.123,0.081,0.274,0.463,0.02,0.931,0.912,0.463,0.493,0.752,0.617
Vietnam,1964,0.069,0.099,1,0.54,1,0.123,0.081,0.274,0.463,0.02,0.931,0.912,0.441,0.493,0.752,0.617
Vietnam,1965,0.069,0.1,1,0.543,1,0.123,0.081,0.274,0.463,0.02,0.931,0.912,0.441,0.493,0.752,0.617
Vietnam,1966,0.069,0.1,1,0.543,1,0.123,0.081,0.274,0.463,0.02,0.931,0.912,0.441,0.493,0.752,0.617
Vietnam,1967,0.069,0.1,1,0.543,1,0.123,0.081,0.274,0.463,0.02,0.931,0.912,0.441,0.493,0.752,0.617
Vietnam,1968,0.069,0.1,1,0.543,1,0.123,0.081,0.274,0.463,0.02,0.931,0.912,0.441,0.493,0.752,0.617
Vietnam,1969,0.069,0.1,1,0.543,1,0.122,0.081,0.274,0.463,0.02,0.931,0.912,0.441,0.493,0.752,0.617
Vietnam,1970,0.069,0.1,1,0.543,1,0.122,0.081,0.274,0.463,0.02,0.931,0.912,0.441,0.493,0.752,0.617
Vietnam,1971,0.069,0.097,1,0.545,1,0.122,0.081,0.274,0.463,0.02,0.931,0.912,0.441,0.493,0.752,0.617
Vietnam,1972,0.069,0.096,1,0.546,1,0.122,0.081,0.274,0.463,0.02,0.931,0.912,0.441,0.493,0.752,0.617
Vietnam,1973,0.069,0.096,1,0.546,1,0.122,0.081,0.274,0.463,0.02,0.931,0.912,0.441,0.493,0.752,0.617
Vietnam,1974,0.069,0.096,1,0.546,1,0.122,0.081,0.274,0.463,0.02,0.931,0.912,0.441,0.493,0.734,0.617
Vietnam,1975,0.065,0.095,1,0.537,1,0.122,0.081,0.274,0.463,0.02,0.931,0.912,0.441,0.494,0.689,0.617
Vietnam,1976,0.063,0.049,1,0.555,1,0.124,0.081,0.274,0.499,0.02,0.931,0.912,0.414,0.566,0.678,0.629
Vietnam,1977,0.065,0.05,1,0.557,0,0.124,0.081,0.274,0.499,0.02,0.931,0.912,0.43,0.566,0.678,0.629
Vietnam,1978,0.065,0.05,1,0.557,0,0.124,0.081,0.274,0.499,0.02,0.931,0.912,0.425,0.566,0.678,0.629
Vietnam,1979,0.065,0.05,1,0.557,0,0.134,0.081,0.274,0.499,0.02,0.931,0.912,0.425,0.566,0.678,0.629
Vietnam,1980,0.069,0.05,1,0.55,0,0.14,0.081,0.274,0.499,0.02,0.931,0.912,0.44,0.567,0.678,0.634
Vietnam,1981,0.069,0.048,1,0.535,0,0.14,0.081,0.274,0.499,0.02,0.931,0.912,0.44,0.567,0.678,0.634
Vietnam,1982,0.069,0.04,1,0.529,0,0.14,0.081,0.274,0.499,0.02,0.931,0.912,0.44,0.567,0.678,0.634
Vietnam,1983,0.069,0.04,1,0.529,0,0.14,0.081,0.274,0.499,0.02,0.931,0.912,0.44,0.567,0.678,0.634
Vietnam,1984,0.069,0.04,1,0.529,0,0.14,0.081,0.274,0.499,0.02,0.931,0.912,0.458,0.567,0.678,0.634
Vietnam,1985,0.069,0.04,1,0.529,0,0.143,0.081,0.274,0.499,0.02,0.931,0.912,0.505,0.587,0.678,0.634
Vietnam,1986,0.137,0.06,1,0.529,0,0.177,0.097,0.274,0.499,0.02,0.931,0.912,0.599,0.684,0.646,0.63
Vietnam,1987,0.195,0.07,1,0.528,0,0.188,0.097,0.274,0.737,0.02,0.931,0.912,0.706,0.67,0.646,0.63
Vietnam,1988,0.214,0.069,1,0.527,0,0.187,0.097,0.274,0.737,0.02,0.931,0.912,0.706,0.67,0.646,0.63
Vietnam,1989,0.199,0.052,1,0.527,0,0.198,0.097,0.274,0.737,0.02,0.931,0.912,0.659,0.67,0.646,0.72
Vietnam,1990,0.134,0.049,1,0.542,0,0.255,0.097,0.274,0.737,0.02,0.931,0.912,0.558,0.676,0.646,0.72
Vietnam,1991,0.138,0.049,1,0.542,0,0.285,0.097,0.274,0.737,0.02,0.931,0.912,0.558,0.676,0.618,0.72
Vietnam,1992,0.141,0.044,1,0.532,0,0.303,0.097,0.274,0.737,0.02,0.931,0.912,0.563,0.676,0.618,0.819
Vietnam,1993,0.141,0.047,1,0.52,0,0.322,0.097,0.289,0.737,0.02,0.931,0.912,0.557,0.676,0.618,0.759
Vietnam,1994,0.141,0.047,1,0.52,0,0.333,0.097,0.311,0.737,0.02,0.931,0.912,0.557,0.676,0.618,0.759
Vietnam,1995,0.141,0.047,1,0.52,0,0.333,0.097,0.311,0.737,0.02,0.931,0.912,0.557,0.676,0.618,0.758
Vietnam,1996,0.153,0.052,1,0.52,0,0.319,0.097,0.339,0.741,0.02,0.931,0.912,0.565,0.676,0.618,0.758
Vietnam,1997,0.153,0.052,1,0.51,0,0.319,0.097,0.339,0.738,0.02,0.931,0.912,0.565,0.676,0.618,0.736
Vietnam,1998,0.153,0.053,1,0.499,0,0.33,0.097,0.339,0.738,0.02,0.931,0.912,0.565,0.676,0.585,0.736
Vietnam,1999,0.153,0.053,1,0.499,0,0.387,0.097,0.339,0.738,0.02,0.931,0.912,0.565,0.673,0.585,0.736
Vietnam,2000,0.151,0.047,1,0.499,0,0.419,0.094,0.339,0.757,0.02,0.931,0.912,0.646,0.712,0.585,0.736
Vietnam,2001,0.151,0.047,1,0.499,0,0.421,0.094,0.339,0.757,0.02,0.931,0.912,0.655,0.712,0.585,0.736
Vietnam,2002,0.151,0.05,1,0.474,0,0.421,0.094,0.359,0.741,0.02,0.931,0.912,0.649,0.712,0.585,0.736
Vietnam,2003,0.151,0.052,1,0.459,0,0.421,0.094,0.359,0.741,0.02,0.931,0.912,0.648,0.712,0.585,0.736
Vietnam,2004,0.159,0.052,1,0.459,0,0.423,0.094,0.359,0.741,0.02,0.931,0.912,0.656,0.712,0.585,0.736
Vietnam,2005,0.151,0.052,1,0.459,0,0.466,0.227,0.359,0.741,0.02,0.931,0.912,0.656,0.714,0.585,0.736
Vietnam,2006,0.154,0.053,1,0.459,0,0.474,0.227,0.359,0.741,0.02,0.931,0.912,0.657,0.714,0.585,0.736
Vietnam,2007,0.154,0.053,1,0.471,0,0.473,0.227,0.359,0.74,0.02,0.931,0.912,0.635,0.705,0.585,0.736
Vietnam,2008,0.154,0.053,1,0.478,0,0.473,0.227,0.359,0.749,0.02,0.931,0.912,0.635,0.705,0.585,0.736
Vietnam,2009,0.154,0.049,1,0.478,0,0.473,0.227,0.359,0.749,0.02,0.931,0.912,0.635,0.705,0.585,0.736
Vietnam,2010,0.154,0.051,1,0.478,0,0.481,0.227,0.359,0.754,0.02,0.931,0.912,0.635,0.713,0.588,0.761
Vietnam,2011,0.154,0.05,1,0.474,0,0.481,0.227,0.359,0.761,0.02,0.931,0.912,0.635,0.713,0.588,0.761
Vietnam,2012,0.154,0.049,1,0.471,0,0.482,0.227,0.359,0.754,0.02,0.931,0.912,0.635,0.713,0.588,0.761
Vietnam,2013,0.149,0.048,1,0.471,0,0.512,0.227,0.412,0.724,0.02,0.925,0.912,0.624,0.759,0.554,0.757
Vietnam,2014,0.149,0.049,1,0.471,0,0.512,0.227,0.412,0.724,0.02,0.925,0.912,0.624,0.759,0.554,0.757
Vietnam,2015,0.149,0.05,1,0.471,0,0.512,0.227,0.412,0.732,0.02,0.925,0.912,0.624,0.759,0.554,0.757
Vietnam,2016,0.149,0.046,1,0.499,0,0.514,0.227,0.434,0.734,0.02,0.925,0.912,0.63,0.759,0.554,0.757
Vietnam,2017,0.155,0.044,1,0.499,0,0.508,0.227,0.4,0.732,0.02,0.925,0.912,0.632,0.759,0.514,0.759
Vietnam,2018,0.137,0.044,1,0.499,1,0.498,0.185,0.4,0.732,0.02,0.925,0.912,0.632,0.637,0.514,0.759
Vietnam,2019,0.13,0.044,1,0.505,1,0.451,0.167,0.378,0.737,0.02,0.959,0.912,0.619,0.62,0.544,0.748
Vietnam,2020,0.129,0.044,1,0.495,1,0.438,0.159,0.272,0.689,0.02,0.908,0.912,0.602,0.579,0.55,0.801
Vietnam,2021,0.15,0.042,1,0.526,0,0.417,0.186,0.388,0.682,0.02,0.918,0.921,0.632,0.569,0.517,0.699
Vietnam,2022,0.161,0.025,1,0.531,0,0.409,0.163,0.458,0.609,0.02,0.96,0.921,0.616,0.546,0.577,0.748
Vietnam,2023,0.142,0.021,1,0.513,0,0.411,0.182,0.513,0.695,0.02,0.96,0.921,0.625,0.57,0.535,0.789
Vietnam,2024,0.138,0.021,1,0.514,1,0.479,0.169,0.483,0.674,0.02,0.774,0.673,0.659,0.509,0.544,0.828
India,1950,0.822,0.676,1,0,0.395,0.668,0.806,0.829,0.517,0,0.673,0.985,0.823,0.681,0.791,0.139
India,1951,0.822,0.687,1,0.156,0.395,0.668,0.806,0.79,0.517,0,0.673,0.985,0.823,0.681,0.791,0.149
India,1952,0.822,0.731,1,0.837,0.98,0.668,0.806,0.803,0.517,0,0.673,0.985,0.823,0.681,0.791,0.149
India,1953,0.822,0.731,1,0.837,0.98,0.668,0.806,0.803,0.517,0,0.673,0.985,0.823,0.681,0.791,0.149
India,1954,0.822,0.731,1,0.837,0.98,0.668,0.806,0.803,0.517,0,0.673,0.985,0.823,0.681,0.791,0.149
India,1955,0.822,0.731,1,0.837,0.98,0.668,0.806,0.803,0.517,0,0.673,0.985,0.823,0.707,0.791,0.149
India,1956,0.822,0.731,1,0.837,0.98,0.678,0.806,0.803,0.517,0,0.673,0.985,0.823,0.707,0.791,0.149
India,1957,0.822,0.769,1,0.821,0.982,0.678,0.806,0.803,0.517,0,0.673,0.985,0.823,0.707,0.791,0.149
India,1958,0.822,0.776,1,0.818,0.982,0.678,0.806,0.803,0.517,0,0.739,0.985,0.823,0.707,0.791,0.149
India,1959,0.822,0.776,1,0.818,0.982,0.678,0.806,0.803,0.517,0,0.739,0.985,0.823,0.707,0.791,0.149
India,1960,0.822,0.776,1,0.818,0.982,0.678,0.806,0.803,0.517,0,0.739,0.985,0.823,0.707,0.791,0.149
India,1961,0.822,0.776,1,0.818,0.982,0.678,0.806,0.803,0.517,0,0.739,0.985,0.823,0.707,0.791,0.149
India,1962,0.822,0.732,1,0.819,0.972,0.678,0.806,0.803,0.517,0,0.739,0.985,0.823,0.707,0.791,0.149
India,1963,0.822,0.725,1,0.819,0.972,0.678,0.806,0.803,0.517,0,0.739,0.985,0.823,0.707,0.791,0.149
India,1964,0.822,0.717,1,0.819,0.972,0.678,0.806,0.803,0.517,0,0.739,0.985,0.823,0.707,0.791,0.149
India,1965,0.81,0.717,1,0.819,0.972,0.678,0.757,0.803,0.517,0,0.739,0.985,0.823,0.707,0.791,0.149
India,1966,0.81,0.727,1,0.819,0.972,0.678,0.757,0.803,0.517,0,0.739,0.985,0.823,0.707,0.791,0.149
India,1967,0.81,0.766,1,0.796,0.994,0.678,0.757,0.803,0.517,0,0.739,0.985,0.823,0.707,0.791,0.149
India,1968,0.81,0.771,1,0.792,0.994,0.678,0.757,0.803,0.517,0,0.739,0.985,0.861,0.707,0.791,0.144
India,1969,0.81,0.771,1,0.792,0.994,0.678,0.757,0.803,0.517,0,0.739,0.985,0.861,0.707,0.791,0.144
India,1970,0.82,0.772,1,0.792,0.994,0.678,0.706,0.803,0.501,0,0.739,0.985,0.861,0.707,0.814,0.175
India,1971,0.82,0.765,1,0.692,0.994,0.678,0.706,0.803,0.501,0,0.739,0.985,0.861,0.707,0.814,0.175
India,1972,0.82,0.772,1,0.673,0.994,0.678,0.706,0.803,0.499,0,0.739,0.985,0.861,0.707,0.814,0.206
India,1973,0.82,0.772,1,0.673,0.994,0.678,0.706,0.803,0.458,0,0.739,0.985,0.861,0.707,0.814,0.206
India,1974,0.72,0.762,1,0.673,0.994,0.678,0.706,0.803,0.395,0,0.739,0.985,0.861,0.707,0.872,0.206
India,1975,0.389,0.554,1,0.636,0.994,0.51,0.6,0.803,0.316,0,0.739,0.985,0.69,0.707,0.873,0.206
India,1976,0.386,0.539,1,0.627,0.994,0.51,0.583,0.675,0.344,0,0.739,0.985,0.625,0.707,0.873,0.206
India,1977,0.676,0.58,1,0.688,0.996,0.631,0.619,0.675,0.616,0,0.739,0.985,0.903,0.707,0.823,0.206
India,1978,0.852,0.795,1,0.719,0.996,0.678,0.808,0.84,0.682,0,0.739,0.985,0.923,0.709,0.812,0.27
India,1979,0.862,0.795,1,0.719,0.996,0.678,0.808,0.84,0.682,0,0.739,0.985,0.923,0.709,0.812,0.27
India,1980,0.862,0.795,1,0.713,0.996,0.65,0.808,0.84,0.682,0,0.739,0.985,0.923,0.701,0.829,0.289
India,1981,0.862,0.784,1,0.713,0.996,0.641,0.808,0.84,0.702,0,0.739,0.985,0.923,0.701,0.829,0.289
India,1982,0.862,0.781,1,0.713,0.996,0.641,0.808,0.84,0.716,0,0.739,0.985,0.923,0.701,0.829,0.289
India,1983,0.862,0.788,1,0.713,0.996,0.641,0.808,0.84,0.716,0,0.739,0.985,0.923,0.701,0.829,0.289
India,1984,0.862,0.789,1,0.713,0.996,0.637,0.808,0.84,0.716,0,0.739,0.985,0.923,0.703,0.829,0.289
India,1985,0.862,0.798,1,0.733,0.996,0.669,0.808,0.84,0.735,0,0.739,0.985,0.923,0.709,0.829,0.289
India,1986,0.862,0.805,1,0.733,0.996,0.671,0.808,0.84,0.735,0,0.739,0.985,0.923,0.709,0.829,0.297
India,1987,0.862,0.805,1,0.733,0.996,0.671,0.808,0.84,0.735,0,0.739,0.985,0.923,0.709,0.829,0.297
India,1988,0.862,0.799,1,0.733,0.996,0.671,0.808,0.84,0.735,0,0.739,0.985,0.923,0.709,0.829,0.297
India,1989,0.862,0.799,1,0.736,0.996,0.67,0.808,0.84,0.735,0,0.739,0.985,0.923,0.705,0.846,0.297
India,1990,0.867,0.8,1,0.789,0.996,0.667,0.808,0.84,0.78,0,0.739,0.985,0.923,0.705,0.835,0.319
India,1991,0.867,0.811,1,0.82,0.996,0.693,0.808,0.84,0.823,0,0.739,0.985,0.929,0.705,0.835,0.319
India,1992,0.882,0.815,1,0.829,0.996,0.693,0.808,0.84,0.801,0,0.739,0.985,0.929,0.705,0.807,0.33
India,1993,0.882,0.822,1,0.829,0.996,0.696,0.808,0.84,0.801,0,0.739,0.985,0.929,0.705,0.807,0.372
India,1994,0.896,0.822,1,0.829,0.996,0.696,0.808,0.84,0.829,0,0.841,0.985,0.929,0.705,0.807,0.372
India,1995,0.896,0.822,1,0.829,0.996,0.696,0.808,0.84,0.829,0,0.741,0.985,0.929,0.705,0.824,0.372
India,1996,0.896,0.814,1,0.847,0.996,0.701,0.819,0.84,0.829,0,0.879,0.985,0.929,0.705,0.824,0.32
India,1997,0.896,0.81,1,0.856,0.996,0.704,0.819,0.84,0.829,0,0.879,0.985,0.929,0.705,0.824,0.32
India,1998,0.896,0.82,1,0.857,0.996,0.699,0.819,0.84,0.829,0,0.879,0.985,0.929,0.705,0.824,0.32
India,1999,0.892,0.809,1,0.857,0.996,0.704,0.819,0.84,0.829,0,0.879,0.985,0.929,0.705,0.824,0.32
India,2000,0.888,0.794,1,0.855,0.996,0.704,0.819,0.84,0.829,0,0.879,0.985,0.929,0.686,0.824,0.32
India,2001,0.888,0.794,1,0.855,0.996,0.704,0.819,0.84,0.829,0,0.879,0.985,0.929,0.686,0.779,0.32
India,2002,0.888,0.802,1,0.855,0.996,0.699,0.819,0.84,0.829,0,0.879,0.985,0.929,0.686,0.779,0.32
India,2003,0.894,0.797,1,0.855,0.996,0.691,0.819,0.84,0.869,0,0.879,0.985,0.931,0.686,0.779,0.32
India,2004,0.885,0.804,1,0.848,0.996,0.691,0.819,0.84,0.833,0,0.879,0.985,0.931,0.686,0.779,0.32
India,2005,0.891,0.779,1,0.845,0.996,0.692,0.819,0.84,0.846,0,0.879,0.985,0.931,0.686,0.779,0.284
India,2006,0.895,0.777,1,0.845,0.996,0.692,0.819,0.84,0.846,0,0.879,0.985,0.928,0.689,0.763,0.284
India,2007,0.895,0.777,1,0.845,0.996,0.692,0.819,0.84,0.845,0,0.879,0.985,0.931,0.689,0.763,0.284
India,2008,0.895,0.777,1,0.845,0.996,0.692,0.819,0.84,0.845,0,0.879,0.985,0.931,0.689,0.763,0.284
India,2009,0.882,0.79,1,0.768,0.996,0.692,0.819,0.84,0.845,0,0.879,0.985,0.932,0.689,0.765,0.299
India,2010,0.889,0.795,1,0.731,0.996,0.702,0.82,0.857,0.845,0,0.879,0.985,0.934,0.681,0.732,0.3
India,2011,0.889,0.795,1,0.731,0.996,0.699,0.82,0.857,0.842,0,0.879,0.985,0.934,0.681,0.732,0.29
India,2012,0.873,0.782,1,0.731,0.996,0.7,0.82,0.841,0.846,0,0.879,0.985,0.928,0.692,0.738,0.27
India,2013,0.868,0.786,1,0.726,0.996,0.733,0.825,0.833,0.84,0,0.879,0.985,0.9,0.714,0.722,0.28
India,2014,0.813,0.78,1,0.698,0.996,0.714,0.82,0.82,0.698,0,0.879,0.985,0.823,0.699,0.68,0.275
India,2015,0.666,0.757,1,0.67,0.996,0.688,0.803,0.761,0.651,0,0.879,0.985,0.717,0.668,0.586,0.274
India,2016,0.615,0.753,1,0.67,0.996,0.67,0.8,0.759,0.622,0,0.879,0.985,0.709,0.617,0.599,0.29
India,2017,0.549,0.725,1,0.641,0.996,0.652,0.779,0.726,0.641,0,0.879,0.985,0.676,0.609,0.58,0.293
India,2018,0.54,0.718,1,0.639,0.996,0.66,0.776,0.691,0.629,0,0.879,0.985,0.667,0.602,0.6,0.267
India,2019,0.514,0.678,1,0.537,0.996,0.616,0.762,0.659,0.63,0,0.866,0.992,0.599,0.552,0.444,0.268
India,2020,0.441,0.662,1,0.497,0.996,0.587,0.757,0.621,0.624,0,0.858,0.992,0.574,0.586,0.505,0.252
India,2021,0.462,0.662,1,0.504,0.996,0.612,0.768,0.686,0.633,0,0.858,0.992,0.608,0.637,0.539,0.277
India,2022,0.447,0.627,1,0.504,0.996,0.58,0.763,0.634,0.667,0,0.858,0.982,0.616,0.547,0.533,0.275
India,2023,0.423,0.6,1,0.498,0.996,0.556,0.714,0.61,0.598,0,0.793,0.944,0.606,0.497,0.522,0.258
India,2024,0.493,0.593,1,0.523,0.996,0.584,0.708,0.633,0.593,0,0.865,0.981,0.629,0.459,0.506,0.314
Kenya,1950,0.086,0.084,0.01,0.483,0,0.028,0.217,0.278,0.052,0,0.123,0,0.194,0.32,0.032,0.139
Kenya,1951,0.085,0.084,0.01,0.483,0,0.028,0.217,0.278,0.052,0,0.123,0,0.205,0.316,0.032,0.139
Kenya,1952,0.065,0.112,0.01,0.444,0,0.016,0.217,0.278,0.052,0,0.123,0,0.205,0.291,0.032,0.139
Kenya,1953,0.069,0.111,0.01,0.413,0,0.016,0.217,0.278,0.052,0,0.123,0,0.212,0.291,0.032,0.139
Kenya,1954,0.078,0.114,0.01,0.407,0,0.016,0.217,0.278,0.052,0,0.123,0,0.212,0.291,0.032,0.139
Kenya,1955,0.082,0.114,0.01,0.429,0,0.016,0.217,0.278,0.049,0,0.123,0,0.212,0.291,0.032,0.139
Kenya,1956,0.087,0.116,0.2,0.424,0,0.016,0.217,0.278,0.049,0,0.123,0,0.212,0.291,0.032,0.139
Kenya,1957,0.087,0.126,0.2,0.439,0,0.032,0.217,0.405,0.049,0,0.123,0,0.212,0.305,0.032,0.139
Kenya,1958,0.09,0.15,0.2,0.439,0,0.032,0.217,0.405,0.049,0,0.123,0,0.213,0.305,0.032,0.139
Kenya,1959,0.09,0.163,0.2,0.439,0,0.032,0.217,0.405,0.049,0,0.123,0,0.213,0.314,0.032,0.139
Kenya,1960,0.131,0.205,0.2,0.439,0,0.058,0.217,0.414,0.049,0,0.123,0,0.319,0.355,0.032,0.155
Kenya,1961,0.124,0.238,0.2,0.472,0,0.058,0.217,0.427,0.049,0,0.123,0,0.319,0.355,0.032,0.155
Kenya,1962,0.123,0.266,0.2,0.475,0,0.052,0.217,0.427,0.049,0,0.123,0,0.327,0.355,0.032,0.162
Kenya,1963,0.207,0.26,1,0.526,0.478,0.174,0.218,0.581,0.135,0,0.577,0.037,0.46,0.473,0.175,0.259
Kenya,1964,0.235,0.309,1,0.517,0.955,0.266,0.312,0.601,0.17,0,0.656,0.037,0.497,0.457,0.282,0.313
Kenya,1965,0.24,0.309,1,0.507,0.955,0.266,0.312,0.601,0.179,0,0.656,0.037,0.462,0.457,0.28,0.313
Kenya,1966,0.237,0.308,1,0.351,0.955,0.275,0.312,0.601,0.336,0,0.656,0.037,0.462,0.457,0.28,0.313
Kenya,1967,0.23,0.3,1,0.227,0.87,0.264,0.312,0.601,0.336,0,0.656,0.041,0.462,0.457,0.28,0.313
Kenya,1968,0.221,0.281,1,0.227,0.87,0.264,0.312,0.591,0.336,0,0.656,0.041,0.462,0.457,0.322,0.315
Kenya,1969,0.209,0.23,1,0.182,0.87,0.26,0.319,0.541,0.322,0,0.656,0.174,0.449,0.457,0.322,0.315
Kenya,1970,0.195,0.153,1,0.213,0.935,0.277,0.223,0.452,0.337,0,0.656,0.174,0.449,0.457,0.308,0.328
Kenya,1971,0.2,0.153,1,0.213,0.935,0.277,0.223,0.452,0.337,0,0.656,0.174,0.449,0.457,0.308,0.328
Kenya,1972,0.195,0.153,1,0.213,0.935,0.277,0.223,0.452,0.337,0,0.656,0.174,0.449,0.457,0.308,0.328
Kenya,1973,0.206,0.153,1,0.213,0.935,0.277,0.223,0.452,0.337,0,0.656,0.174,0.449,0.457,0.308,0.328
Kenya,1974,0.206,0.154,1,0.232,0.935,0.277,0.223,0.452,0.336,0,0.656,0.174,0.449,0.457,0.308,0.328
Kenya,1975,0.204,0.153,1,0.301,0.935,0.263,0.223,0.452,0.337,0,0.656,0.174,0.449,0.457,0.308,0.328
Kenya,1976,0.204,0.151,1,0.301,0.935,0.268,0.223,0.452,0.337,0,0.656,0.174,0.449,0.457,0.288,0.346
Kenya,1977,0.207,0.151,1,0.301,0.935,0.268,0.223,0.452,0.337,0,0.656,0.174,0.449,0.457,0.288,0.346
Kenya,1978,0.201,0.151,1,0.301,0.935,0.274,0.203,0.455,0.337,0,0.656,0.174,0.457,0.457,0.288,0.346
Kenya,1979,0.213,0.151,1,0.295,0.935,0.281,0.203,0.449,0.337,0,0.656,0.174,0.448,0.457,0.329,0.361
Kenya,1980,0.207,0.149,1,0.261,0.935,0.275,0.188,0.449,0.335,0,0.656,0.174,0.481,0.46,0.335,0.354
Kenya,1981,0.201,0.149,1,0.261,0.935,0.275,0.188,0.449,0.335,0,0.656,0.174,0.481,0.46,0.42,0.354
Kenya,1982,0.191,0.1,1,0.261,0.935,0.24,0.188,0.451,0.335,0,0.656,0.174,0.469,0.46,0.42,0.354
Kenya,1983,0.19,0.099,1,0.24,0.935,0.243,0.188,0.416,0.335,0,0.656,0.174,0.469,0.462,0.42,0.354
Kenya,1984,0.171,0.102,1,0.182,0.935,0.238,0.188,0.416,0.335,0,0.656,0.174,0.478,0.462,0.42,0.393
Kenya,1985,0.171,0.102,1,0.182,0.935,0.238,0.188,0.416,0.335,0,0.656,0.174,0.478,0.462,0.42,0.393
Kenya,1986,0.171,0.102,1,0.182,0.965,0.23,0.188,0.416,0.335,0,0.656,0.174,0.478,0.462,0.42,0.393
Kenya,1987,0.171,0.102,1,0.182,0.965,0.23,0.188,0.416,0.335,0,0.656,0.174,0.478,0.462,0.42,0.393
Kenya,1988,0.171,0.109,1,0.124,0.965,0.197,0.188,0.416,0.335,0,0.656,0.174,0.478,0.462,0.42,0.393
Kenya,1989,0.162,0.11,1,0.117,0.965,0.197,0.188,0.437,0.335,0,0.656,0.174,0.478,0.462,0.42,0.393
Kenya,1990,0.255,0.124,1,0.117,0.965,0.281,0.378,0.443,0.368,0,0.656,0.174,0.595,0.462,0.443,0.393
Kenya,1991,0.281,0.204,1,0.117,0.965,0.304,0.392,0.443,0.368,0,0.656,0.174,0.595,0.462,0.442,0.372
Kenya,1992,0.48,0.587,1,0.129,0.965,0.313,0.392,0.696,0.646,0,0.656,0.174,0.754,0.462,0.581,0.372
Kenya,1993,0.586,0.675,1,0.165,0.965,0.347,0.392,0.714,0.756,0,0.656,0.174,0.801,0.462,0.615,0.372
Kenya,1994,0.585,0.675,1,0.165,0.965,0.347,0.392,0.714,0.756,0,0.656,0.174,0.806,0.462,0.615,0.367
Kenya,1995,0.616,0.675,1,0.165,0.965,0.347,0.392,0.714,0.756,0,0.656,0.174,0.806,0.462,0.615,0.367
Kenya,1996,0.616,0.675,1,0.165,0.965,0.347,0.392,0.714,0.756,0,0.656,0.174,0.806,0.462,0.615,0.367
Kenya,1997,0.604,0.675,1,0.165,0.965,0.342,0.392,0.713,0.756,0,0.656,0.174,0.806,0.462,0.615,0.367
Kenya,1998,0.614,0.679,1,0.238,0.973,0.346,0.416,0.713,0.77,0,0.656,0.174,0.821,0.506,0.615,0.367
Kenya,1999,0.614,0.679,1,0.238,0.973,0.346,0.416,0.713,0.77,0,0.656,0.174,0.821,0.506,0.615,0.383
Kenya,2000,0.676,0.683,1,0.238,0.973,0.45,0.438,0.785,0.779,0,0.656,0.174,0.82,0.504,0.615,0.383
Kenya,2001,0.683,0.683,1,0.238,0.973,0.45,0.438,0.785,0.779,0,0.656,0.174,0.82,0.504,0.615,0.405
Kenya,2002,0.724,0.754,1,0.29,0.973,0.539,0.469,0.809,0.786,0,0.656,0.174,0.82,0.492,0.615,0.412
Kenya,2003,0.853,0.779,1,0.423,0.973,0.575,0.469,0.86,0.862,0,0.656,0.174,0.845,0.492,0.641,0.46
Kenya,2004,0.853,0.779,1,0.423,0.973,0.575,0.469,0.86,0.862,0,0.656,0.174,0.852,0.492,0.641,0.46
Kenya,2005,0.853,0.779,1,0.423,0.973,0.601,0.469,0.86,0.862,0.1,0.656,0.174,0.852,0.492,0.641,0.46
Kenya,2006,0.853,0.778,1,0.423,0.973,0.601,0.469,0.86,0.862,0,0.656,0.174,0.852,0.492,0.641,0.46
Kenya,2007,0.858,0.778,1,0.42,0.973,0.584,0.469,0.86,0.862,0,0.656,0.174,0.849,0.492,0.641,0.46
Kenya,2008,0.864,0.777,1,0.192,0.973,0.599,0.476,0.861,0.862,0,0.656,0.174,0.849,0.492,0.641,0.46
Kenya,2009,0.865,0.777,1,0.198,0.973,0.608,0.476,0.858,0.862,0,0.656,0.174,0.85,0.492,0.641,0.46
Kenya,2010,0.898,0.797,1,0.198,0.973,0.651,0.772,0.915,0.894,0.153,0.694,0.77,0.92,0.502,0.676,0.477
Kenya,2011,0.898,0.797,1,0.21,0.973,0.651,0.772,0.915,0.894,0.153,0.747,0.77,0.92,0.502,0.676,0.477
Kenya,2012,0.898,0.797,1,0.211,0.973,0.651,0.75,0.915,0.894,0.153,0.747,0.77,0.92,0.502,0.676,0.477
Kenya,2013,0.884,0.859,1,0.373,0.988,0.664,0.749,0.869,0.874,0.153,0.819,0.96,0.785,0.49,0.676,0.483
Kenya,2014,0.882,0.847,1,0.407,0.988,0.667,0.755,0.868,0.874,0.153,0.82,0.963,0.785,0.49,0.676,0.483
Kenya,2015,0.882,0.847,1,0.407,0.988,0.667,0.755,0.868,0.874,0.146,0.82,0.963,0.785,0.49,0.676,0.483
Kenya,2016,0.878,0.84,1,0.412,0.988,0.668,0.755,0.868,0.882,0.138,0.82,0.963,0.785,0.497,0.687,0.483
Kenya,2017,0.839,0.825,1,0.396,0.988,0.644,0.793,0.868,0.888,0.131,0.82,0.963,0.747,0.495,0.683,0.484
Kenya,2018,0.831,0.797,1,0.379,0.988,0.658,0.755,0.868,0.854,0.123,0.744,0.963,0.747,0.52,0.718,0.482
Kenya,2019,0.828,0.802,1,0.389,0.988,0.66,0.738,0.885,0.841,0.115,0.771,0.938,0.85,0.524,0.718,0.475
Kenya,2020,0.851,0.786,1,0.39,0.988,0.689,0.738,0.877,0.866,0.108,0.825,0.979,0.873,0.55,0.723,0.475
Kenya,2021,0.873,0.806,1,0.39,0.988,0.727,0.849,0.877,0.84,0.1,0.774,0.931,0.847,0.568,0.723,0.47
Kenya,2022,0.874,0.845,1,0.446,0.982,0.727,0.841,0.861,0.885,0.092,0.727,0.931,0.836,0.574,0.784,0.537
Kenya,2023,0.884,0.804,1,0.499,0.982,0.728,0.793,0.878,0.849,0.085,0.727,0.909,0.829,0.483,0.75,0.53
Kenya,2024,0.896,0.754,1,0.493,0.982,0.661,0.841,0.811,0.867,0.077,0.727,0.817,0.806,0.47,0.62,0.478
North Korea,1950,0.033,0.044,1,0.186,0,0.012,0.015,0.086,0.111,0,0.414,0.143,0.094,0.202,0.101,0.578
North Korea,1951,0.033,0.044,1,0.183,0,0.012,0.015,0.086,0.111,0,0.414,0.143,0.105,0.202,0.101,0.578
North Korea,1952,0.033,0.044,1,0.183,0,0.012,0.015,0.086,0.111,0,0.414,0.143,0.105,0.202,0.101,0.578
North Korea,1953,0.033,0.044,1,0.182,0,0.012,0.015,0.086,0.111,0,0.414,0.143,0.096,0.202,0.101,0.623
North Korea,1954,0.033,0.044,1,0.181,0,0.013,0.015,0.086,0.111,0,0.414,0.143,0.133,0.202,0.101,0.669
North Korea,1955,0.033,0.044,1,0.181,0,0.012,0.015,0.086,0.111,0,0.414,0.143,0.133,0.202,0.101,0.681
North Korea,1956,0.033,0.044,1,0.181,0,0.011,0.013,0.086,0.111,0,0.414,0.143,0.133,0.202,0.101,0.762
North Korea,1957,0.024,0.035,1,0.184,0,0.01,0.013,0.086,0.101,0,0.414,0.143,0.118,0.202,0.101,0.765
North Korea,1958,0.024,0.035,1,0.176,0,0.007,0.013,0.086,0.101,0,0.414,0.143,0.117,0.202,0.101,0.769
North Korea,1959,0.024,0.035,1,0.176,0,0.007,0.013,0.086,0.101,0,0.414,0.143,0.123,0.202,0.101,0.769
North Korea,1960,0.024,0.035,1,0.176,0,0.007,0.008,0.086,0.07,0,0.414,0.143,0.109,0.202,0.101,0.836
North Korea,1961,0.024,0.035,1,0.176,0,0.007,0.008,0.086,0.07,0,0.414,0.143,0.109,0.202,0.101,0.836
North Korea,1962,0.024,0.034,1,0.169,0,0.007,0.008,0.086,0.07,0,0.414,0.143,0.109,0.202,0.101,0.836
North Korea,1963,0.024,0.032,1,0.148,0,0.007,0.008,0.086,0.07,0,0.414,0.143,0.109,0.202,0.101,0.835
North Korea,1964,0.024,0.032,1,0.148,0,0.007,0.008,0.086,0.07,0,0.414,0.143,0.109,0.202,0.101,0.83
North Korea,1965,0.024,0.032,1,0.148,0,0.007,0.008,0.086,0.07,0,0.414,0.143,0.109,0.202,0.101,0.83
North Korea,1966,0.024,0.032,1,0.148,0,0.007,0.008,0.086,0.07,0,0.414,0.143,0.109,0.202,0.101,0.83
North Korea,1967,0.024,0.032,1,0.148,0,0.007,0.008,0.086,0.07,0,0.414,0.143,0.109,0.154,0.101,0.83
North Korea,1968,0.012,0.032,1,0.15,0,0.007,0.008,0.086,0.07,0,0.414,0.143,0.082,0.154,0.101,0.83
North Korea,1969,0.012,0.032,1,0.15,0,0.007,0.008,0.086,0.07,0,0.414,0.143,0.071,0.154,0.203,0.83
North Korea,1970,0.012,0.032,1,0.15,0,0.007,0.008,0.086,0.07,0,0.414,0.143,0.051,0.154,0.203,0.822
North Korea,1971,0.012,0.032,1,0.15,0,0.007,0.008,0.086,0.07,0,0.414,0.143,0.043,0.154,0.203,0.826
North Korea,1972,0.012,0.022,1,0.15,0,0.007,0.008,0.086,0.022,0,0.414,0.143,0.038,0.154,0.203,0.841
North Korea,1973,0.012,0.023,1,0.15,0,0.007,0.003,0.086,0.022,0,0.414,0.143,0.038,0.154,0.203,0.841
North Korea,1974,0.012,0.023,1,0.15,0,0.007,0.003,0.086,0.022,0,0.414,0.143,0.038,0.154,0.203,0.841
North Korea,1975,0.012,0.023,1,0.15,0,0.007,0.003,0.086,0.022,0,0.414,0.143,0.038,0.154,0.218,0.841
North Korea,1976,0.012,0.023,1,0.15,0,0.007,0.003,0.086,0.022,0,0.414,0.143,0.038,0.154,0.218,0.841
North Korea,1977,0.012,0.023,1,0.149,0,0.007,0.003,0.086,0.022,0,0.414,0.143,0.038,0.154,0.218,0.841
North Korea,1978,0.012,0.022,1,0.142,0,0.007,0.003,0.086,0.022,0,0.414,0.143,0.038,0.154,0.218,0.841
North Korea,1979,0.012,0.022,1,0.142,0,0.007,0.003,0.086,0.022,0,0.414,0.143,0.038,0.154,0.218,0.841
North Korea,1980,0.012,0.022,1,0.142,0,0.007,0.003,0.086,0.022,0,0.414,0.143,0.038,0.154,0.218,0.796
North Korea,1981,0.012,0.022,1,0.142,0,0.007,0.003,0.086,0.022,0,0.414,0.143,0.038,0.154,0.218,0.796
North Korea,1982,0.012,0.023,1,0.152,0,0.007,0.003,0.086,0.022,0,0.414,0.143,0.038,0.154,0.218,0.796
North Korea,1983,0.012,0.023,1,0.154,0,0.007,0.003,0.086,0.022,0,0.414,0.143,0.038,0.154,0.218,0.796
North Korea,1984,0.012,0.023,1,0.154,0,0.007,0.003,0.086,0.022,0,0.414,0.143,0.038,0.154,0.218,0.796
North Korea,1985,0.012,0.023,1,0.154,0,0.007,0.003,0.086,0.022,0,0.414,0.143,0.038,0.154,0.218,0.796
North Korea,1986,0.012,0.023,1,0.15,0,0.007,0.003,0.086,0.022,0,0.414,0.143,0.038,0.154,0.218,0.796
North Korea,1987,0.012,0.023,1,0.127,0,0.007,0.003,0.086,0.022,0,0.414,0.143,0.038,0.154,0.218,0.796
North Korea,1988,0.012,0.023,1,0.127,0,0.007,0.003,0.086,0.022,0,0.414,0.143,0.038,0.154,0.218,0.796
North Korea,1989,0.012,0.023,1,0.127,0,0.007,0.003,0.086,0.022,0,0.414,0.143,0.038,0.154,0.218,0.796
North Korea,1990,0.012,0.023,1,0.144,0,0.007,0.003,0.086,0.022,0,0.414,0.143,0.032,0.154,0.218,0.786
North Korea,1991,0.012,0.022,1,0.152,0,0.007,0.003,0.086,0.022,0,0.414,0.143,0.032,0.154,0.218,0.786
North Korea,1992,0.012,0.022,1,0.127,0,0.007,0.003,0.086,0.022,0,0.414,0.143,0.024,0.154,0.218,0.774
North Korea,1993,0.012,0.022,1,0.127,0,0.007,0.003,0.086,0.022,0,0.414,0.143,0.024,0.154,0.218,0.774
North Korea,1994,0.012,0.022,1,0.127,0,0.007,0.003,0.086,0.022,0,0.414,0.143,0.021,0.154,0.218,0.75
North Korea,1995,0.012,0.022,1,0.127,0,0.006,0.003,0.086,0.022,0,0.414,0.143,0.021,0.056,0.218,0.698
North Korea,1996,0.012,0.022,1,0.127,0,0.006,0.003,0.086,0.022,0,0.414,0.143,0.021,0.056,0.218,0.57
North Korea,1997,0.012,0.022,1,0.127,0,0.006,0.003,0.086,0.022,0,0.414,0.143,0.021,0.056,0.218,0.57
North Korea,1998,0.012,0.022,1,0.126,0,0.006,0.003,0.086,0.022,0,0.414,0.143,0.009,0.056,0.218,0.584
North Korea,1999,0.012,0.022,1,0.125,0,0.006,0.003,0.086,0.022,0,0.414,0.143,0.009,0.056,0.218,0.584
North Korea,2000,0.012,0.022,1,0.125,0,0.006,0.003,0.086,0.022,0,0.414,0.143,0.011,0.056,0.219,0.598
North Korea,2001,0.012,0.022,1,0.125,0,0.006,0.003,0.086,0.022,0,0.414,0.143,0.011,0.056,0.219,0.598
North Korea,2002,0.012,0.022,1,0.125,0,0.006,0.003,0.086,0.022,0,0.414,0.143,0.011,0.056,0.219,0.598
North Korea,2003,0.012,0.023,1,0.128,0,0.006,0.003,0.086,0.022,0,0.414,0.143,0.011,0.056,0.219,0.598
North Korea,2004,0.012,0.024,1,0.131,0,0.006,0.003,0.086,0.022,0,0.414,0.143,0.011,0.056,0.219,0.598
North Korea,2005,0.012,0.024,1,0.131,0,0.006,0.003,0.086,0.022,0,0.414,0.143,0.011,0.056,0.219,0.598
North Korea,2006,0.012,0.024,1,0.131,0,0.006,0.003,0.086,0.022,0,0.414,0.143,0.011,0.056,0.219,0.598
North Korea,2007,0.012,0.024,1,0.131,0,0.006,0.003,0.086,0.022,0,0.414,0.143,0.011,0.056,0.219,0.598
North Korea,2008,0.012,0.024,1,0.131,0,0.006,0.003,0.086,0.022,0,0.414,0.143,0.011,0.056,0.219,0.598
North Korea,2009,0.012,0.023,1,0.136,0,0.006,0.003,0.086,0.022,0,0.414,0.143,0.011,0.056,0.219,0.598
North Korea,2010,0.012,0.023,1,0.137,0,0.006,0.003,0.086,0.023,0,0.414,0.143,0.011,0.056,0.219,0.598
North Korea,2011,0.012,0.023,1,0.137,0,0.006,0.003,0.086,0.023,0,0.414,0.143,0.011,0.056,0.219,0.598
North Korea,2012,0.012,0.023,1,0.137,0,0.006,0.003,0.086,0.023,0,0.414,0.143,0.014,0.056,0.219,0.598
North Korea,2013,0.012,0.023,1,0.137,0,0.006,0.003,0.086,0.023,0,0.414,0.143,0.014,0.056,0.242,0.582
North Korea,2014,0.012,0.022,1,0.131,0,0.006,0.003,0.086,0.023,0,0.414,0.143,0.014,0.056,0.242,0.582
North Korea,2015,0.012,0.022,1,0.13,0,0.006,0.003,0.086,0.023,0,0.414,0.143,0.014,0.056,0.242,0.582
North Korea,2016,0.012,0.022,1,0.13,0,0.006,0.003,0.086,0.023,0,0.414,0.143,0.014,0.056,0.242,0.582
North Korea,2017,0.012,0.022,1,0.13,0,0.006,0.003,0.086,0.023,0,0.414,0.143,0.014,0.089,0.242,0.582
North Korea,2018,0.012,0.022,1,0.13,0,0.007,0.003,0.086,0.023,0,0.414,0.143,0.015,0.061,0.242,0.582
North Korea,2019,0.012,0.022,1,0.121,0,0.011,0.003,0.086,0.023,0,0.414,0.143,0.014,0.061,0.242,0.566
North Korea,2020,0.012,0.029,1,0.122,0,0.008,0.003,0.086,0.023,0,0.414,0.143,0.03,0.092,0.242,0.528
North Korea,2021,0.012,0.024,1,0.122,0,0.008,0.003,0.086,0.029,0,0.414,0.143,0.029,0.092,0.242,0.528
North Korea,2022,0.012,0.025,1,0.118,0,0.008,0.003,0.086,0.029,0,0.414,0.143,0.022,0.065,0.269,0.528
North Korea,2023,0.012,0.023,1,0.118,0,0.008,0.003,0.086,0.029,0,0.414,0.143,0.034,0.093,0.269,0.528
North Korea,2024,0.012,0.028,1,0.118,0,0.008,0.003,0.086,0.029,0,0.414,0.143,0.016,0.093,0.254,0.534
South Korea,1950,0.364,0.402,1,0.168,1,0.424,0.488,0.209,0.172,0.031,0.248,0.237,0.044,0.54,0.549,0.313
South Korea,1951,0.353,0.422,1,0.153,1,0.402,0.488,0.209,0.172,0.031,0.248,0.237,0.044,0.54,0.549,0.313
South Korea,1952,0.353,0.415,1,0.156,1,0.402,0.488,0.209,0.172,0.031,0.484,0.237,0.044,0.54,0.549,0.313
South Korea,1953,0.364,0.424,1,0.162,1,0.458,0.488,0.209,0.176,0.031,0.484,0.237,0.044,0.54,0.549,0.32
South Korea,1954,0.395,0.428,1,0.165,1,0.573,0.402,0.147,0.176,0.031,0.484,0.237,0.091,0.595,0.549,0.428
South Korea,1955,0.395,0.43,1,0.167,1,0.585,0.402,0.147,0.176,0.031,0.484,0.237,0.091,0.595,0.549,0.428
South Korea,1956,0.39,0.42,1,0.162,1,0.585,0.402,0.147,0.176,0.031,0.484,0.237,0.091,0.595,0.549,0.428
South Korea,1957,0.39,0.414,1,0.16,1,0.585,0.402,0.147,0.176,0.031,0.484,0.237,0.094,0.595,0.549,0.428
South Korea,1958,0.412,0.424,1,0.151,1,0.603,0.366,0.147,0.176,0.031,0.484,0.237,0.094,0.595,0.549,0.428
South Korea,1959,0.412,0.428,1,0.146,1,0.603,0.366,0.147,0.176,0.031,0.484,0.237,0.094,0.595,0.549,0.428
South Korea,1960,0.651,0.601,1,0.169,1,0.689,0.514,0.395,0.279,0.031,0.484,0.301,0.415,0.615,0.722,0.546
South Korea,1961,0.287,0.196,1,0.202,1,0.59,0.332,0.082,0.183,0.031,0.068,0.183,0.17,0.615,0.631,0.546
South Korea,1962,0.258,0.207,1,0.202,0,0.589,0.293,0.076,0.149,0.132,0.068,0.183,0.106,0.615,0.617,0.546
South Korea,1963,0.331,0.31,1,0.215,1,0.581,0.314,0.076,0.172,0.132,0.068,0.183,0.106,0.615,0.615,0.546
South Korea,1964,0.411,0.371,1,0.262,1,0.573,0.331,0.076,0.172,0.132,0.068,0.183,0.106,0.615,0.615,0.546
South Korea,1965,0.411,0.371,1,0.262,1,0.56,0.331,0.076,0.172,0.132,0.068,0.183,0.106,0.615,0.615,0.546
South Korea,1966,0.411,0.371,1,0.262,1,0.56,0.331,0.076,0.172,0.132,0.068,0.183,0.106,0.615,0.615,0.546
South Korea,1967,0.411,0.382,1,0.262,1,0.56,0.331,0.076,0.172,0.126,0.068,0.183,0.106,0.615,0.615,0.571
South Korea,1968,0.411,0.387,1,0.262,1,0.56,0.331,0.076,0.172,0.119,0.068,0.183,0.106,0.615,0.615,0.571
South Korea,1969,0.411,0.387,1,0.262,1,0.56,0.331,0.076,0.172,0.132,0.068,0.183,0.106,0.615,0.615,0.571
South Korea,1970,0.409,0.387,1,0.262,1,0.56,0.331,0.076,0.201,0.132,0.068,0.183,0.106,0.617,0.615,0.602
South Korea,1971,0.409,0.386,1,0.26,1,0.56,0.331,0.076,0.201,0.132,0.068,0.183,0.095,0.617,0.615,0.602
South Korea,1972,0.315,0.29,1,0.21,1,0.547,0.212,0.054,0.169,0.132,0.068,0.183,0.053,0.617,0.546,0.602
South Korea,1973,0.258,0.252,1,0.188,0.835,0.519,0.202,0.054,0.082,0.132,0.068,0.183,0.053,0.617,0.551,0.619
South Korea,1974,0.245,0.259,1,0.223,0.835,0.519,0.202,0.054,0.082,0.132,0.068,0.183,0.053,0.617,0.551,0.619
South Korea,1975,0.245,0.259,1,0.223,0.835,0.519,0.202,0.054,0.082,0.312,0.068,0.183,0.053,0.617,0.551,0.619
South Korea,1976,0.24,0.259,1,0.223,0.835,0.519,0.202,0.054,0.082,0.312,0.068,0.183,0.053,0.617,0.551,0.619
South Korea,1977,0.24,0.259,1,0.223,0.835,0.519,0.202,0.054,0.082,0.306,0.068,0.183,0.053,0.617,0.551,0.624
South Korea,1978,0.24,0.259,1,0.223,0.835,0.519,0.202,0.054,0.082,0.299,0.068,0.183,0.053,0.617,0.551,0.638
South Korea,1979,0.24,0.247,1,0.224,0.835,0.519,0.202,0.054,0.082,0.292,0.068,0.183,0.053,0.617,0.551,0.638
South Korea,1980,0.429,0.252,1,0.092,1,0.572,0.25,0.054,0.163,0.3,0.004,0.183,0.18,0.634,0.629,0.737
South Korea,1981,0.221,0.214,1,0.192,1,0.564,0.216,0.054,0.086,0.288,0.004,0.183,0.125,0.634,0.593,0.754
South Korea,1982,0.236,0.218,1,0.249,1,0.626,0.254,0.054,0.086,0.276,0.004,0.183,0.125,0.634,0.593,0.754
South Korea,1983,0.276,0.234,1,0.249,1,0.627,0.254,0.054,0.098,0.264,0.004,0.183,0.125,0.634,0.593,0.754
South Korea,1984,0.339,0.271,1,0.249,1,0.627,0.254,0.054,0.123,0.252,0.004,0.183,0.151,0.634,0.593,0.754
South Korea,1985,0.357,0.455,1,0.382,1,0.635,0.254,0.054,0.204,0.234,0.004,0.183,0.159,0.634,0.593,0.754
South Korea,1986,0.379,0.462,1,0.4,1,0.649,0.254,0.07,0.204,0.215,0.004,0.183,0.159,0.634,0.578,0.754
South Korea,1987,0.534,0.547,1,0.48,1,0.811,0.497,0.07,0.266,0.216,0.226,0.183,0.351,0.754,0.571,0.751
South Korea,1988,0.787,0.777,1,0.729,1,0.908,0.821,0.486,0.59,0.204,0.226,0.183,0.765,0.792,0.695,0.76
South Korea,1989,0.836,0.782,1,0.744,1,0.936,0.826,0.486,0.608,0.192,0.226,0.183,0.765,0.792,0.703,0.867
South Korea,1990,0.836,0.782,1,0.744,1,0.943,0.826,0.486,0.608,0.18,0.226,0.183,0.769,0.827,0.703,0.943
South Korea,1991,0.836,0.782,1,0.744,1,0.943,0.826,0.486,0.608,0.168,0.45,0.45,0.769,0.827,0.703,0.943
South Korea,1992,0.849,0.779,1,0.751,1,0.943,0.826,0.548,0.608,0.15,0.45,0.45,0.769,0.827,0.703,0.943
South Korea,1993,0.903,0.825,1,0.811,1,0.956,0.859,0.72,0.696,0.131,0.45,0.45,0.873,0.827,0.728,0.943
South Korea,1994,0.912,0.825,1,0.811,1,0.956,0.859,0.72,0.698,0.112,0.714,0.45,0.873,0.827,0.728,0.943
South Korea,1995,0.912,0.825,1,0.811,1,0.956,0.859,0.72,0.698,0.106,0.477,0.475,0.873,0.827,0.728,0.943
South Korea,1996,0.912,0.824,1,0.829,1,0.956,0.859,0.72,0.698,0.099,0.978,0.957,0.873,0.827,0.728,0.943
South Korea,1997,0.919,0.823,1,0.838,1,0.956,0.874,0.772,0.698,0.092,0.978,0.957,0.873,0.827,0.728,0.943
South Korea,1998,0.933,0.851,1,0.919,1,0.964,0.882,0.928,0.899,0.085,0.978,0.957,0.93,0.836,0.823,0.961
South Korea,1999,0.948,0.851,1,0.919,1,0.964,0.882,0.928,0.899,0.078,0.978,0.957,0.945,0.866,0.823,0.961
South Korea,2000,0.96,0.851,1,0.932,1,0.964,0.882,0.928,0.903,0.072,0.978,0.957,0.955,0.885,0.823,0.961
South Korea,2001,0.96,0.852,1,0.938,1,0.964,0.882,0.928,0.903,0.065,0.978,0.957,0.955,0.885,0.823,0.961
South Korea,2002,0.96,0.851,1,0.938,1,0.964,0.899,0.928,0.905,0.058,0.978,0.957,0.955,0.885,0.825,0.961
South Korea,2003,0.96,0.849,1,0.942,1,0.964,0.892,0.928,0.905,0.052,0.978,0.957,0.955,0.885,0.825,0.962
South Korea,2004,0.96,0.853,1,0.94,1,0.964,0.892,0.928,0.921,0.045,0.978,0.957,0.955,0.885,0.825,0.962
South Korea,2005,0.96,0.854,1,0.94,1,0.964,0.892,0.928,0.921,0.038,0.978,0.957,0.955,0.885,0.825,0.962
South Korea,2006,0.96,0.854,1,0.94,1,0.964,0.892,0.928,0.921,0.031,0.978,0.957,0.955,0.885,0.825,0.962
South Korea,2007,0.955,0.854,1,0.94,1,0.964,0.888,0.928,0.921,0.031,0.978,0.957,0.955,0.885,0.825,0.962
South Korea,2008,0.822,0.843,1,0.943,1,0.957,0.822,0.874,0.863,0.031,0.978,0.957,0.84,0.86,0.832,0.96
South Korea,2009,0.822,0.843,1,0.943,1,0.957,0.822,0.874,0.863,0.031,0.978,0.957,0.839,0.86,0.832,0.96
South Korea,2010,0.826,0.843,1,0.943,1,0.957,0.822,0.874,0.855,0.031,0.978,0.957,0.83,0.86,0.832,0.96
South Korea,2011,0.826,0.843,1,0.943,1,0.957,0.822,0.874,0.855,0.031,0.978,0.957,0.83,0.86,0.832,0.96
South Korea,2012,0.826,0.841,1,0.918,1,0.957,0.82,0.874,0.855,0.031,0.978,0.957,0.83,0.86,0.832,0.96
South Korea,2013,0.777,0.839,1,0.893,1,0.95,0.763,0.87,0.798,0.031,0.988,0.957,0.794,0.817,0.792,0.962
South Korea,2014,0.776,0.827,1,0.893,1,0.95,0.763,0.87,0.798,0.031,0.988,0.957,0.779,0.83,0.792,0.962
South Korea,2015,0.774,0.838,1,0.893,1,0.943,0.763,0.877,0.775,0.031,0.988,0.957,0.768,0.83,0.801,0.962
South Korea,2016,0.774,0.839,1,0.919,1,0.943,0.763,0.922,0.769,0.031,0.988,0.957,0.781,0.83,0.801,0.962
South Korea,2017,0.953,0.869,1,0.955,1,0.955,0.928,0.948,0.881,0.031,0.988,0.957,0.934,0.851,0.808,0.967
South Korea,2018,0.954,0.872,1,0.961,1,0.955,0.892,0.964,0.883,0.031,0.988,0.957,0.929,0.851,0.802,0.967
South Korea,2019,0.956,0.844,1,0.961,1,0.951,0.901,0.963,0.84,0.031,0.988,0.957,0.915,0.851,0.852,0.956
South Korea,2020,0.95,0.87,1,0.959,1,0.953,0.901,0.953,0.854,0.031,0.988,0.957,0.933,0.845,0.852,0.951
South Korea,2021,0.955,0.87,1,0.958,1,0.947,0.885,0.923,0.854,0.031,0.988,0.957,0.94,0.835,0.852,0.951
South Korea,2022,0.904,0.84,1,0.95,1,0.942,0.887,0.914,0.814,0.031,0.988,0.957,0.864,0.817,0.88,0.951
South Korea,2023,0.785,0.805,1,0.946,1,0.938,0.83,0.853,0.814,0.031,0.988,0.957,0.848,0.817,0.848,0.951
South Korea,2024,0.787,0.817,1,0.932,1,0.887,0.815,0.942,0.814,0.031,0.988,0.957,0.809,0.817,0.848,0.951
Lebanon,1950,0.662,0.651,0.5,0.275,1,0.626,0.218,0.544,0.287,0,0.029,0.178,0.549,0.714,0.171,0.493
Lebanon,1951,0.662,0.649,0.5,0.236,1,0.626,0.218,0.544,0.287,0,0.029,0.178,0.549,0.714,0.171,0.493
Lebanon,1952,0.662,0.648,0.5,0.22,1,0.626,0.218,0.544,0.287,0,0.029,0.178,0.549,0.714,0.171,0.493
Lebanon,1953,0.662,0.653,1,0.254,1,0.626,0.218,0.544,0.326,0,0.029,0.178,0.549,0.714,0.171,0.493
Lebanon,1954,0.662,0.643,1,0.291,1,0.626,0.218,0.544,0.326,0,0.029,0.178,0.549,0.714,0.171,0.493
Lebanon,1955,0.662,0.649,1,0.291,1,0.626,0.218,0.544,0.326,0,0.029,0.178,0.549,0.714,0.171,0.493
Lebanon,1956,0.662,0.649,1,0.291,1,0.626,0.218,0.544,0.326,0,0.029,0.178,0.549,0.718,0.171,0.493
Lebanon,1957,0.662,0.644,1,0.22,1,0.626,0.218,0.544,0.326,0,0.029,0.178,0.549,0.707,0.171,0.493
Lebanon,1958,0.662,0.64,1,0.165,1,0.626,0.218,0.544,0.326,0,0.103,0.178,0.547,0.703,0.171,0.493
Lebanon,1959,0.655,0.64,1,0.165,1,0.638,0.281,0.544,0.326,0,0.103,0.178,0.596,0.703,0.171,0.503
Lebanon,1960,0.655,0.654,1,0.252,1,0.638,0.281,0.544,0.326,0,0.103,0.178,0.596,0.711,0.171,0.503
Lebanon,1961,0.655,0.643,1,0.322,1,0.638,0.281,0.544,0.326,0,0.103,0.178,0.596,0.717,0.171,0.503
Lebanon,1962,0.665,0.628,1,0.322,1,0.638,0.281,0.544,0.326,0,0.103,0.178,0.596,0.717,0.171,0.503
Lebanon,1963,0.665,0.628,1,0.322,1,0.638,0.281,0.544,0.326,0,0.103,0.178,0.596,0.717,0.171,0.503
Lebanon,1964,0.665,0.636,1,0.32,1,0.638,0.281,0.544,0.326,0,0.103,0.178,0.596,0.709,0.171,0.503
Lebanon,1965,0.665,0.639,1,0.319,1,0.638,0.281,0.544,0.326,0,0.103,0.178,0.596,0.709,0.171,0.502
Lebanon,1966,0.665,0.639,1,0.319,1,0.638,0.281,0.544,0.326,0,0.103,0.178,0.596,0.712,0.171,0.502
Lebanon,1967,0.665,0.639,1,0.319,1,0.638,0.281,0.544,0.326,0,0.103,0.178,0.6,0.715,0.171,0.502
Lebanon,1968,0.665,0.641,1,0.303,1,0.638,0.281,0.544,0.326,0,0.103,0.178,0.6,0.709,0.171,0.502
Lebanon,1969,0.665,0.641,1,0.299,1,0.638,0.281,0.544,0.326,0,0.103,0.178,0.6,0.708,0.171,0.502
Lebanon,1970,0.675,0.668,1,0.299,1,0.638,0.224,0.544,0.365,0,0.103,0.178,0.589,0.715,0.171,0.502
Lebanon,1971,0.675,0.668,1,0.299,1,0.638,0.224,0.544,0.365,0,0.103,0.178,0.589,0.715,0.171,0.502
Lebanon,1972,0.675,0.669,1,0.239,1,0.638,0.224,0.544,0.365,0,0.103,0.178,0.589,0.71,0.171,0.502
Lebanon,1973,0.675,0.668,1,0.215,1,0.638,0.224,0.544,0.365,0,0.103,0.178,0.589,0.706,0.171,0.502
Lebanon,1974,0.675,0.668,1,0.215,1,0.638,0.224,0.544,0.365,0,0.103,0.178,0.589,0.706,0.171,0.502
Lebanon,1975,0.688,0.658,1,0.179,1,0.578,0.215,0.544,0.365,0,0.036,0.178,0.504,0.693,0.171,0.477
Lebanon,1976,0.677,0.645,1,0.16,1,0.513,0.28,0.522,0.365,0,0.036,0.178,0.468,0.737,0.289,0.477
Lebanon,1977,0.677,0.645,1,0.16,1,0.513,0.28,0.522,0.365,0,0.036,0.178,0.468,0.74,0.38,0.477
Lebanon,1978,0.677,0.645,1,0.16,1,0.513,0.28,0.522,0.365,0,0.036,0.178,0.468,0.729,0.38,0.477
Lebanon,1979,0.677,0.645,1,0.16,1,0.513,0.28,0.522,0.365,0,0.036,0.178,0.468,0.721,0.38,0.477
Lebanon,1980,0.677,0.645,1,0.16,1,0.513,0.28,0.522,0.365,0,0.036,0.178,0.468,0.734,0.38,0.477
Lebanon,1981,0.677,0.645,1,0.16,1,0.513,0.28,0.522,0.365,0,0.036,0.178,0.468,0.731,0.38,0.477
Lebanon,1982,0.677,0.645,1,0.16,1,0.513,0.225,0.522,0.365,0,0.036,0.178,0.468,0.727,0.38,0.477
Lebanon,1983,0.677,0.645,1,0.16,1,0.513,0.225,0.522,0.365,0,0.036,0.178,0.468,0.727,0.38,0.477
Lebanon,1984,0.677,0.645,1,0.16,1,0.513,0.225,0.522,0.365,0,0.036,0.178,0.468,0.725,0.38,0.477
Lebanon,1985,0.677,0.645,1,0.16,1,0.513,0.225,0.522,0.365,0,0.036,0.178,0.468,0.738,0.38,0.477
Lebanon,1986,0.677,0.645,1,0.16,1,0.513,0.225,0.522,0.365,0,0.036,0.178,0.468,0.738,0.38,0.477
Lebanon,1987,0.677,0.645,1,0.16,1,0.513,0.225,0.522,0.365,0,0.036,0.178,0.468,0.738,0.38,0.477
Lebanon,1988,0.677,0.645,1,0.16,0.5,0.513,0.225,0.522,0.365,0,0.036,0.178,0.468,0.738,0.38,0.477
Lebanon,1989,0.677,0.645,1,0.16,1,0.513,0.225,0.522,0.365,0,0.036,0.178,0.468,0.738,0.38,0.477
Lebanon,1990,0.656,0.627,1,0.167,1,0.535,0.265,0.524,0.423,0,0.036,0.178,0.507,0.732,0.38,0.522
Lebanon,1991,0.629,0.623,1,0.167,1,0.535,0.265,0.524,0.423,0,0.036,0.178,0.534,0.724,0.366,0.53
Lebanon,1992,0.644,0.601,1,0.169,1,0.535,0.265,0.524,0.506,0,0.099,0.178,0.562,0.716,0.366,0.53
Lebanon,1993,0.657,0.578,1,0.115,1,0.535,0.325,0.524,0.506,0,0.099,0.178,0.562,0.733,0.366,0.53
Lebanon,1994,0.629,0.575,1,0.115,1,0.535,0.325,0.524,0.506,0,0.099,0.178,0.562,0.73,0.366,0.53
Lebanon,1995,0.629,0.575,1,0.115,1,0.535,0.325,0.524,0.506,0,0.099,0.178,0.562,0.73,0.366,0.53
Lebanon,1996,0.629,0.581,1,0.114,1,0.535,0.325,0.524,0.506,0,0.099,0.178,0.562,0.72,0.366,0.53
Lebanon,1997,0.629,0.591,1,0.114,1,0.535,0.325,0.524,0.506,0,0.099,0.178,0.562,0.733,0.366,0.53
Lebanon,1998,0.629,0.591,1,0.114,1,0.535,0.325,0.524,0.506,0,0.099,0.178,0.562,0.73,0.366,0.53
Lebanon,1999,0.629,0.591,1,0.114,1,0.535,0.325,0.524,0.506,0,0.099,0.178,0.562,0.73,0.366,0.53
Lebanon,2000,0.611,0.596,1,0.158,1,0.535,0.332,0.524,0.506,0,0.099,0.178,0.569,0.73,0.366,0.53
Lebanon,2001,0.627,0.607,1,0.241,1,0.534,0.332,0.524,0.506,0,0.099,0.178,0.569,0.74,0.366,0.53
Lebanon,2002,0.625,0.611,1,0.241,1,0.534,0.332,0.524,0.506,0,0.099,0.178,0.569,0.74,0.366,0.53
Lebanon,2003,0.625,0.611,1,0.241,1,0.534,0.332,0.524,0.506,0,0.099,0.178,0.569,0.731,0.366,0.53
Lebanon,2004,0.625,0.629,1,0.241,1,0.534,0.332,0.524,0.506,0,0.099,0.178,0.578,0.727,0.366,0.53
Lebanon,2005,0.715,0.654,1,0.307,1,0.56,0.332,0.518,0.703,0,0.536,0.178,0.711,0.726,0.366,0.539
Lebanon,2006,0.765,0.745,1,0.323,1,0.565,0.359,0.535,0.737,0,0.536,0.178,0.713,0.721,0.399,0.55
Lebanon,2007,0.755,0.76,1,0.323,1,0.58,0.359,0.546,0.721,0,0.536,0.178,0.702,0.718,0.399,0.55
Lebanon,2008,0.77,0.762,1,0.331,1,0.57,0.359,0.546,0.721,0,0.536,0.178,0.636,0.717,0.383,0.567
Lebanon,2009,0.781,0.767,1,0.364,1,0.598,0.36,0.546,0.743,0,0.536,0.178,0.752,0.747,0.373,0.552
Lebanon,2010,0.767,0.753,1,0.391,1,0.605,0.36,0.545,0.739,0,0.536,0.178,0.758,0.706,0.39,0.552
Lebanon,2011,0.783,0.793,1,0.391,1,0.607,0.36,0.545,0.739,0,0.536,0.178,0.73,0.707,0.388,0.552
Lebanon,2012,0.777,0.793,1,0.391,1,0.602,0.389,0.545,0.753,0,0.536,0.178,0.725,0.696,0.388,0.554
Lebanon,2013,0.777,0.772,1,0.427,1,0.601,0.508,0.545,0.804,0,0.536,0.178,0.706,0.696,0.385,0.536
Lebanon,2014,0.777,0.772,1,0.427,1,0.609,0.508,0.545,0.802,0,0.536,0.178,0.706,0.696,0.385,0.548
Lebanon,2015,0.764,0.759,1,0.427,1,0.572,0.494,0.545,0.787,0,0.536,0.178,0.745,0.74,0.385,0.494
Lebanon,2016,0.742,0.774,1,0.418,1,0.612,0.49,0.538,0.757,0,0.636,0.178,0.777,0.746,0.437,0.512
Lebanon,2017,0.722,0.751,1,0.434,1,0.638,0.478,0.552,0.767,0,0.636,0.178,0.633,0.403,0.442,0.488
Lebanon,2018,0.714,0.746,1,0.359,1,0.622,0.499,0.578,0.758,0,0.636,0.178,0.602,0.415,0.43,0.51
Lebanon,2019,0.725,0.72,1,0.332,1,0.601,0.477,0.585,0.785,0,0.51,0.253,0.65,0.401,0.425,0.487
Lebanon,2020,0.724,0.75,1,0.344,1,0.594,0.469,0.559,0.804,0,0.542,0.253,0.652,0.418,0.349,0.45
Lebanon,2021,0.729,0.747,1,0.328,1,0.599,0.456,0.535,0.763,0,0.542,0.253,0.663,0.759,0.336,0.424
Lebanon,2022,0.68,0.736,1,0.329,0.5,0.565,0.5,0.511,0.796,0,0.543,0.253,0.645,0.759,0.397,0.413
Lebanon,2023,0.73,0.746,1,0.324,0.5,0.562,0.529,0.527,0.827,0,0.571,0.253,0.657,0.751,0.329,0.435
Lebanon,2024,0.72,0.718,1,0.303,0.5,0.565,0.507,0.323,0.702,0,0.571,0.253,0.557,0.394,0.33,0.379
Philippines,1950,0.688,0.539,0.6,0.377,1,0.446,0.782,0.664,0.609,0.131,0.943,0.739,0.708,0.284,0.251,0.218
Philippines,1951,0.714,0.539,0.6,0.377,1,0.446,0.782,0.664,0.609,0.131,0.943,0.739,0.708,0.284,0.251,0.218
Philippines,1952,0.714,0.539,0.6,0.377,1,0.446,0.792,0.664,0.609,0.123,0.943,0.739,0.708,0.284,0.251,0.218
Philippines,1953,0.714,0.542,0.6,0.387,1,0.446,0.792,0.664,0.609,0.116,0.943,0.739,0.708,0.284,0.251,0.237
Philippines,1954,0.719,0.56,0.6,0.447,1,0.446,0.792,0.664,0.609,0.108,0.943,0.739,0.708,0.284,0.251,0.237
Philippines,1955,0.724,0.56,0.65,0.447,1,0.471,0.792,0.664,0.609,0.1,0.943,0.739,0.708,0.292,0.251,0.237
Philippines,1956,0.724,0.56,0.65,0.447,1,0.471,0.792,0.664,0.609,0.092,0.943,0.739,0.708,0.292,0.251,0.224
Philippines,1957,0.724,0.56,0.65,0.452,1,0.471,0.792,0.664,0.609,0.084,0.943,0.739,0.708,0.292,0.251,0.224
Philippines,1958,0.724,0.556,0.65,0.486,1,0.471,0.792,0.661,0.609,0.076,0.943,0.739,0.708,0.292,0.265,0.233
Philippines,1959,0.724,0.556,0.65,0.486,1,0.471,0.792,0.661,0.609,0.068,0.943,0.739,0.708,0.292,0.265,0.234
Philippines,1960,0.724,0.607,0.7,0.492,1,0.472,0.792,0.661,0.631,0.06,0.943,0.739,0.708,0.292,0.265,0.234
Philippines,1961,0.717,0.605,0.7,0.489,1,0.472,0.792,0.661,0.621,0.052,0.943,0.739,0.708,0.292,0.265,0.234
Philippines,1962,0.717,0.604,0.7,0.465,1,0.472,0.792,0.661,0.621,0.045,0.943,0.739,0.708,0.292,0.265,0.234
Philippines,1963,0.717,0.604,0.7,0.465,1,0.472,0.792,0.661,0.621,0.037,0.943,0.739,0.708,0.292,0.265,0.234
Philippines,1964,0.717,0.604,0.7,0.465,1,0.472,0.792,0.661,0.621,0.029,0.943,0.739,0.708,0.292,0.265,0.234
Philippines,1965,0.722,0.604,0.75,0.465,1,0.451,0.756,0.661,0.621,0.021,0.943,0.739,0.708,0.292,0.265,0.234
Philippines,1966,0.706,0.593,0.75,0.435,1,0.451,0.756,0.693,0.621,0.013,0.943,0.739,0.708,0.292,0.265,0.234
Philippines,1967,0.706,0.593,0.75,0.435,1,0.454,0.756,0.693,0.621,0.118,0.943,0.739,0.708,0.26,0.265,0.234
Philippines,1968,0.706,0.594,0.75,0.435,1,0.401,0.756,0.664,0.668,0.118,0.943,0.739,0.708,0.26,0.265,0.234
Philippines,1969,0.702,0.587,0.75,0.417,1,0.401,0.756,0.65,0.67,0.118,0.943,0.739,0.708,0.26,0.265,0.28
Philippines,1970,0.699,0.552,0.8,0.318,1,0.366,0.756,0.623,0.708,0.118,0.943,0.739,0.697,0.266,0.258,0.286
Philippines,1971,0.509,0.56,0.8,0.359,1,0.316,0.675,0.514,0.673,0.118,0.943,0.601,0.697,0.23,0.165,0.275
Philippines,1972,0.147,0.147,0.8,0,0,0.159,0.228,0.225,0.24,0.105,0.943,0.507,0.454,0.1,0.158,0.25
Philippines,1973,0.122,0.092,0.8,0,0,0.159,0.209,0.145,0.154,0.192,0.943,0.507,0.315,0.1,0.158,0.256
Philippines,1974,0.109,0.1,0.8,0,0,0.159,0.209,0.145,0.154,0.079,0.943,0.507,0.298,0.1,0.158,0.256
Philippines,1975,0.109,0.1,0.8,0,0,0.159,0.209,0.145,0.154,0.131,0.943,0.507,0.298,0.1,0.158,0.256
Philippines,1976,0.109,0.1,0.8,0,0,0.159,0.209,0.145,0.154,0.131,0.943,0.507,0.298,0.1,0.158,0.27
Philippines,1977,0.109,0.1,0.8,0.002,0.5,0.159,0.209,0.145,0.154,0.131,0.943,0.507,0.298,0.1,0.158,0.27
Philippines,1978,0.109,0.13,1,0.049,1,0.159,0.209,0.088,0.154,0.131,0.943,0.507,0.298,0.1,0.158,0.27
Philippines,1979,0.109,0.129,1,0.074,1,0.159,0.209,0.084,0.154,0.131,0.943,0.507,0.298,0.1,0.158,0.27
Philippines,1980,0.109,0.129,1,0.074,1,0.159,0.209,0.084,0.154,0.131,0.943,0.507,0.298,0.101,0.158,0.27
Philippines,1981,0.109,0.153,1,0.091,1,0.159,0.209,0.084,0.154,0.131,0.943,0.507,0.298,0.101,0.158,0.27
Philippines,1982,0.116,0.161,1,0.105,1,0.159,0.209,0.084,0.154,0.131,0.943,0.507,0.298,0.101,0.158,0.27
Philippines,1983,0.126,0.169,1,0.105,1,0.159,0.209,0.084,0.154,0.131,0.943,0.507,0.298,0.101,0.158,0.27
Philippines,1984,0.128,0.186,1,0.099,1,0.159,0.209,0.084,0.154,0.131,0.943,0.507,0.298,0.101,0.158,0.27
Philippines,1985,0.13,0.215,1,0.096,1,0.159,0.209,0.084,0.154,0.131,0.943,0.507,0.298,0.101,0.158,0.27
Philippines,1986,0.615,0.423,1,0.023,0.5,0.404,0.578,0.17,0.452,0.131,0.943,0.728,0.721,0.478,0.45,0.312
Philippines,1987,0.872,0.691,1,0.354,1,0.644,0.767,0.35,0.842,0.188,0.943,0.95,0.869,0.532,0.499,0.311
Philippines,1988,0.872,0.724,1,0.551,1,0.644,0.767,0.76,0.842,0.188,0.943,0.95,0.869,0.532,0.499,0.311
Philippines,1989,0.872,0.724,1,0.551,1,0.644,0.767,0.76,0.842,0.188,0.943,0.95,0.869,0.532,0.499,0.311
Philippines,1990,0.904,0.742,1,0.551,1,0.644,0.767,0.787,0.842,0.188,0.943,0.95,0.869,0.532,0.493,0.311
Philippines,1991,0.904,0.742,1,0.551,1,0.655,0.767,0.787,0.842,0.188,0.943,0.95,0.847,0.532,0.493,0.311
Philippines,1992,0.898,0.744,1,0.507,1,0.674,0.782,0.802,0.842,0.18,0.943,0.95,0.911,0.532,0.493,0.298
Philippines,1993,0.898,0.745,1,0.481,1,0.674,0.692,0.802,0.842,0.172,0.943,0.95,0.911,0.529,0.493,0.298
Philippines,1994,0.898,0.745,1,0.481,1,0.674,0.692,0.811,0.842,0.164,0.943,0.95,0.911,0.529,0.493,0.298
Philippines,1995,0.898,0.748,1,0.498,1,0.674,0.692,0.811,0.842,0.156,0.943,0.95,0.911,0.529,0.493,0.298
Philippines,1996,0.898,0.749,1,0.507,1,0.674,0.692,0.811,0.842,0.148,0.943,0.95,0.911,0.542,0.493,0.298
Philippines,1997,0.898,0.749,1,0.507,1,0.674,0.692,0.811,0.842,0.14,0.943,0.95,0.911,0.542,0.493,0.298
Philippines,1998,0.898,0.751,1,0.567,1,0.659,0.692,0.777,0.842,0.133,0.943,0.95,0.911,0.542,0.493,0.298
Philippines,1999,0.859,0.756,1,0.588,1,0.653,0.714,0.837,0.842,0.125,0.943,0.95,0.84,0.542,0.493,0.298
Philippines,2000,0.88,0.756,1,0.588,1,0.653,0.69,0.856,0.842,0.117,0.943,0.95,0.84,0.503,0.493,0.298
Philippines,2001,0.868,0.749,1,0.502,1,0.652,0.69,0.835,0.842,0.109,0.943,0.95,0.846,0.503,0.493,0.298
Philippines,2002,0.868,0.751,1,0.468,1,0.635,0.678,0.798,0.842,0.101,0.943,0.95,0.846,0.489,0.493,0.298
Philippines,2003,0.863,0.751,1,0.468,1,0.635,0.678,0.798,0.842,0.093,0.943,0.95,0.846,0.489,0.493,0.298
Philippines,2004,0.856,0.733,1,0.399,1,0.644,0.686,0.708,0.842,0.085,0.943,0.95,0.846,0.489,0.493,0.298
Philippines,2005,0.835,0.732,1,0.362,1,0.651,0.679,0.76,0.853,0.077,0.943,0.95,0.846,0.489,0.493,0.298
Philippines,2006,0.834,0.732,1,0.362,1,0.641,0.679,0.76,0.853,0.07,0.943,0.95,0.846,0.489,0.493,0.298
Philippines,2007,0.834,0.739,1,0.355,1,0.64,0.679,0.8,0.853,0.07,0.943,0.95,0.846,0.489,0.493,0.298
Philippines,2008,0.834,0.743,1,0.351,1,0.645,0.679,0.8,0.859,0.07,0.943,0.95,0.846,0.489,0.493,0.298
Philippines,2009,0.835,0.743,1,0.351,1,0.648,0.679,0.787,0.859,0.07,0.943,0.95,0.846,0.489,0.493,0.298
Philippines,2010,0.869,0.776,1,0.448,1,0.707,0.779,0.766,0.876,0.07,0.943,0.976,0.873,0.545,0.493,0.304
Philippines,2011,0.876,0.776,1,0.492,1,0.713,0.799,0.774,0.876,0.07,0.943,0.976,0.883,0.545,0.493,0.304
Philippines,2012,0.876,0.776,1,0.492,1,0.713,0.799,0.774,0.876,0.07,0.943,0.976,0.883,0.532,0.493,0.304
Philippines,2013,0.879,0.785,1,0.478,1,0.705,0.767,0.796,0.876,0.07,0.943,0.976,0.902,0.493,0.465,0.31
Philippines,2014,0.879,0.79,1,0.47,1,0.705,0.767,0.796,0.876,0.07,0.943,0.976,0.902,0.497,0.465,0.31
Philippines,2015,0.879,0.79,1,0.47,1,0.706,0.779,0.796,0.889,0.07,0.943,0.976,0.898,0.505,0.469,0.31
Philippines,2016,0.762,0.767,1,0.499,1,0.635,0.676,0.663,0.819,0.07,0.943,0.976,0.78,0.429,0.463,0.304
Philippines,2017,0.746,0.741,1,0.5,1,0.589,0.647,0.629,0.788,0.07,0.96,0.976,0.787,0.347,0.455,0.295
Philippines,2018,0.704,0.714,1,0.5,1,0.556,0.616,0.576,0.76,0.07,0.96,0.976,0.795,0.347,0.455,0.295
Philippines,2019,0.654,0.692,1,0.465,1,0.526,0.614,0.584,0.818,0.07,0.963,0.985,0.81,0.245,0.438,0.295
Philippines,2020,0.586,0.681,1,0.448,1,0.528,0.631,0.584,0.709,0.07,0.963,0.985,0.785,0.243,0.397,0.24
Philippines,2021,0.615,0.681,1,0.448,1,0.5,0.61,0.584,0.709,0.07,0.963,0.985,0.785,0.238,0.397,0.24
Philippines,2022,0.657,0.684,1,0.409,1,0.536,0.61,0.611,0.709,0.07,0.963,0.985,0.708,0.277,0.424,0.231
Philippines,2023,0.664,0.72,1,0.389,1,0.554,0.61,0.654,0.709,0.07,0.963,0.985,0.526,0.263,0.424,0.243
Philippines,2024,0.667,0.72,1,0.386,1,0.575,0.642,0.682,0.681,0.07,0.963,0.868,0.526,0.28,0.379,0.245
Tanzania,1950,0.307,0.107,0,0,0,0.302,0.551,0.165,0.056,0,0,0.024,0.024,0.596,0.059,0.198
Tanzania,1951,0.348,0.107,0,0,0,0.302,0.551,0.165,0.056,0,0,0.024,0.024,0.596,0.059,0.198
Tanzania,1952,0.348,0.107,0,0,0,0.302,0.551,0.165,0.056,0,0,0.024,0.024,0.596,0.059,0.198
Tanzania,1953,0.348,0.107,0,0,0,0.302,0.551,0.194,0.056,0,0.03,0.024,0.024,0.596,0.059,0.198
Tanzania,1954,0.348,0.167,0,0,0,0.288,0.551,0.194,0.079,0,0.03,0.024,0.024,0.596,0.059,0.198
Tanzania,1955,0.358,0.2,0,0,0,0.288,0.551,0.194,0.089,0,0.03,0.024,0.024,0.596,0.065,0.198
Tanzania,1956,0.358,0.222,0,0,0,0.288,0.551,0.194,0.089,0,0.03,0.024,0.024,0.596,0.134,0.198
Tanzania,1957,0.358,0.222,0,0,0,0.288,0.551,0.211,0.089,0,0.03,0.024,0.034,0.596,0.158,0.198
Tanzania,1958,0.358,0.371,0.02,0.144,0,0.288,0.551,0.211,0.089,0,0.03,0.024,0.034,0.596,0.219,0.198
Tanzania,1959,0.358,0.428,0.02,0.458,0,0.288,0.551,0.211,0.089,0,0.03,0.024,0.034,0.596,0.219,0.198
Tanzania,1960,0.373,0.436,0.1,0.471,0,0.291,0.566,0.226,0.089,0,0.14,0.024,0.055,0.596,0.219,0.198
Tanzania,1961,0.544,0.568,0.1,0.555,0,0.67,0.756,0.347,0.412,0,0.14,0.024,0.382,0.703,0.868,0.647
Tanzania,1962,0.424,0.438,0.1,0.557,1,0.674,0.823,0.686,0.386,0,0.14,0.024,0.462,0.703,0.898,0.659
Tanzania,1963,0.424,0.327,1,0.564,1,0.674,0.823,0.686,0.386,0,0.14,0.024,0.462,0.703,0.898,0.659
Tanzania,1964,0.424,0.321,1,0.564,1,0.674,0.823,0.661,0.386,0,0.14,0.024,0.462,0.703,0.898,0.659
Tanzania,1965,0.408,0.189,1,0.541,0.794,0.68,0.773,0.661,0.386,0,0.358,0.024,0.493,0.703,0.914,0.659
Tanzania,1966,0.408,0.15,1,0.487,0.794,0.655,0.773,0.661,0.395,0,0.358,0.024,0.493,0.702,0.914,0.659
Tanzania,1967,0.377,0.139,1,0.487,0.794,0.682,0.773,0.661,0.292,0,0.358,0.024,0.493,0.702,0.914,0.797
Tanzania,1968,0.377,0.137,1,0.487,0.794,0.682,0.773,0.661,0.292,0,0.358,0.024,0.493,0.702,0.914,0.797
Tanzania,1969,0.377,0.137,1,0.487,0.794,0.682,0.773,0.661,0.292,0,0.358,0.024,0.493,0.702,0.914,0.797
Tanzania,1970,0.366,0.137,1,0.486,0.794,0.682,0.773,0.641,0.292,0,0.358,0.024,0.493,0.702,0.914,0.803
Tanzania,1971,0.366,0.14,1,0.482,0.794,0.682,0.773,0.641,0.292,0,0.358,0.024,0.493,0.702,0.914,0.829
Tanzania,1972,0.366,0.14,1,0.482,0.794,0.664,0.773,0.641,0.292,0,0.068,0.024,0.493,0.702,0.914,0.829
Tanzania,1973,0.366,0.14,1,0.482,0.794,0.683,0.773,0.641,0.292,0,0.068,0.024,0.493,0.702,0.914,0.829
Tanzania,1974,0.366,0.14,1,0.482,0.794,0.683,0.773,0.641,0.292,0,0.068,0.024,0.493,0.702,0.914,0.829
Tanzania,1975,0.366,0.139,1,0.482,0.76,0.683,0.773,0.641,0.292,0,0.068,0.024,0.493,0.702,0.914,0.829
Tanzania,1976,0.372,0.134,1,0.478,0.76,0.683,0.773,0.641,0.292,0,0.068,0.024,0.493,0.702,0.914,0.829
Tanzania,1977,0.375,0.134,1,0.478,0.76,0.683,0.773,0.641,0.292,0,0.068,0.024,0.493,0.702,0.914,0.829
Tanzania,1978,0.375,0.134,1,0.478,0.76,0.683,0.773,0.641,0.292,0,0.068,0.024,0.493,0.702,0.914,0.829
Tanzania,1979,0.375,0.134,1,0.478,0.76,0.683,0.773,0.641,0.292,0,0.068,0.024,0.493,0.702,0.914,0.829
Tanzania,1980,0.375,0.138,1,0.479,0.772,0.683,0.773,0.641,0.433,0,0.068,0.024,0.493,0.702,0.914,0.759
Tanzania,1981,0.385,0.146,1,0.482,0.772,0.683,0.773,0.641,0.433,0,0.068,0.024,0.493,0.702,0.928,0.759
Tanzania,1982,0.385,0.162,1,0.482,0.772,0.683,0.773,0.641,0.433,0,0.358,0.024,0.493,0.702,0.928,0.759
Tanzania,1983,0.385,0.162,1,0.482,0.772,0.683,0.773,0.641,0.433,0,0.358,0.024,0.493,0.702,0.928,0.759
Tanzania,1984,0.385,0.162,1,0.482,0.772,0.683,0.773,0.641,0.433,0,0.358,0.024,0.518,0.702,0.928,0.759
Tanzania,1985,0.422,0.159,1,0.481,0.865,0.697,0.765,0.641,0.439,0,0.358,0.024,0.58,0.702,0.885,0.73
Tanzania,1986,0.431,0.167,1,0.48,0.865,0.703,0.762,0.641,0.598,0,0.358,0.024,0.572,0.697,0.82,0.695
Tanzania,1987,0.439,0.167,1,0.48,0.865,0.726,0.762,0.641,0.598,0,0.358,0.024,0.572,0.697,0.82,0.695
Tanzania,1988,0.439,0.167,1,0.48,0.865,0.724,0.762,0.641,0.598,0,0.358,0.024,0.572,0.697,0.82,0.695
Tanzania,1989,0.439,0.167,1,0.48,0.865,0.724,0.762,0.641,0.605,0,0.358,0.024,0.572,0.697,0.82,0.695
Tanzania,1990,0.503,0.212,1,0.485,0.865,0.721,0.762,0.756,0.579,0,0.358,0.024,0.645,0.687,0.82,0.67
Tanzania,1991,0.509,0.235,1,0.506,0.865,0.763,0.762,0.756,0.635,0,0.358,0.024,0.667,0.687,0.82,0.694
Tanzania,1992,0.675,0.508,1,0.511,0.865,0.764,0.762,0.756,0.68,0,0.358,0.024,0.616,0.687,0.809,0.694
Tanzania,1993,0.657,0.519,1,0.538,0.865,0.764,0.762,0.756,0.693,0,0.358,0.024,0.626,0.687,0.809,0.694
Tanzania,1994,0.67,0.519,1,0.586,0.865,0.764,0.767,0.756,0.693,0,0.358,0.024,0.639,0.687,0.809,0.694
Tanzania,1995,0.706,0.683,1,0.573,0.91,0.764,0.772,0.859,0.787,0,0.358,0.135,0.684,0.687,0.8,0.657
Tanzania,1996,0.738,0.757,1,0.517,0.91,0.754,0.772,0.859,0.785,0,0.929,0.135,0.696,0.687,0.779,0.625
Tanzania,1997,0.738,0.757,1,0.517,0.91,0.754,0.772,0.859,0.785,0,0.929,0.135,0.696,0.687,0.779,0.625
Tanzania,1998,0.738,0.757,1,0.517,0.91,0.754,0.772,0.859,0.785,0,0.929,0.135,0.696,0.687,0.779,0.625
Tanzania,1999,0.738,0.757,1,0.517,0.91,0.754,0.772,0.859,0.785,0,0.929,0.135,0.696,0.687,0.779,0.625
Tanzania,2000,0.72,0.757,1,0.491,0.91,0.761,0.772,0.859,0.785,0,0.929,0.135,0.701,0.687,0.782,0.623
Tanzania,2001,0.741,0.759,1,0.373,0.91,0.769,0.772,0.859,0.785,0,0.929,0.135,0.701,0.687,0.799,0.623
Tanzania,2002,0.741,0.759,1,0.373,0.91,0.769,0.772,0.859,0.785,0,0.929,0.135,0.701,0.687,0.799,0.623
Tanzania,2003,0.741,0.759,1,0.373,0.91,0.769,0.772,0.859,0.785,0,0.929,0.135,0.701,0.687,0.799,0.623
Tanzania,2004,0.741,0.759,1,0.373,0.91,0.769,0.772,0.859,0.785,0,0.929,0.135,0.701,0.687,0.799,0.623
Tanzania,2005,0.724,0.736,1,0.361,0.865,0.769,0.76,0.885,0.792,0,0.929,0.135,0.762,0.687,0.778,0.615
Tanzania,2006,0.737,0.736,1,0.472,0.865,0.769,0.76,0.908,0.792,0,0.929,0.135,0.765,0.687,0.778,0.615
Tanzania,2007,0.743,0.736,1,0.472,0.865,0.769,0.76,0.908,0.792,0,0.929,0.135,0.765,0.687,0.778,0.615
Tanzania,2008,0.743,0.738,1,0.472,0.865,0.769,0.76,0.908,0.792,0,0.929,0.135,0.765,0.687,0.778,0.615
Tanzania,2009,0.734,0.738,1,0.472,0.865,0.769,0.76,0.908,0.792,0,0.929,0.135,0.765,0.687,0.778,0.615
Tanzania,2010,0.733,0.743,1,0.484,0.88,0.771,0.76,0.914,0.809,0,0.898,0.135,0.772,0.687,0.782,0.615
Tanzania,2011,0.745,0.744,1,0.499,0.88,0.774,0.76,0.914,0.809,0,0.893,0.135,0.772,0.68,0.782,0.615
Tanzania,2012,0.744,0.744,1,0.499,0.88,0.774,0.76,0.915,0.809,0.015,0.893,0.135,0.768,0.68,0.782,0.618
Tanzania,2013,0.745,0.726,1,0.499,0.88,0.752,0.758,0.912,0.804,0.015,0.893,0.135,0.777,0.673,0.736,0.611
Tanzania,2014,0.74,0.726,1,0.499,0.88,0.748,0.758,0.912,0.804,0.015,0.893,0.135,0.777,0.673,0.751,0.611
Tanzania,2015,0.715,0.705,1,0.491,0.838,0.764,0.788,0.917,0.791,0.015,0.893,0.135,0.777,0.673,0.817,0.704
Tanzania,2016,0.628,0.667,1,0.454,0.838,0.761,0.818,0.81,0.771,0.015,0.908,0.135,0.731,0.732,0.852,0.727
Tanzania,2017,0.629,0.644,1,0.444,0.838,0.762,0.803,0.813,0.789,0.015,0.884,0.135,0.761,0.732,0.849,0.749
Tanzania,2018,0.598,0.628,1,0.442,0.838,0.749,0.74,0.828,0.786,0.015,0.931,0.07,0.76,0.764,0.832,0.696
Tanzania,2019,0.597,0.61,1,0.449,0.838,0.727,0.77,0.808,0.801,0.015,0.892,0.07,0.798,0.765,0.826,0.706
Tanzania,2020,0.575,0.611,1,0.418,0.91,0.731,0.829,0.813,0.791,0.015,0.881,0.07,0.771,0.765,0.836,0.744
Tanzania,2021,0.602,0.614,1,0.333,0.91,0.774,0.828,0.801,0.826,0.015,0.917,0.07,0.734,0.754,0.845,0.777
Tanzania,2022,0.712,0.618,1,0.333,0.91,0.838,0.789,0.803,0.76,0.015,0.917,0.155,0.749,0.755,0.864,0.777
Tanzania,2023,0.701,0.708,1,0.37,0.91,0.844,0.829,0.793,0.81,0.015,0.806,0.155,0.721,0.73,0.809,0.582
Tanzania,2024,0.699,0.693,1,0.368,0.91,0.835,0.829,0.83,0.868,0.015,0.806,0.155,0.681,0.737,0.837,0.726
Taiwan,1950,0.047,0.045,1,0,0,0.266,0.082,0.178,0.052,0,0.048,0.08,0.13,0.539,0.177,0.518
Taiwan,1951,0.057,0.045,1,0,0,0.289,0.082,0.178,0.052,0,0.048,0.08,0.13,0.539,0.177,0.518
Taiwan,1952,0.07,0.045,1,0,0,0.308,0.082,0.178,0.052,0,0.048,0.08,0.143,0.539,0.177,0.518
Taiwan,1953,0.07,0.045,1,0,0,0.32,0.082,0.178,0.052,0,0.087,0.08,0.143,0.539,0.177,0.518
Taiwan,1954,0.07,0.045,1,0,0,0.326,0.082,0.178,0.052,0,0.087,0.08,0.143,0.539,0.177,0.518
Taiwan,1955,0.07,0.045,1,0,0,0.333,0.082,0.178,0.052,0,0.087,0.08,0.143,0.542,0.177,0.498
Taiwan,1956,0.07,0.045,1,0,0,0.333,0.082,0.178,0.052,0,0.087,0.08,0.157,0.542,0.177,0.498
Taiwan,1957,0.07,0.045,1,0,0,0.333,0.082,0.178,0.052,0,0.087,0.08,0.157,0.542,0.207,0.498
Taiwan,1958,0.073,0.045,1,0,0,0.333,0.082,0.178,0.052,0,0.087,0.08,0.157,0.542,0.207,0.498
Taiwan,1959,0.073,0.045,1,0,0,0.333,0.082,0.178,0.052,0,0.087,0.08,0.157,0.542,0.207,0.498
Taiwan,1960,0.098,0.046,1,0,0,0.353,0.1,0.178,0.121,0,0.087,0.08,0.157,0.542,0.205,0.518
Taiwan,1961,0.098,0.046,1,0,0,0.36,0.1,0.178,0.121,0,0.087,0.08,0.157,0.542,0.205,0.518
Taiwan,1962,0.098,0.046,1,0,0,0.357,0.1,0.178,0.121,0,0.087,0.08,0.157,0.542,0.205,0.518
Taiwan,1963,0.098,0.046,1,0,0,0.357,0.1,0.178,0.121,0,0.087,0.08,0.157,0.542,0.205,0.518
Taiwan,1964,0.098,0.046,1,0,0,0.373,0.1,0.178,0.121,0,0.087,0.08,0.157,0.542,0.205,0.525
Taiwan,1965,0.098,0.046,1,0,0,0.373,0.1,0.178,0.121,0,0.087,0.08,0.157,0.542,0.205,0.525
Taiwan,1966,0.098,0.046,1,0,0,0.373,0.1,0.178,0.132,0,0.087,0.08,0.165,0.542,0.226,0.533
Taiwan,1967,0.098,0.046,1,0,0,0.367,0.1,0.178,0.132,0,0.087,0.08,0.188,0.542,0.226,0.533
Taiwan,1968,0.102,0.046,1,0,0,0.367,0.1,0.178,0.132,0,0.087,0.08,0.188,0.542,0.226,0.556
Taiwan,1969,0.102,0.047,1,0.008,0,0.367,0.1,0.178,0.132,0,0.087,0.08,0.189,0.547,0.226,0.556
Taiwan,1970,0.115,0.052,1,0.232,0,0.392,0.117,0.181,0.153,0,0.087,0.109,0.189,0.547,0.225,0.607
Taiwan,1971,0.101,0.052,1,0.232,0,0.372,0.117,0.181,0.153,0,0.087,0.109,0.176,0.547,0.225,0.607
Taiwan,1972,0.108,0.052,1,0.232,0,0.359,0.117,0.181,0.153,0,0.087,0.109,0.168,0.547,0.239,0.622
Taiwan,1973,0.112,0.058,1,0.211,0,0.366,0.117,0.181,0.165,0,0.087,0.109,0.168,0.547,0.239,0.605
Taiwan,1974,0.122,0.058,1,0.211,0,0.396,0.117,0.181,0.165,0,0.087,0.109,0.195,0.547,0.239,0.605
Taiwan,1975,0.122,0.058,1,0.211,0,0.412,0.121,0.207,0.183,0,0.087,0.109,0.258,0.547,0.239,0.626
Taiwan,1976,0.143,0.061,1,0.217,0,0.463,0.124,0.207,0.183,0,0.087,0.109,0.34,0.547,0.28,0.642
Taiwan,1977,0.146,0.064,1,0.217,0,0.463,0.128,0.207,0.222,0,0.087,0.109,0.34,0.547,0.28,0.668
Taiwan,1978,0.151,0.069,1,0.217,0,0.401,0.128,0.207,0.238,0,0.087,0.109,0.301,0.547,0.363,0.668
Taiwan,1979,0.144,0.069,1,0.223,0,0.386,0.138,0.207,0.238,0,0.087,0.109,0.305,0.642,0.363,0.687
Taiwan,1980,0.188,0.078,1,0.241,0,0.43,0.173,0.228,0.347,0,0.087,0.109,0.314,0.702,0.498,0.732
Taiwan,1981,0.197,0.081,1,0.258,0,0.472,0.173,0.228,0.371,0,0.087,0.109,0.314,0.702,0.498,0.732
Taiwan,1982,0.21,0.081,1,0.253,0,0.549,0.173,0.228,0.376,0,0.087,0.109,0.4,0.702,0.498,0.732
Taiwan,1983,0.21,0.086,1,0.257,0,0.565,0.173,0.228,0.376,0,0.087,0.109,0.4,0.702,0.498,0.732
Taiwan,1984,0.222,0.081,1,0.295,0,0.603,0.173,0.228,0.395,0,0.087,0.109,0.4,0.702,0.498,0.732
Taiwan,1985,0.227,0.081,1,0.295,0,0.603,0.173,0.228,0.395,0,0.087,0.137,0.4,0.702,0.498,0.732
Taiwan,1986,0.263,0.175,1,0.305,0,0.603,0.173,0.354,0.408,0,0.11,0.137,0.433,0.702,0.535,0.732
Taiwan,1987,0.314,0.455,1,0.322,0,0.616,0.173,0.354,0.551,0,0.162,0.209,0.456,0.702,0.535,0.732
Taiwan,1988,0.403,0.552,1,0.322,0,0.712,0.345,0.454,0.565,0,0.162,0.209,0.651,0.763,0.598,0.739
Taiwan,1989,0.478,0.613,1,0.344,0,0.827,0.392,0.486,0.627,0,0.162,0.209,0.689,0.851,0.632,0.763
Taiwan,1990,0.538,0.632,1,0.449,0,0.864,0.491,0.543,0.706,0,0.162,0.461,0.738,0.851,0.73,0.802
Taiwan,1991,0.544,0.632,1,0.454,0,0.863,0.56,0.607,0.738,0,0.243,0.461,0.747,0.851,0.73,0.802
Taiwan,1992,0.576,0.665,1,0.629,0,0.885,0.566,0.66,0.738,0,0.312,0.533,0.752,0.851,0.751,0.807
Taiwan,1993,0.619,0.699,1,0.768,0,0.885,0.566,0.708,0.769,0,0.312,0.533,0.816,0.851,0.751,0.859
Taiwan,1994,0.644,0.699,1,0.755,0,0.892,0.582,0.708,0.769,0,0.312,0.768,0.826,0.851,0.772,0.857
Taiwan,1995,0.653,0.708,1,0.757,0,0.894,0.582,0.708,0.769,0,0.699,0.941,0.826,0.853,0.772,0.857
Taiwan,1996,0.681,0.77,1,0.812,1,0.898,0.582,0.708,0.82,0,0.699,0.941,0.826,0.853,0.76,0.896
Taiwan,1997,0.727,0.807,1,0.818,1,0.898,0.582,0.725,0.826,0,0.699,0.941,0.826,0.853,0.76,0.896
Taiwan,1998,0.75,0.805,1,0.828,1,0.898,0.582,0.725,0.854,0,0.841,0.961,0.83,0.853,0.76,0.918
Taiwan,1999,0.75,0.793,1,0.825,1,0.898,0.582,0.725,0.854,0,0.879,0.961,0.83,0.853,0.774,0.918
Taiwan,2000,0.928,0.837,1,0.853,1,0.956,0.832,0.859,0.933,0,0.985,0.961,0.913,0.868,0.846,0.948
Taiwan,2001,0.93,0.849,1,0.859,1,0.956,0.832,0.859,0.937,0,0.985,0.961,0.911,0.868,0.854,0.948
Taiwan,2002,0.93,0.852,1,0.878,1,0.956,0.832,0.859,0.943,0,0.985,0.961,0.911,0.868,0.854,0.948
Taiwan,2003,0.919,0.852,1,0.878,1,0.956,0.832,0.859,0.949,0,0.985,0.961,0.911,0.868,0.854,0.948
Taiwan,2004,0.919,0.852,1,0.851,1,0.956,0.832,0.859,0.942,0.208,0.985,0.961,0.911,0.868,0.854,0.948
Taiwan,2005,0.919,0.839,1,0.855,1,0.956,0.832,0.862,0.948,0.208,0.985,0.961,0.911,0.868,0.854,0.948
Taiwan,2006,0.919,0.839,1,0.862,1,0.956,0.832,0.862,0.948,0.208,0.985,0.961,0.911,0.868,0.854,0.948
Taiwan,2007,0.921,0.839,1,0.862,1,0.956,0.832,0.862,0.948,0.208,0.985,0.961,0.911,0.868,0.854,0.948
Taiwan,2008,0.928,0.857,1,0.877,1,0.956,0.837,0.818,0.948,0.383,0.985,0.961,0.854,0.868,0.854,0.948
Taiwan,2009,0.901,0.878,1,0.886,1,0.954,0.746,0.818,0.922,0.373,0.985,0.961,0.82,0.868,0.849,0.95
Taiwan,2010,0.909,0.88,1,0.884,1,0.956,0.723,0.818,0.922,0.362,0.985,0.961,0.82,0.868,0.849,0.95
Taiwan,2011,0.909,0.881,1,0.884,1,0.956,0.723,0.818,0.922,0.352,0.985,0.961,0.82,0.863,0.849,0.95
Taiwan,2012,0.911,0.878,1,0.886,1,0.956,0.747,0.818,0.922,0.341,0.985,0.961,0.82,0.863,0.849,0.95
Taiwan,2013,0.91,0.88,1,0.884,1,0.947,0.793,0.8,0.892,0.309,0.992,0.961,0.818,0.905,0.847,0.96
Taiwan,2014,0.91,0.88,1,0.89,1,0.949,0.793,0.8,0.892,0.276,0.992,0.961,0.818,0.905,0.847,0.96
Taiwan,2015,0.91,0.88,1,0.89,1,0.95,0.793,0.8,0.892,0.244,0.992,0.961,0.818,0.908,0.847,0.96
Taiwan,2016,0.921,0.887,1,0.932,1,0.954,0.863,0.808,0.934,0.212,0.992,0.974,0.892,0.888,0.866,0.961
Taiwan,2017,0.912,0.897,1,0.939,1,0.961,0.863,0.792,0.934,0.179,0.992,0.963,0.882,0.897,0.847,0.957
Taiwan,2018,0.916,0.897,1,0.939,1,0.957,0.859,0.807,0.925,0.371,0.992,0,0.884,0.892,0.847,0.957
Taiwan,2019,0.896,0.9,1,0.939,1,0.958,0.861,0.79,0.936,0.346,0.958,0,0.864,0.907,0.847,0.965
Taiwan,2020,0.868,0.901,1,0.942,1,0.958,0.861,0.824,0.926,0.335,0.958,0,0.892,0.911,0.869,0.965
Taiwan,2021,0.868,0.901,1,0.942,1,0.958,0.84,0.804,0.931,0.319,0.958,0,0.915,0.911,0.883,0.965
Taiwan,2022,0.878,0.902,1,0.941,1,0.959,0.853,0.856,0.931,0.405,0.958,0,0.912,0.917,0.876,0.965
Taiwan,2023,0.87,0.902,1,0.941,1,0.963,0.859,0.838,0.937,0.379,0.958,0,0.91,0.922,0.863,0.965
Taiwan,2024,0.848,0.882,1,0.936,1,0.964,0.829,0.864,0.933,0.37,0.958,0,0.844,0.922,0.772,0.966
Thailand,1950,0.244,0.202,0.98,0.125,0,0.284,0.595,0.172,0.132,0,0.011,0.012,0.158,0.036,0.185,0.131
Thailand,1951,0.244,0.191,0.98,0.113,0,0.284,0.595,0.202,0.132,0,0.011,0.012,0.158,0.036,0.185,0.131
Thailand,1952,0.244,0.102,0.98,0.106,0,0.284,0.595,0.172,0.132,0,0.011,0.012,0.158,0.036,0.185,0.131
Thailand,1953,0.244,0.104,0.98,0.125,0,0.284,0.595,0.172,0.132,0,0.011,0.012,0.158,0.036,0.185,0.131
Thailand,1954,0.259,0.104,0.98,0.125,0,0.284,0.595,0.172,0.132,0,0.011,0.012,0.158,0.036,0.185,0.131
Thailand,1955,0.286,0.162,0.98,0.125,0,0.284,0.595,0.172,0.132,0,0.011,0.012,0.158,0.036,0.185,0.131
Thailand,1956,0.286,0.191,0.98,0.125,0,0.284,0.595,0.172,0.132,0,0.011,0.012,0.158,0.036,0.185,0.131
Thailand,1957,0.293,0.263,0.98,0.096,0,0.264,0.595,0.115,0.154,0,0.011,0.012,0.171,0.036,0.185,0.179
Thailand,1958,0.243,0.197,0.98,0.069,0,0.255,0.595,0.054,0.124,0,0.011,0.012,0.205,0.036,0.209,0.18
Thailand,1959,0.243,0.117,0.98,0,0,0.255,0.595,0.085,0.124,0,0.011,0.012,0.205,0.036,0.209,0.18
Thailand,1960,0.268,0.117,0.98,0,0,0.252,0.595,0.085,0.157,0,0.011,0.012,0.224,0.036,0.209,0.18
Thailand,1961,0.268,0.117,0.98,0,0,0.252,0.595,0.085,0.157,0,0.011,0.012,0.198,0.036,0.209,0.18
Thailand,1962,0.268,0.117,0.98,0,0,0.252,0.595,0.085,0.157,0,0.011,0.012,0.198,0.036,0.209,0.18
Thailand,1963,0.268,0.117,0.98,0,0,0.252,0.595,0.085,0.157,0,0.011,0.012,0.198,0.036,0.209,0.18
Thailand,1964,0.268,0.117,0.98,0,0,0.266,0.595,0.085,0.157,0,0.011,0.012,0.198,0.036,0.209,0.18
Thailand,1965,0.268,0.117,0.98,0,0,0.266,0.595,0.085,0.157,0,0.011,0.012,0.198,0.036,0.209,0.18
Thailand,1966,0.268,0.117,0.98,0,0,0.266,0.595,0.085,0.157,0,0.011,0.012,0.198,0.036,0.209,0.18
Thailand,1967,0.284,0.117,0.98,0,0,0.266,0.595,0.085,0.157,0,0.011,0.012,0.198,0.036,0.209,0.18
Thailand,1968,0.312,0.186,0.98,0,0,0.266,0.595,0.085,0.157,0,0.011,0.012,0.198,0.036,0.209,0.18
Thailand,1969,0.312,0.271,0.98,0.115,0,0.266,0.616,0.138,0.157,0,0.011,0.012,0.3,0.036,0.209,0.18
Thailand,1970,0.315,0.277,0.98,0.129,0,0.34,0.616,0.099,0.157,0,0.011,0.012,0.3,0.076,0.227,0.215
Thailand,1971,0.315,0.254,0.98,0.114,0,0.34,0.616,0.099,0.157,0,0.011,0.012,0.244,0.076,0.227,0.215
Thailand,1972,0.286,0.121,0.98,0,0,0.342,0.603,0.085,0.157,0,0.011,0.012,0.236,0.076,0.227,0.229
Thailand,1973,0.309,0.197,0.98,0,0,0.337,0.621,0.166,0.239,0,0.011,0.012,0.533,0.079,0.296,0.28
Thailand,1974,0.404,0.406,0.98,0,1,0.366,0.637,0.538,0.498,0,0.011,0.012,0.754,0.079,0.33,0.301
Thailand,1975,0.384,0.492,0.98,0.208,1,0.366,0.637,0.568,0.498,0,0.011,0.012,0.754,0.079,0.33,0.301
Thailand,1976,0.337,0.403,0.98,0.158,0,0.314,0.637,0.117,0.43,0,0.011,0.012,0.67,0.076,0.33,0.301
Thailand,1977,0.335,0.15,0.98,0,0,0.319,0.598,0.117,0.189,0,0.011,0.012,0.316,0.076,0.318,0.28
Thailand,1978,0.338,0.158,0.98,0,0,0.319,0.598,0.158,0.253,0,0.011,0.012,0.325,0.076,0.318,0.28
Thailand,1979,0.338,0.178,0.98,0.118,0,0.319,0.61,0.17,0.253,0,0.011,0.012,0.405,0.076,0.318,0.28
Thailand,1980,0.501,0.337,0.98,0.172,1,0.536,0.756,0.256,0.472,0,0.011,0.012,0.654,0.172,0.394,0.342
Thailand,1981,0.519,0.476,0.98,0.172,1,0.538,0.756,0.256,0.472,0,0.011,0.012,0.633,0.187,0.433,0.342
Thailand,1982,0.531,0.518,0.98,0.172,1,0.542,0.756,0.256,0.556,0,0.011,0.012,0.633,0.187,0.433,0.331
Thailand,1983,0.557,0.531,0.98,0.242,1,0.573,0.756,0.256,0.556,0,0.011,0.012,0.633,0.187,0.433,0.342
Thailand,1984,0.576,0.537,0.98,0.27,1,0.576,0.756,0.256,0.556,0,0.011,0.012,0.633,0.187,0.433,0.342
Thailand,1985,0.584,0.537,0.98,0.27,1,0.584,0.756,0.256,0.556,0,0.011,0.012,0.633,0.187,0.433,0.342
Thailand,1986,0.571,0.534,0.98,0.267,1,0.584,0.756,0.282,0.556,0,0.011,0.012,0.633,0.187,0.433,0.342
Thailand,1987,0.584,0.53,0.98,0.262,1,0.579,0.756,0.282,0.556,0,0.011,0.012,0.633,0.187,0.433,0.342
Thailand,1988,0.58,0.596,0.98,0.291,1,0.584,0.756,0.465,0.556,0,0.011,0.012,0.704,0.187,0.433,0.37
Thailand,1989,0.587,0.624,0.98,0.325,1,0.584,0.756,0.465,0.556,0,0.011,0.012,0.704,0.187,0.433,0.37
Thailand,1990,0.597,0.65,0.98,0.325,1,0.588,0.756,0.465,0.579,0,0.011,0.012,0.691,0.186,0.463,0.373
Thailand,1991,0.564,0.457,0.98,0.047,0,0.566,0.755,0.101,0.506,0,0.011,0.012,0.529,0.186,0.463,0.361
Thailand,1992,0.641,0.654,0.98,0.154,1,0.529,0.755,0.434,0.684,0,0.042,0.012,0.543,0.189,0.499,0.365
Thailand,1993,0.714,0.742,0.98,0.304,1,0.643,0.761,0.611,0.684,0,0.171,0.012,0.85,0.189,0.612,0.518
Thailand,1994,0.719,0.742,0.98,0.304,1,0.648,0.761,0.611,0.753,0,0.342,0.012,0.85,0.189,0.612,0.518
Thailand,1995,0.719,0.746,0.98,0.319,1,0.648,0.761,0.611,0.753,0,0.383,0.012,0.85,0.189,0.612,0.518
Thailand,1996,0.719,0.75,0.98,0.287,1,0.648,0.761,0.491,0.782,0,0.301,0.012,0.859,0.189,0.612,0.518
Thailand,1997,0.723,0.766,0.98,0.446,1,0.677,0.761,0.61,0.782,0.015,0.301,0.05,0.908,0.189,0.624,0.551
Thailand,1998,0.723,0.821,0.98,0.481,1,0.7,0.761,0.73,0.751,0.015,0.301,0.05,0.948,0.282,0.657,0.531
Thailand,1999,0.723,0.821,0.98,0.481,1,0.706,0.761,0.73,0.751,0.015,0.301,0.05,0.948,0.282,0.657,0.531
Thailand,2000,0.695,0.845,0.98,0.474,1,0.708,0.761,0.786,0.751,0.015,0.301,0.05,0.948,0.28,0.657,0.604
Thailand,2001,0.685,0.852,0.98,0.585,1,0.69,0.761,0.73,0.751,0.015,0.301,0.05,0.94,0.28,0.732,0.628
Thailand,2002,0.685,0.834,0.98,0.587,1,0.68,0.761,0.731,0.751,0.015,0.301,0.05,0.935,0.264,0.732,0.67
Thailand,2003,0.685,0.836,0.98,0.576,1,0.677,0.761,0.66,0.669,0.015,0.301,0.05,0.935,0.264,0.732,0.67
Thailand,2004,0.685,0.825,0.98,0.576,1,0.659,0.761,0.66,0.694,0.015,0.301,0.098,0.935,0.264,0.711,0.67
Thailand,2005,0.66,0.826,0.98,0.541,1,0.654,0.761,0.613,0.694,0.015,0.301,0.098,0.908,0.271,0.711,0.67
Thailand,2006,0.592,0.56,0.98,0.143,0,0.624,0.728,0.305,0.646,0.015,0.301,0.098,0.616,0.271,0.699,0.658
Thailand,2007,0.521,0.466,0.98,0.011,0,0.635,0.765,0.389,0.659,0.151,0.301,0.098,0.586,0.271,0.68,0.668
Thailand,2008,0.587,0.664,0.98,0.435,1,0.649,0.816,0.861,0.66,0.151,0.301,0.098,0.815,0.271,0.717,0.66
Thailand,2009,0.592,0.668,0.98,0.44,1,0.649,0.792,0.815,0.66,0.151,0.301,0.098,0.82,0.271,0.717,0.66
Thailand,2010,0.597,0.665,0.98,0.438,1,0.634,0.749,0.836,0.66,0.151,0.301,0.098,0.809,0.271,0.719,0.664
Thailand,2011,0.62,0.755,0.992,0.486,1,0.658,0.797,0.864,0.67,0.151,0.301,0.098,0.883,0.271,0.719,0.67
Thailand,2012,0.653,0.77,0.992,0.535,1,0.658,0.831,0.882,0.67,0.143,0.301,0.098,0.884,0.271,0.719,0.67
Thailand,2013,0.587,0.715,0.992,0.472,0,0.581,0.831,0.855,0.66,0.136,0.301,0.098,0.789,0.313,0.678,0.611
Thailand,2014,0.261,0.235,0.992,0.253,0,0.377,0.642,0.276,0.489,0,0.093,0.05,0.042,0.323,0.556,0.615
Thailand,2015,0.27,0.171,0.992,0.272,0,0.34,0.593,0.066,0.545,0,0.06,0.029,0.038,0.306,0.556,0.628
Thailand,2016,0.288,0.187,0.992,0.248,0,0.357,0.593,0.061,0.528,0.1,0.06,0.029,0.042,0.257,0.548,0.612
Thailand,2017,0.276,0.16,0.992,0.249,0,0.332,0.609,0.052,0.541,0.284,0.06,0.029,0.054,0.258,0.59,0.581
Thailand,2018,0.366,0.194,0.992,0.267,0,0.37,0.609,0.069,0.546,0.276,0.06,0.029,0.054,0.256,0.604,0.582
Thailand,2019,0.428,0.527,0.994,0.185,0,0.378,0.63,0.748,0.567,0.268,0.06,0.057,0.125,0.269,0.604,0.588
Thailand,2020,0.425,0.475,0.994,0.169,0,0.33,0.605,0.797,0.545,0.26,0.06,0.063,0.125,0.264,0.613,0.596
Thailand,2021,0.425,0.529,0.994,0.169,0,0.33,0.654,0.735,0.545,0.24,0.119,0.063,0.125,0.255,0.613,0.596
Thailand,2022,0.432,0.558,0.994,0.173,0,0.33,0.654,0.785,0.563,0.221,0.074,0.063,0.193,0.262,0.613,0.596
Thailand,2023,0.516,0.621,0.994,0.34,1,0.373,0.722,0.827,0.597,0.201,0.074,0.158,0.33,0.257,0.613,0.596
Thailand,2024,0.525,0.629,0.994,0.443,1,0.373,0.728,0.848,0.699,0.181,0.074,0.158,0.371,0.251,0.613,0.596
Uganda,1950,0.447,0.086,0,0,0,0.299,0.388,0.496,0.457,0,0.003,0,0.176,0.356,0.129,0.136
Uganda,1951,0.479,0.132,0,0,0,0.299,0.388,0.496,0.457,0,0.029,0,0.176,0.356,0.148,0.136
Uganda,1952,0.485,0.132,0,0,0,0.353,0.388,0.496,0.457,0,0.029,0,0.176,0.356,0.148,0.136
Uganda,1953,0.485,0.143,0,0,0,0.355,0.388,0.496,0.497,0,0.029,0,0.176,0.365,0.148,0.136
Uganda,1954,0.485,0.143,0,0,0,0.362,0.388,0.496,0.497,0,0.029,0,0.195,0.399,0.148,0.136
Uganda,1955,0.485,0.143,0,0,0,0.372,0.388,0.496,0.497,0,0.029,0,0.195,0.399,0.148,0.136
Uganda,1956,0.52,0.21,0,0,0,0.4,0.388,0.496,0.497,0,0.029,0,0.235,0.399,0.148,0.138
Uganda,1957,0.52,0.21,0,0,0,0.4,0.388,0.496,0.497,0,0.029,0,0.235,0.399,0.148,0.138
Uganda,1958,0.52,0.264,0.1,0.096,0,0.4,0.388,0.524,0.495,0,0.086,0,0.235,0.399,0.195,0.138
Uganda,1959,0.525,0.297,0.1,0.462,0,0.4,0.388,0.524,0.495,0,0.086,0,0.235,0.399,0.195,0.138
Uganda,1960,0.531,0.381,0.1,0.462,0,0.4,0.388,0.524,0.495,0,0.086,0,0.258,0.399,0.195,0.313
Uganda,1961,0.531,0.379,0.3,0.413,0,0.4,0.394,0.524,0.495,0,0.086,0,0.258,0.399,0.195,0.313
Uganda,1962,0.56,0.476,1,0.518,0,0.431,0.247,0.664,0.53,0,0.276,0,0.496,0.412,0.463,0.381
Uganda,1963,0.567,0.606,1,0.532,0.796,0.479,0.247,0.738,0.599,0,0.276,0,0.617,0.71,0.526,0.464
Uganda,1964,0.547,0.606,1,0.532,0.796,0.483,0.247,0.738,0.599,0,0.276,0,0.632,0.71,0.526,0.464
Uganda,1965,0.547,0.606,1,0.532,0.796,0.483,0.247,0.738,0.599,0,0.276,0,0.632,0.71,0.526,0.464
Uganda,1966,0.443,0.461,1,0.498,0,0.43,0.112,0.702,0.591,0,0.063,0,0.367,0.71,0.526,0.464
Uganda,1967,0.358,0.459,1,0.487,0,0.281,0.104,0.424,0.501,0,0.016,0,0.178,0.683,0.479,0.452
Uganda,1968,0.358,0.459,1,0.487,0,0.295,0.104,0.424,0.392,0,0.016,0,0.178,0.683,0.465,0.377
Uganda,1969,0.352,0.273,1,0.487,0,0.295,0.104,0.424,0.392,0,0.016,0,0.178,0.683,0.465,0.377
Uganda,1970,0.34,0.22,1,0.487,0,0.295,0.104,0.424,0.349,0,0.016,0,0.12,0.683,0.465,0.29
Uganda,1971,0.277,0.173,1,0.029,0,0.21,0.064,0.408,0.344,0,0.008,0,0.023,0.674,0.428,0.188
Uganda,1972,0.156,0.03,1,0,0,0.149,0.051,0.408,0.17,0,0.008,0,0.006,0.63,0.257,0.135
Uganda,1973,0.133,0.03,1,0,0,0.12,0.028,0.408,0.152,0,0.008,0,0.005,0.638,0.229,0.135
Uganda,1974,0.133,0.03,1,0,0,0.12,0.028,0.408,0.152,0,0.008,0,0.005,0.638,0.229,0.135
Uganda,1975,0.133,0.03,1,0,0,0.113,0.028,0.408,0.152,0,0.008,0,0.005,0.638,0.229,0.135
Uganda,1976,0.133,0.03,1,0,0,0.113,0.028,0.408,0.152,0,0.008,0,0.005,0.638,0.229,0.135
Uganda,1977,0.133,0.03,1,0,0,0.113,0.028,0.408,0.152,0,0.008,0,0.005,0.638,0.229,0.135
Uganda,1978,0.133,0.03,1,0,0,0.113,0.028,0.408,0.152,0,0.008,0,0.005,0.638,0.229,0.135
Uganda,1979,0.133,0.043,1,0,0,0.113,0.028,0.114,0.152,0,0.008,0,0.005,0.638,0.229,0.135
Uganda,1980,0.285,0.385,1,0.005,0.84,0.278,0.068,0.417,0.414,0,0.014,0,0.211,0.67,0.535,0.171
Uganda,1981,0.281,0.456,1,0.082,0.84,0.278,0.073,0.432,0.414,0,0.014,0,0.25,0.67,0.535,0.177
Uganda,1982,0.279,0.456,1,0.082,0.84,0.261,0.073,0.432,0.414,0,0.014,0,0.25,0.67,0.61,0.177
Uganda,1983,0.279,0.456,1,0.082,0.84,0.226,0.073,0.432,0.414,0,0.014,0,0.25,0.67,0.61,0.177
Uganda,1984,0.279,0.456,1,0.082,0.84,0.226,0.073,0.432,0.414,0,0.014,0,0.25,0.67,0.61,0.177
Uganda,1985,0.279,0.362,1,0.047,0,0.226,0.117,0.41,0.384,0,0.014,0,0.197,0.67,0.568,0.177
Uganda,1986,0.369,0.12,1,0,0,0.406,0.178,0.585,0.518,0,0.099,0,0.409,0.666,0.612,0.155
Uganda,1987,0.387,0.111,1,0,0,0.544,0.346,0.598,0.688,0,0.197,0,0.575,0.703,0.58,0.27
Uganda,1988,0.429,0.121,1,0,0,0.544,0.346,0.598,0.688,0,0.506,0,0.608,0.703,0.614,0.29
Uganda,1989,0.433,0.128,1,0.309,0,0.544,0.346,0.598,0.688,0,0.506,0,0.7,0.703,0.614,0.29
Uganda,1990,0.44,0.129,1,0.349,1,0.575,0.356,0.637,0.688,0,0.506,0,0.737,0.703,0.614,0.347
Uganda,1991,0.44,0.148,1,0.349,1,0.597,0.356,0.637,0.78,0,0.506,0,0.737,0.703,0.614,0.347
Uganda,1992,0.459,0.148,1,0.349,1,0.617,0.356,0.637,0.78,0,0.506,0,0.737,0.703,0.614,0.347
Uganda,1993,0.501,0.155,1,0.349,1,0.626,0.356,0.637,0.78,0,0.506,0,0.763,0.703,0.614,0.347
Uganda,1994,0.641,0.157,1,0.372,1,0.649,0.356,0.637,0.808,0,0.506,0,0.763,0.703,0.614,0.347
Uganda,1995,0.663,0.167,1,0.382,1,0.716,0.408,0.697,0.873,0.062,0.506,0,0.767,0.671,0.653,0.361
Uganda,1996,0.678,0.229,1,0.347,1,0.698,0.402,0.799,0.879,0.062,0.645,0,0.782,0.587,0.669,0.361
Uganda,1997,0.698,0.231,1,0.316,1,0.696,0.402,0.799,0.834,0.062,0.645,0,0.744,0.587,0.64,0.415
Uganda,1998,0.698,0.231,1,0.316,1,0.696,0.402,0.799,0.834,0.062,0.645,0,0.724,0.587,0.64,0.415
Uganda,1999,0.698,0.231,1,0.316,1,0.701,0.402,0.799,0.834,0.062,0.645,0,0.724,0.587,0.64,0.415
Uganda,2000,0.736,0.229,1,0.316,1,0.688,0.412,0.806,0.834,0.18,0.645,0,0.724,0.587,0.64,0.39
Uganda,2001,0.718,0.231,1,0.175,1,0.688,0.428,0.806,0.878,0.18,0.645,0,0.7,0.587,0.645,0.39
Uganda,2002,0.721,0.211,1,0.144,1,0.688,0.428,0.762,0.795,0.18,0.645,0,0.677,0.587,0.645,0.394
Uganda,2003,0.721,0.181,1,0.144,1,0.694,0.428,0.762,0.795,0.18,0.645,0,0.67,0.587,0.645,0.394
Uganda,2004,0.721,0.235,1,0.144,1,0.694,0.428,0.762,0.795,0.18,0.688,0,0.67,0.587,0.645,0.394
Uganda,2005,0.721,0.429,1,0.133,1,0.694,0.511,0.762,0.795,0.352,0.688,0,0.7,0.587,0.645,0.394
Uganda,2006,0.731,0.532,1,0.162,0.94,0.701,0.519,0.759,0.795,0.344,0.716,0,0.7,0.604,0.645,0.394
Uganda,2007,0.726,0.54,1,0.166,0.94,0.701,0.52,0.778,0.777,0.336,0.716,0,0.707,0.607,0.645,0.371
Uganda,2008,0.721,0.54,1,0.166,0.94,0.688,0.523,0.769,0.777,0.328,0.716,0,0.707,0.589,0.645,0.371
Uganda,2009,0.712,0.54,1,0.166,0.94,0.671,0.521,0.769,0.796,0.32,0.716,0,0.707,0.573,0.645,0.371
Uganda,2010,0.712,0.545,1,0.162,0.94,0.659,0.514,0.778,0.8,0.3,0.716,0,0.712,0.575,0.636,0.372
Uganda,2011,0.704,0.549,1,0.162,0.965,0.64,0.514,0.768,0.797,0.281,0.716,0,0.7,0.576,0.636,0.372
Uganda,2012,0.694,0.55,1,0.163,0.965,0.642,0.492,0.767,0.782,0.261,0.716,0,0.7,0.581,0.636,0.343
Uganda,2013,0.678,0.544,1,0.158,0.965,0.652,0.5,0.756,0.751,0.241,0.716,0,0.699,0.551,0.589,0.325
Uganda,2014,0.675,0.514,1,0.153,0.965,0.651,0.518,0.743,0.753,0.221,0.716,0,0.721,0.538,0.586,0.324
Uganda,2015,0.662,0.514,1,0.153,0.965,0.627,0.507,0.746,0.792,0.201,0.716,0,0.72,0.533,0.578,0.325
Uganda,2016,0.636,0.507,1,0.131,0.959,0.544,0.534,0.722,0.769,0.181,0.702,0,0.649,0.488,0.578,0.331
Uganda,2017,0.664,0.489,1,0.128,0.959,0.516,0.497,0.699,0.765,0.161,0.762,0,0.72,0.509,0.546,0.325
Uganda,2018,0.637,0.493,1,0.125,0.959,0.51,0.513,0.706,0.8,0.142,0.762,0,0.713,0.452,0.546,0.313
Uganda,2019,0.637,0.487,1,0.128,0.959,0.505,0.524,0.689,0.761,0.122,0.762,0,0.69,0.459,0.546,0.313
Uganda,2020,0.634,0.459,1,0.142,0.986,0.512,0.564,0.699,0.745,0.11,0.658,0,0.681,0.342,0.447,0.4
Uganda,2021,0.58,0.447,1,0.139,0.986,0.48,0.513,0.662,0.657,0.098,0.547,0,0.688,0.355,0.455,0.39
Uganda,2022,0.533,0.447,1,0.139,0.986,0.489,0.583,0.676,0.683,0.086,0.547,0,0.697,0.509,0.455,0.39
Uganda,2023,0.537,0.4,1,0.142,0.986,0.484,0.593,0.673,0.63,0.074,0.455,0,0.699,0.421,0.415,0.398
Uganda,2024,0.521,0.424,1,0.125,0.986,0.469,0.554,0.579,0.718,0.062,0.477,0,0.657,0.58,0.456,0.398
Venezuela,1950,0.122,0.146,1,0,0,0.341,0.19,0.396,0.053,0,0.241,0.001,0.092,0.429,0.075,0.368
Venezuela,1951,0.122,0.146,1,0,0,0.341,0.164,0.396,0.053,0,0.241,0.001,0.077,0.429,0.075,0.373
Venezuela,1952,0.111,0.141,1,0.001,0,0.328,0.165,0.396,0.053,0,0.241,0.001,0.065,0.429,0.075,0.373
Venezuela,1953,0.116,0.103,1,0,0,0.329,0.131,0.396,0.053,0,0.241,0.001,0.052,0.429,0.075,0.373
Venezuela,1954,0.116,0.103,1,0,0,0.329,0.131,0.396,0.053,0,0.241,0.001,0.052,0.429,0.075,0.373
Venezuela,1955,0.116,0.103,1,0,0,0.329,0.131,0.396,0.053,0,0.241,0.001,0.052,0.429,0.075,0.373
Venezuela,1956,0.116,0.103,1,0,0,0.329,0.131,0.396,0.053,0,0.241,0.001,0.052,0.429,0.075,0.373
Venezuela,1957,0.116,0.118,1,0.008,0,0.347,0.131,0.396,0.053,0.1,0.241,0.001,0.074,0.429,0.075,0.378
Venezuela,1958,0.645,0.667,1,0.306,0,0.691,0.635,0.397,0.3,0,0.241,0.002,0.529,0.636,0.491,0.517
Venezuela,1959,0.822,0.798,1,0.69,1,0.804,0.745,0.823,0.735,0,0.525,0.032,0.746,0.706,0.55,0.564
Venezuela,1960,0.835,0.823,1,0.706,1,0.805,0.745,0.823,0.787,0,0.525,0.032,0.789,0.701,0.55,0.637
Venezuela,1961,0.851,0.843,1,0.706,1,0.799,0.745,0.853,0.787,0.009,0.525,0.032,0.78,0.701,0.55,0.637
Venezuela,1962,0.851,0.819,1,0.706,1,0.799,0.745,0.865,0.787,0.009,0.525,0.032,0.78,0.701,0.55,0.637
Venezuela,1963,0.851,0.817,1,0.704,1,0.799,0.745,0.865,0.787,0.009,0.525,0.032,0.78,0.701,0.55,0.639
Venezuela,1964,0.849,0.794,1,0.682,1,0.802,0.745,0.851,0.787,0.009,0.525,0.032,0.801,0.701,0.55,0.664
Venezuela,1965,0.849,0.807,1,0.682,1,0.802,0.745,0.851,0.824,0.009,0.525,0.032,0.871,0.701,0.55,0.664
Venezuela,1966,0.849,0.807,1,0.682,1,0.802,0.745,0.851,0.824,0.009,0.525,0.032,0.871,0.701,0.55,0.664
Venezuela,1967,0.849,0.807,1,0.682,1,0.802,0.745,0.851,0.824,0.009,0.525,0.032,0.871,0.701,0.55,0.664
Venezuela,1968,0.849,0.81,1,0.683,1,0.806,0.745,0.862,0.824,0.009,0.525,0.032,0.871,0.701,0.55,0.664
Venezuela,1969,0.863,0.856,1,0.694,1,0.828,0.745,0.866,0.824,0.009,0.525,0.032,0.861,0.701,0.572,0.682
Venezuela,1970,0.889,0.863,1,0.694,1,0.833,0.731,0.866,0.824,0.009,0.525,0.032,0.861,0.701,0.572,0.682
Venezuela,1971,0.889,0.863,1,0.701,1,0.833,0.731,0.866,0.824,0.009,0.525,0.032,0.866,0.701,0.588,0.682
Venezuela,1972,0.889,0.886,1,0.701,1,0.833,0.731,0.866,0.824,0.009,0.525,0.032,0.866,0.701,0.588,0.682
Venezuela,1973,0.889,0.896,1,0.697,1,0.833,0.714,0.866,0.824,0.009,0.525,0.032,0.866,0.701,0.588,0.682
Venezuela,1974,0.893,0.904,1,0.741,1,0.83,0.714,0.861,0.824,0.009,0.525,0.032,0.881,0.673,0.588,0.688
Venezuela,1975,0.893,0.904,1,0.741,1,0.816,0.714,0.861,0.824,0.009,0.525,0.032,0.89,0.673,0.588,0.678
Venezuela,1976,0.893,0.904,1,0.741,1,0.816,0.724,0.861,0.824,0.009,0.525,0.032,0.89,0.676,0.588,0.678
Venezuela,1977,0.893,0.904,1,0.741,1,0.816,0.724,0.861,0.824,0.009,0.525,0.032,0.89,0.676,0.588,0.678
Venezuela,1978,0.893,0.904,1,0.74,1,0.816,0.724,0.861,0.824,0.009,0.525,0.032,0.89,0.676,0.588,0.678
Venezuela,1979,0.889,0.904,1,0.744,1,0.827,0.724,0.866,0.824,0.009,0.525,0.032,0.876,0.676,0.588,0.678
Venezuela,1980,0.894,0.904,1,0.744,1,0.827,0.724,0.874,0.824,0.009,0.525,0.032,0.876,0.676,0.588,0.634
Venezuela,1981,0.894,0.904,1,0.744,1,0.827,0.724,0.845,0.824,0.009,0.525,0.032,0.876,0.676,0.588,0.634
Venezuela,1982,0.894,0.904,1,0.744,1,0.827,0.724,0.858,0.81,0.009,0.525,0.032,0.876,0.676,0.588,0.634
Venezuela,1983,0.894,0.904,1,0.744,1,0.827,0.724,0.858,0.846,0.009,0.525,0.032,0.876,0.676,0.588,0.634
Venezuela,1984,0.888,0.903,1,0.745,1,0.821,0.724,0.846,0.846,0.009,0.525,0.032,0.874,0.676,0.602,0.634
Venezuela,1985,0.886,0.903,1,0.745,1,0.821,0.724,0.846,0.846,0.009,0.525,0.032,0.853,0.676,0.602,0.634
Venezuela,1986,0.883,0.903,1,0.745,1,0.821,0.724,0.846,0.846,0.009,0.525,0.032,0.853,0.676,0.602,0.634
Venezuela,1987,0.883,0.903,1,0.745,1,0.821,0.724,0.846,0.846,0.009,0.525,0.032,0.853,0.676,0.602,0.634
Venezuela,1988,0.887,0.903,1,0.745,1,0.807,0.703,0.846,0.847,0.009,0.795,0.112,0.853,0.676,0.602,0.634
Venezuela,1989,0.88,0.905,1,0.751,1,0.807,0.683,0.878,0.806,0.009,0.93,0.926,0.831,0.676,0.624,0.645
Venezuela,1990,0.893,0.905,1,0.761,1,0.821,0.671,0.908,0.792,0.009,0.93,0.926,0.852,0.676,0.624,0.649
Venezuela,1991,0.893,0.905,1,0.767,1,0.821,0.769,0.915,0.792,0.009,0.93,0.926,0.852,0.676,0.624,0.644
Venezuela,1992,0.883,0.905,1,0.762,1,0.821,0.769,0.915,0.837,0.009,0.93,0.926,0.883,0.676,0.624,0.644
Venezuela,1993,0.887,0.905,1,0.777,1,0.821,0.769,0.894,0.837,0.009,0.93,0.926,0.877,0.676,0.624,0.648
Venezuela,1994,0.893,0.906,1,0.779,1,0.828,0.676,0.894,0.798,0.009,0.93,0.926,0.896,0.676,0.624,0.631
Venezuela,1995,0.893,0.906,1,0.779,1,0.828,0.685,0.894,0.798,0.009,0.93,0.926,0.896,0.676,0.624,0.631
Venezuela,1996,0.893,0.906,1,0.779,1,0.828,0.685,0.894,0.842,0.009,0.93,0.926,0.896,0.676,0.624,0.631
Venezuela,1997,0.893,0.901,1,0.779,1,0.828,0.685,0.894,0.842,0.009,0.93,0.926,0.896,0.676,0.624,0.631
Venezuela,1998,0.869,0.898,1,0.777,1,0.804,0.644,0.894,0.814,0.009,0.93,0.926,0.896,0.676,0.617,0.645
Venezuela,1999,0.768,0.828,1,0.808,1,0.742,0.577,0.512,0.682,0.441,0.846,0.928,0.735,0.796,0.695,0.619
Venezuela,2000,0.687,0.774,1,0.704,1,0.7,0.32,0.304,0.624,0.441,0.916,0.908,0.501,0.796,0.677,0.537
Venezuela,2001,0.683,0.754,1,0.617,1,0.684,0.32,0.327,0.624,0.441,0.916,0.908,0.501,0.796,0.677,0.537
Venezuela,2002,0.669,0.676,1,0.603,1,0.668,0.32,0.234,0.61,0.441,0.916,0.908,0.492,0.796,0.677,0.495
Venezuela,2003,0.658,0.664,1,0.591,1,0.656,0.307,0.202,0.588,0.441,0.916,0.908,0.44,0.796,0.677,0.495
Venezuela,2004,0.637,0.664,1,0.577,1,0.656,0.162,0.198,0.588,0.429,0.916,0.908,0.417,0.796,0.677,0.495
Venezuela,2005,0.637,0.664,1,0.573,1,0.641,0.051,0.077,0.58,0.405,0.916,0.908,0.417,0.796,0.677,0.495
Venezuela,2006,0.624,0.664,1,0.521,1,0.635,0.043,0.041,0.574,0.381,0.916,0.908,0.398,0.796,0.677,0.449
Venezuela,2007,0.598,0.658,1,0.485,1,0.635,0.043,0.041,0.609,0.386,0.916,0.9,0.391,0.796,0.677,0.449
Venezuela,2008,0.598,0.658,1,0.487,1,0.638,0.043,0.041,0.589,0.374,0.907,0.91,0.38,0.796,0.656,0.457
Venezuela,2009,0.589,0.658,1,0.487,1,0.628,0.039,0.041,0.589,0.383,0.876,0.83,0.38,0.796,0.656,0.453
Venezuela,2010,0.583,0.641,1,0.475,1,0.622,0.046,0.039,0.618,0.371,0.851,0.83,0.336,0.767,0.657,0.422
Venezuela,2011,0.584,0.634,1,0.451,1,0.622,0.046,0.031,0.616,0.359,0.851,0.83,0.336,0.767,0.657,0.399
Venezuela,2012,0.58,0.622,1,0.435,1,0.613,0.046,0.031,0.613,0.348,0.851,0.783,0.341,0.751,0.657,0.371
Venezuela,2013,0.421,0.553,1,0.326,1,0.517,0.029,0.033,0.515,0.336,0.851,0.676,0.176,0.656,0.695,0.302
Venezuela,2014,0.388,0.537,1,0.309,1,0.482,0.024,0.033,0.492,0.312,0.851,0.676,0.113,0.67,0.741,0.241
Venezuela,2015,0.36,0.503,1,0.309,1,0.45,0.023,0.117,0.483,0.289,0.851,0.676,0.094,0.67,0.741,0.198
Venezuela,2016,0.343,0.495,1,0.298,1,0.426,0.022,0.292,0.48,0.265,0.851,0.664,0.07,0.443,0.741,0.152
Venezuela,2017,0.305,0.38,1,0.114,1,0.274,0.023,0.27,0.441,0.242,0.777,0.633,0.068,0.442,0.719,0.102
Venezuela,2018,0.233,0.341,1,0.088,1,0.237,0.017,0.153,0.412,0.218,0.786,0.634,0.051,0.437,0.532,0.075
Venezuela,2019,0.236,0.31,1,0.077,1,0.211,0.014,0.176,0.428,0.194,0.786,0.655,0.06,0.409,0.569,0.07
Venezuela,2020,0.259,0.275,1,0.082,1,0.2,0.023,0.139,0.394,0.182,0.786,0.686,0.06,0.365,0.565,0.054
Venezuela,2021,0.253,0.303,1,0.116,1,0.258,0.017,0.065,0.399,0.17,0.812,0.705,0.067,0.339,0.513,0.063
Venezuela,2022,0.253,0.273,1,0.111,1,0.257,0.021,0.057,0.353,0.158,0.73,0.701,0.071,0.225,0.54,0.05
Venezuela,2023,0.238,0.269,1,0.107,1,0.25,0.018,0.057,0.372,0.321,0.71,0.701,0.067,0.21,0.529,0.051
Venezuela,2024,0.223,0.259,1,0.073,1,0.23,0.013,0.042,0.388,0.309,0.746,0.687,0.023,0.265,0.43,0.054
Burkina Faso,1950,0.359,0.455,0.1,0.253,0,0.399,0.758,0.164,0.232,0,0.006,0,0.298,0.266,0.723,0.579
Burkina Faso,1951,0.359,0.455,0.1,0.253,0,0.399,0.758,0.164,0.258,0,0.006,0,0.298,0.266,0.723,0.579
Burkina Faso,1952,0.359,0.451,0.2,0.259,0,0.399,0.758,0.164,0.273,0,0.006,0,0.298,0.266,0.723,0.579
Burkina Faso,1953,0.359,0.451,0.2,0.259,0,0.399,0.758,0.164,0.273,0,0.006,0,0.298,0.266,0.723,0.579
Burkina Faso,1954,0.359,0.451,0.2,0.259,0,0.399,0.758,0.164,0.273,0,0.006,0,0.298,0.266,0.723,0.579
Burkina Faso,1955,0.393,0.451,0.2,0.259,0,0.399,0.758,0.164,0.273,0,0.006,0,0.298,0.266,0.723,0.579
Burkina Faso,1956,0.393,0.451,0.2,0.259,0,0.399,0.758,0.164,0.273,0,0.006,0,0.298,0.266,0.723,0.579
Burkina Faso,1957,0.408,0.459,1,0.252,0,0.399,0.758,0.164,0.273,0,0.006,0,0.298,0.266,0.723,0.579
Burkina Faso,1958,0.412,0.461,1,0.25,0,0.429,0.758,0.164,0.273,0.1,0.006,0,0.298,0.266,0.723,0.579
Burkina Faso,1959,0.412,0.517,1,0.405,0,0.433,0.758,0.164,0.273,0.1,0.006,0,0.298,0.266,0.723,0.579
Burkina Faso,1960,0.46,0.573,1,0.482,1,0.6,0.557,0.23,0.399,0,0.006,0,0.381,0.689,0.711,0.598
Burkina Faso,1961,0.46,0.546,1,0.482,1,0.609,0.557,0.23,0.399,0,0.112,0,0.389,0.689,0.711,0.598
Burkina Faso,1962,0.46,0.546,1,0.482,1,0.608,0.557,0.23,0.399,0,0.112,0,0.389,0.689,0.711,0.598
Burkina Faso,1963,0.46,0.546,1,0.482,1,0.608,0.557,0.23,0.399,0,0.112,0,0.389,0.689,0.711,0.598
Burkina Faso,1964,0.46,0.546,1,0.482,1,0.608,0.557,0.23,0.399,0,0.112,0,0.389,0.689,0.711,0.598
Burkina Faso,1965,0.46,0.541,1,0.41,1,0.608,0.557,0.23,0.399,0,0.112,0,0.389,0.689,0.711,0.598
Burkina Faso,1966,0.46,0.529,1,0,0,0.593,0.557,0.176,0.399,0,0.112,0,0.389,0.747,0.711,0.598
Burkina Faso,1967,0.411,0.476,1,0,0,0.593,0.489,0.176,0.532,0,0.112,0,0.366,0.747,0.711,0.612
Burkina Faso,1968,0.411,0.476,1,0,0,0.591,0.489,0.176,0.532,0,0.112,0,0.366,0.747,0.711,0.612
Burkina Faso,1969,0.411,0.476,1,0,0,0.591,0.489,0.176,0.532,0,0.112,0,0.366,0.747,0.711,0.612
Burkina Faso,1970,0.411,0.531,1,0.013,0,0.587,0.586,0.176,0.596,0.1,0.112,0,0.366,0.747,0.711,0.612
Burkina Faso,1971,0.411,0.503,1,0,0,0.587,0.586,0.176,0.596,0,0.112,0,0.366,0.747,0.711,0.612
Burkina Faso,1972,0.411,0.503,1,0,0,0.587,0.586,0.268,0.596,0,0.112,0,0.366,0.747,0.711,0.612
Burkina Faso,1973,0.411,0.503,1,0,0,0.587,0.586,0.268,0.596,0,0.112,0,0.366,0.747,0.711,0.612
Burkina Faso,1974,0.411,0.503,1,0,0,0.558,0.586,0.268,0.596,0,0.112,0,0.366,0.747,0.711,0.612
Burkina Faso,1975,0.411,0.503,1,0,0,0.558,0.513,0.231,0.596,0,0.112,0,0.366,0.747,0.711,0.612
Burkina Faso,1976,0.411,0.503,1,0,0,0.558,0.513,0.231,0.596,0,0.112,0,0.366,0.747,0.711,0.612
Burkina Faso,1977,0.411,0.516,1,0,0,0.553,0.513,0.231,0.596,0.1,0.112,0,0.366,0.747,0.711,0.612
Burkina Faso,1978,0.496,0.584,1,0.289,1,0.566,0.529,0.195,0.361,0,0.112,0,0.366,0.747,0.711,0.612
Burkina Faso,1979,0.483,0.623,1,0.429,1,0.552,0.529,0.286,0.361,0,0.112,0,0.366,0.747,0.711,0.612
Burkina Faso,1980,0.442,0.471,1,0.386,0,0.54,0.488,0.286,0.452,0,0.327,0,0.461,0.788,0.782,0.593
Burkina Faso,1981,0.442,0.332,1,0,0,0.451,0.548,0.182,0.459,0,0.327,0,0.461,0.788,0.782,0.593
Burkina Faso,1982,0.442,0.332,1,0,0,0.442,0.548,0.182,0.452,0,0.327,0,0.473,0.829,0.782,0.593
Burkina Faso,1983,0.448,0.338,1,0,0,0.52,0.567,0.182,0.403,0,0.327,0,0.477,0.84,0.803,0.62
Burkina Faso,1984,0.422,0.338,1,0,0,0.522,0.567,0.182,0.429,0,0.327,0,0.477,0.84,0.803,0.62
Burkina Faso,1985,0.422,0.317,1,0,0,0.521,0.567,0.182,0.429,0,0.327,0,0.477,0.84,0.803,0.62
Burkina Faso,1986,0.422,0.317,1,0,0,0.522,0.567,0.182,0.429,0,0.327,0,0.477,0.84,0.803,0.62
Burkina Faso,1987,0.447,0.339,1,0,0,0.521,0.567,0.182,0.56,0,0.327,0,0.477,0.84,0.803,0.62
Burkina Faso,1988,0.445,0.347,1,0,0,0.512,0.457,0.182,0.558,0,0.327,0,0.485,0.795,0.768,0.612
Burkina Faso,1989,0.445,0.347,1,0,0,0.498,0.457,0.182,0.598,0,0.327,0,0.485,0.795,0.768,0.612
Burkina Faso,1990,0.471,0.369,1,0,0,0.555,0.39,0.182,0.503,0,0.327,0,0.53,0.79,0.768,0.328
Burkina Faso,1991,0.528,0.473,1,0.03,0.5,0.607,0.39,0.182,0.524,0.1,0.327,0,0.681,0.838,0.768,0.299
Burkina Faso,1992,0.599,0.804,1,0.392,1,0.634,0.475,0.134,0.683,0.013,0.327,0,0.681,0.838,0.768,0.299
Burkina Faso,1993,0.691,0.847,1,0.395,1,0.646,0.475,0.194,0.683,0.013,0.327,0,0.681,0.838,0.768,0.299
Burkina Faso,1994,0.691,0.847,1,0.395,1,0.646,0.475,0.194,0.683,0.013,0.327,0,0.681,0.838,0.768,0.299
Burkina Faso,1995,0.691,0.847,1,0.395,1,0.646,0.475,0.194,0.683,0.013,0.364,0,0.681,0.838,0.768,0.299
Burkina Faso,1996,0.694,0.847,1,0.395,1,0.646,0.475,0.194,0.683,0.013,0.364,0,0.681,0.838,0.768,0.299
Burkina Faso,1997,0.709,0.846,1,0.4,1,0.643,0.475,0.194,0.683,0.189,0.364,0,0.681,0.838,0.768,0.299
Burkina Faso,1998,0.719,0.845,1,0.412,1,0.643,0.475,0.194,0.683,0.177,0.364,0,0.681,0.838,0.768,0.299
Burkina Faso,1999,0.739,0.849,1,0.393,1,0.763,0.515,0.379,0.683,0.165,0.364,0,0.709,0.838,0.768,0.3
Burkina Faso,2000,0.791,0.849,1,0.405,1,0.795,0.515,0.379,0.773,0.153,0.364,0,0.729,0.838,0.768,0.281
Burkina Faso,2001,0.791,0.849,1,0.426,1,0.795,0.515,0.379,0.773,0.141,0.364,0,0.729,0.838,0.768,0.281
Burkina Faso,2002,0.791,0.848,1,0.423,1,0.795,0.515,0.379,0.773,0.129,0.364,0,0.729,0.838,0.768,0.281
Burkina Faso,2003,0.791,0.848,1,0.421,1,0.795,0.515,0.379,0.773,0.117,0.364,0,0.729,0.838,0.768,0.281
Burkina Faso,2004,0.791,0.848,1,0.421,1,0.795,0.515,0.379,0.773,0.105,0.364,0,0.765,0.838,0.768,0.281
Burkina Faso,2005,0.791,0.849,1,0.428,1,0.795,0.515,0.379,0.773,0.093,0.364,0,0.765,0.838,0.768,0.281
Burkina Faso,2006,0.791,0.853,1,0.475,1,0.796,0.515,0.379,0.773,0.081,0.67,0.112,0.764,0.838,0.768,0.281
Burkina Faso,2007,0.791,0.85,1,0.465,1,0.796,0.515,0.379,0.796,0.069,0.67,0.112,0.764,0.838,0.768,0.288
Burkina Faso,2008,0.798,0.849,1,0.46,1,0.796,0.515,0.379,0.796,0.057,0.67,0.112,0.779,0.839,0.768,0.288
Burkina Faso,2009,0.798,0.849,1,0.46,1,0.797,0.515,0.379,0.796,0.045,0.67,0.112,0.778,0.841,0.768,0.288
Burkina Faso,2010,0.824,0.881,1,0.463,1,0.812,0.515,0.396,0.807,0.033,0.67,0.105,0.777,0.837,0.758,0.288
Burkina Faso,2011,0.824,0.878,1,0.483,1,0.804,0.515,0.396,0.823,0.033,0.67,0.117,0.779,0.838,0.758,0.28
Burkina Faso,2012,0.828,0.869,1,0.501,1,0.798,0.515,0.396,0.845,0.033,0.67,0.117,0.773,0.838,0.758,0.292
Burkina Faso,2013,0.839,0.867,1,0.556,1,0.827,0.582,0.496,0.831,0.033,0.67,0.117,0.761,0.838,0.625,0.268
Burkina Faso,2014,0.85,0.893,1,0.469,1,0.85,0.662,0.592,0.831,0.033,0.67,0.117,0.805,0.835,0.688,0.268
Burkina Faso,2015,0.87,0.891,1,0.064,1,0.852,0.681,0.608,0.865,0.033,0.603,0.117,0.855,0.835,0.714,0.275
Burkina Faso,2016,0.883,0.841,1,0.706,1,0.833,0.697,0.618,0.889,0.033,0.665,0.117,0.856,0.824,0.651,0.279
Burkina Faso,2017,0.879,0.85,1,0.706,1,0.857,0.714,0.617,0.911,0.033,0.665,0.117,0.832,0.834,0.639,0.247
Burkina Faso,2018,0.853,0.85,1,0.705,1,0.829,0.683,0.601,0.911,0.033,0.665,0.117,0.831,0.81,0.793,0.293
Burkina Faso,2019,0.826,0.86,1,0.695,1,0.827,0.684,0.601,0.899,0.033,0.665,0.088,0.825,0.729,0.729,0.315
Burkina Faso,2020,0.826,0.877,1,0.689,1,0.821,0.689,0.624,0.905,0.033,0.665,0.088,0.818,0.727,0.729,0.315
Burkina Faso,2021,0.811,0.89,1,0.622,1,0.829,0.633,0.614,0.884,0.033,0.513,0.26,0.818,0.713,0.729,0.305
Burkina Faso,2022,0.749,0.789,1,0.039,0,0.806,0.664,0.506,0.838,0.033,0.513,0.118,0.788,0.844,0.716,0.289
Burkina Faso,2023,0.584,0.611,1,0,0,0.75,0.607,0.307,0.733,0.033,0.513,0.118,0.698,0.842,0.714,0.294
Burkina Faso,2024,0.35,0.39,1,0,0,0.592,0.415,0.231,0.643,0.033,0.513,0.118,0.218,0.651,0.676,0.247
Indonesia,1950,0.767,0.833,0.01,0,1,0.498,0.458,0.645,0.643,0,0.161,0.153,0.809,0.535,0.474,0.168
Indonesia,1951,0.767,0.833,0.01,0,1,0.498,0.458,0.645,0.643,0,0.161,0.153,0.809,0.535,0.474,0.168
Indonesia,1952,0.767,0.833,0.01,0,1,0.498,0.458,0.645,0.643,0,0.161,0.153,0.809,0.535,0.474,0.168
Indonesia,1953,0.767,0.833,0.01,0,1,0.504,0.458,0.645,0.643,0,0.161,0.153,0.809,0.535,0.474,0.168
Indonesia,1954,0.767,0.833,0.01,0,1,0.508,0.458,0.645,0.643,0,0.161,0.153,0.809,0.535,0.474,0.168
Indonesia,1955,0.741,0.85,0.01,0.161,1,0.521,0.458,0.653,0.643,0,0.161,0.153,0.816,0.535,0.474,0.168
Indonesia,1956,0.741,0.895,1,0.623,1,0.521,0.446,0.653,0.643,0,0.161,0.153,0.839,0.535,0.474,0.168
Indonesia,1957,0.655,0.79,1,0.623,1,0.519,0.392,0.626,0.563,0,0.161,0.153,0.839,0.535,0.449,0.168
Indonesia,1958,0.539,0.68,1,0.615,1,0.469,0.365,0.277,0.51,0,0.161,0.153,0.768,0.535,0.449,0.168
Indonesia,1959,0.491,0.597,1,0.598,1,0.44,0.324,0.114,0.496,0,0.161,0.153,0.568,0.535,0.449,0.155
Indonesia,1960,0.446,0.427,1,0.096,1,0.421,0.318,0.071,0.438,0,0.161,0.153,0.369,0.513,0.449,0.141
Indonesia,1961,0.438,0.333,1,0,1,0.418,0.318,0.071,0.438,0,0.161,0.153,0.369,0.513,0.449,0.141
Indonesia,1962,0.438,0.333,1,0,1,0.415,0.318,0.071,0.438,0,0.161,0.153,0.369,0.513,0.449,0.141
Indonesia,1963,0.438,0.333,1,0,1,0.391,0.318,0.071,0.438,0,0.161,0.153,0.369,0.513,0.449,0.141
Indonesia,1964,0.438,0.333,1,0,1,0.391,0.318,0.071,0.438,0,0.161,0.153,0.369,0.513,0.449,0.141
Indonesia,1965,0.426,0.292,1,0,1,0.263,0.318,0.061,0.438,0,0.161,0.153,0.397,0.513,0.464,0.141
Indonesia,1966,0.333,0.221,1,0,1,0.248,0.169,0.143,0.167,0,0.161,0.153,0.468,0.439,0.28,0.18
Indonesia,1967,0.315,0.221,1,0,1,0.231,0.099,0.155,0.138,0,0.14,0.153,0.48,0.365,0.28,0.232
Indonesia,1968,0.304,0.224,1,0,1,0.231,0.076,0.155,0.138,0,0.14,0.153,0.493,0.365,0.28,0.237
Indonesia,1969,0.304,0.224,1,0,1,0.245,0.076,0.155,0.138,0,0.14,0.153,0.493,0.363,0.28,0.237
Indonesia,1970,0.295,0.196,1,0,1,0.225,0.06,0.14,0.208,0,0.14,0.153,0.441,0.333,0.28,0.343
Indonesia,1971,0.269,0.197,1,0.138,1,0.23,0.058,0.099,0.211,0,0.068,0.153,0.401,0.333,0.28,0.35
Indonesia,1972,0.275,0.222,1,0.277,1,0.23,0.058,0.099,0.213,0,0.068,0.153,0.36,0.333,0.28,0.35
Indonesia,1973,0.262,0.209,1,0.277,1,0.241,0.058,0.099,0.213,0,0.068,0.153,0.36,0.333,0.28,0.35
Indonesia,1974,0.243,0.199,1,0.277,1,0.264,0.058,0.099,0.213,0,0.068,0.153,0.36,0.333,0.28,0.35
Indonesia,1975,0.206,0.194,1,0.277,1,0.261,0.058,0.099,0.134,0,0.068,0.153,0.345,0.339,0.28,0.35
Indonesia,1976,0.206,0.194,1,0.277,1,0.261,0.058,0.099,0.134,0,0.068,0.153,0.345,0.339,0.28,0.35
Indonesia,1977,0.206,0.158,1,0.183,1,0.261,0.053,0.065,0.116,0,0.068,0.153,0.345,0.339,0.28,0.35
Indonesia,1978,0.206,0.153,1,0.149,1,0.277,0.054,0.065,0.11,0,0.068,0.153,0.335,0.339,0.28,0.35
Indonesia,1979,0.206,0.153,1,0.149,1,0.261,0.054,0.065,0.11,0,0.068,0.153,0.335,0.339,0.28,0.35
Indonesia,1980,0.199,0.153,1,0.149,1,0.25,0.054,0.065,0.11,0,0.068,0.153,0.335,0.339,0.28,0.43
Indonesia,1981,0.199,0.153,1,0.149,1,0.257,0.054,0.065,0.11,0,0.068,0.153,0.335,0.339,0.28,0.43
Indonesia,1982,0.199,0.151,1,0.147,1,0.257,0.054,0.061,0.11,0,0.083,0.153,0.321,0.339,0.28,0.441
Indonesia,1983,0.199,0.15,1,0.146,1,0.257,0.054,0.061,0.101,0,0.062,0.153,0.306,0.339,0.28,0.441
Indonesia,1984,0.199,0.15,1,0.146,1,0.257,0.054,0.061,0.101,0,0.062,0.153,0.306,0.339,0.28,0.441
Indonesia,1985,0.199,0.15,1,0.146,1,0.256,0.054,0.061,0.101,0,0.062,0.153,0.306,0.339,0.28,0.441
Indonesia,1986,0.199,0.15,1,0.146,1,0.256,0.054,0.061,0.101,0,0.062,0.153,0.306,0.339,0.28,0.441
Indonesia,1987,0.199,0.149,1,0.149,1,0.256,0.054,0.061,0.101,0,0.08,0.153,0.306,0.339,0.306,0.441
Indonesia,1988,0.199,0.148,1,0.151,1,0.256,0.054,0.061,0.101,0,0.074,0.153,0.306,0.339,0.306,0.441
Indonesia,1989,0.199,0.148,1,0.151,1,0.256,0.054,0.061,0.101,0,0.074,0.153,0.306,0.339,0.306,0.441
Indonesia,1990,0.197,0.147,1,0.151,1,0.255,0.054,0.061,0.101,0,0.074,0.153,0.306,0.342,0.306,0.441
Indonesia,1991,0.22,0.147,1,0.151,1,0.255,0.054,0.061,0.101,0,0.074,0.153,0.306,0.342,0.306,0.441
Indonesia,1992,0.22,0.145,1,0.148,1,0.228,0.052,0.04,0.101,0,0.082,0.153,0.318,0.342,0.306,0.441
Indonesia,1993,0.22,0.147,1,0.145,1,0.228,0.052,0.04,0.101,0,0.068,0.153,0.326,0.342,0.306,0.441
Indonesia,1994,0.22,0.147,1,0.145,1,0.228,0.052,0.04,0.101,0,0.068,0.153,0.326,0.342,0.306,0.441
Indonesia,1995,0.22,0.147,1,0.145,1,0.23,0.052,0.04,0.101,0,0.068,0.153,0.326,0.342,0.306,0.441
Indonesia,1996,0.22,0.147,1,0.145,1,0.216,0.052,0.04,0.101,0,0.068,0.153,0.326,0.342,0.306,0.441
Indonesia,1997,0.22,0.16,1,0.182,1,0.216,0.052,0.047,0.101,0,0.068,0.153,0.337,0.355,0.306,0.441
Indonesia,1998,0.521,0.341,1,0.24,1,0.306,0.066,0.379,0.357,0,0.096,0.153,0.611,0.377,0.542,0.436
Indonesia,1999,0.816,0.749,1,0.568,1,0.735,0.691,0.728,0.842,0,0.637,0.557,0.931,0.738,0.687,0.434
Indonesia,2000,0.847,0.805,1,0.752,1,0.738,0.725,0.728,0.829,0,0.637,0.557,0.934,0.721,0.687,0.432
Indonesia,2001,0.847,0.805,1,0.752,1,0.738,0.725,0.728,0.829,0,0.924,0.557,0.937,0.721,0.687,0.432
Indonesia,2002,0.847,0.805,1,0.752,1,0.744,0.725,0.768,0.829,0,0.924,0.557,0.94,0.721,0.703,0.435
Indonesia,2003,0.847,0.805,1,0.752,1,0.744,0.733,0.768,0.829,0,0.924,0.557,0.94,0.721,0.703,0.435
Indonesia,2004,0.843,0.795,1,0.823,1,0.744,0.733,0.768,0.829,0,0.944,0.557,0.937,0.721,0.703,0.435
Indonesia,2005,0.843,0.795,1,0.847,1,0.72,0.733,0.768,0.829,0,0.944,0.954,0.921,0.694,0.656,0.435
Indonesia,2006,0.843,0.795,1,0.847,1,0.736,0.733,0.768,0.829,0,0.947,0.958,0.921,0.694,0.656,0.435
Indonesia,2007,0.843,0.795,1,0.846,1,0.747,0.733,0.768,0.829,0,0.947,0.966,0.921,0.701,0.656,0.435
Indonesia,2008,0.844,0.795,1,0.844,1,0.746,0.731,0.768,0.833,0,0.953,0.966,0.918,0.702,0.656,0.435
Indonesia,2009,0.844,0.795,1,0.801,1,0.759,0.731,0.757,0.841,0,0.953,0.966,0.933,0.692,0.656,0.435
Indonesia,2010,0.858,0.801,1,0.785,1,0.772,0.785,0.777,0.842,0,0.953,0.966,0.944,0.689,0.656,0.457
Indonesia,2011,0.858,0.801,1,0.785,1,0.772,0.77,0.777,0.842,0,0.953,0.966,0.944,0.687,0.656,0.457
Indonesia,2012,0.858,0.801,1,0.794,1,0.771,0.77,0.777,0.842,0,0.953,0.966,0.944,0.681,0.656,0.457
Indonesia,2013,0.828,0.797,1,0.79,1,0.75,0.749,0.785,0.907,0,0.974,0.974,0.863,0.647,0.6,0.47
Indonesia,2014,0.823,0.798,1,0.767,1,0.744,0.745,0.801,0.91,0,0.974,0.974,0.862,0.646,0.6,0.484
Indonesia,2015,0.848,0.767,1,0.758,1,0.774,0.773,0.768,0.905,0,0.974,0.974,0.869,0.674,0.603,0.484
Indonesia,2016,0.838,0.741,1,0.758,1,0.771,0.773,0.755,0.905,0,0.974,0.974,0.859,0.675,0.603,0.484
Indonesia,2017,0.826,0.725,1,0.757,1,0.761,0.764,0.755,0.877,0,0.974,0.974,0.856,0.658,0.62,0.483
Indonesia,2018,0.764,0.716,1,0.757,1,0.759,0.768,0.742,0.89,0,0.974,0.974,0.86,0.643,0.602,0.478
Indonesia,2019,0.808,0.71,1,0.72,1,0.759,0.755,0.734,0.847,0,0.986,0.971,0.873,0.548,0.605,0.482
Indonesia,2020,0.774,0.684,1,0.705,1,0.678,0.742,0.654,0.877,0,0.947,0.91,0.87,0.365,0.615,0.38
Indonesia,2021,0.748,0.681,1,0.674,1,0.677,0.746,0.654,0.852,0,0.947,0.91,0.855,0.396,0.615,0.377
Indonesia,2022,0.771,0.693,1,0.656,1,0.736,0.622,0.631,0.878,0,0.991,0.91,0.813,0.364,0.575,0.46
Indonesia,2023,0.709,0.714,1,0.649,1,0.697,0.526,0.591,0.817,0,0.991,0.91,0.827,0.296,0.575,0.494
Indonesia,2024,0.721,0.686,1,0.517,1,0.646,0.599,0.569,0.795,0,0.991,0.91,0.811,0.535,0.575,0.498
Mozambique,1950,0.151,0.06,0,0,0,0.04,0.172,0.144,0.037,0,0.013,0.025,0.08,0.257,0.05,0.044
Mozambique,1951,0.151,0.06,0,0,0,0.04,0.172,0.144,0.037,0,0.013,0.025,0.08,0.257,0.05,0.044
Mozambique,1952,0.151,0.06,0,0,0,0.04,0.172,0.144,0.037,0,0.013,0.025,0.08,0.257,0.05,0.044
Mozambique,1953,0.151,0.06,0,0,0,0.04,0.172,0.144,0.037,0,0.013,0.025,0.08,0.257,0.05,0.044
Mozambique,1954,0.151,0.06,0,0,0,0.04,0.172,0.144,0.037,0,0.013,0.025,0.08,0.257,0.05,0.044
Mozambique,1955,0.151,0.06,0,0,0,0.04,0.172,0.144,0.037,0,0.013,0.025,0.08,0.257,0.05,0.044
Mozambique,1956,0.151,0.06,0,0,0,0.04,0.172,0.144,0.037,0,0.013,0.025,0.08,0.257,0.05,0.044
Mozambique,1957,0.151,0.06,0,0,0,0.04,0.172,0.144,0.037,0,0.013,0.025,0.08,0.257,0.05,0.044
Mozambique,1958,0.151,0.06,0,0,0,0.04,0.172,0.144,0.037,0,0.013,0.025,0.08,0.257,0.05,0.044
Mozambique,1959,0.151,0.06,0,0,0,0.04,0.172,0.144,0.037,0,0.013,0.025,0.08,0.257,0.05,0.044
Mozambique,1960,0.151,0.06,0,0,0,0.045,0.172,0.144,0.037,0,0.013,0.025,0.08,0.257,0.05,0.044
Mozambique,1961,0.151,0.06,0,0,0,0.041,0.172,0.144,0.037,0,0.013,0.025,0.08,0.257,0.05,0.044
Mozambique,1962,0.15,0.06,0,0,0,0.039,0.172,0.144,0.037,0,0.013,0.025,0.08,0.257,0.05,0.044
Mozambique,1963,0.15,0.06,0,0,0,0.039,0.172,0.144,0.037,0,0.013,0.025,0.08,0.257,0.05,0.044
Mozambique,1964,0.15,0.06,0,0,0,0.039,0.172,0.144,0.037,0,0.013,0.025,0.08,0.257,0.05,0.044
Mozambique,1965,0.15,0.06,0,0,0,0.039,0.172,0.144,0.037,0,0.013,0.025,0.08,0.257,0.05,0.044
Mozambique,1966,0.15,0.06,0,0,0,0.039,0.172,0.144,0.037,0,0.013,0.025,0.08,0.257,0.05,0.044
Mozambique,1967,0.15,0.06,0,0,0,0.039,0.172,0.144,0.037,0,0.013,0.025,0.08,0.257,0.05,0.044
Mozambique,1968,0.15,0.06,0,0,0,0.039,0.172,0.144,0.037,0,0.013,0.025,0.08,0.257,0.05,0.044
Mozambique,1969,0.15,0.06,0,0,0,0.039,0.172,0.144,0.037,0,0.013,0.025,0.08,0.257,0.05,0.044
Mozambique,1970,0.15,0.06,0,0,0,0.039,0.172,0.144,0.037,0,0.013,0.025,0.08,0.257,0.05,0.044
Mozambique,1971,0.15,0.06,0,0,0,0.04,0.172,0.144,0.037,0,0.013,0.025,0.08,0.257,0.05,0.044
Mozambique,1972,0.15,0.06,0,0,0,0.04,0.172,0.144,0.037,0,0.013,0.025,0.08,0.257,0.05,0.049
Mozambique,1973,0.15,0.062,0.1,0.13,0,0.04,0.172,0.144,0.037,0,0.013,0.025,0.065,0.257,0.05,0.054
Mozambique,1974,0.15,0.063,0.1,0,0,0.04,0.162,0.1,0.051,0,0.013,0.025,0.051,0.257,0.05,0.054
Mozambique,1975,0.094,0.039,0.1,0,0,0.141,0.217,0.172,0.071,0,0.134,0.027,0.153,0.366,0.646,0.379
Mozambique,1976,0.103,0.032,1,0,0,0.135,0.197,0.172,0.157,0,0.134,0.027,0.181,0.562,0.669,0.394
Mozambique,1977,0.103,0.032,1,0,0,0.135,0.197,0.137,0.157,0,0.134,0.027,0.181,0.562,0.669,0.394
Mozambique,1978,0.103,0.032,1,0,0,0.135,0.197,0.137,0.157,0,0.134,0.027,0.181,0.562,0.669,0.394
Mozambique,1979,0.103,0.032,1,0,0,0.135,0.197,0.137,0.157,0,0.134,0.027,0.181,0.562,0.669,0.394
Mozambique,1980,0.103,0.032,1,0,0,0.138,0.189,0.137,0.157,0,0.134,0.027,0.181,0.562,0.669,0.394
Mozambique,1981,0.103,0.032,1,0,0,0.138,0.189,0.137,0.157,0,0.134,0.027,0.181,0.562,0.669,0.394
Mozambique,1982,0.103,0.032,1,0,0,0.138,0.189,0.137,0.157,0,0.134,0.027,0.181,0.562,0.669,0.394
Mozambique,1983,0.103,0.032,1,0,0,0.138,0.189,0.137,0.157,0,0.134,0.027,0.181,0.562,0.669,0.344
Mozambique,1984,0.103,0.032,1,0,0,0.14,0.189,0.137,0.157,0,0.134,0.027,0.181,0.562,0.669,0.285
Mozambique,1985,0.103,0.032,1,0,0,0.14,0.189,0.137,0.157,0,0.134,0.027,0.181,0.562,0.669,0.285
Mozambique,1986,0.103,0.032,1,0,0,0.14,0.189,0.137,0.157,0,0.134,0.027,0.181,0.562,0.669,0.285
Mozambique,1987,0.105,0.032,1,0,0,0.163,0.189,0.137,0.157,0,0.134,0.027,0.167,0.637,0.626,0.249
Mozambique,1988,0.105,0.032,1,0,0,0.167,0.189,0.137,0.157,0,0.134,0.027,0.167,0.637,0.626,0.229
Mozambique,1989,0.105,0.032,1,0,0,0.167,0.189,0.137,0.157,0,0.134,0.027,0.176,0.637,0.626,0.229
Mozambique,1990,0.246,0.231,1,0,0,0.45,0.527,0.137,0.321,0.033,0.134,0.027,0.239,0.699,0.566,0.221
Mozambique,1991,0.458,0.338,1,0,0,0.502,0.622,0.137,0.516,0.033,0.134,0.027,0.341,0.699,0.566,0.238
Mozambique,1992,0.528,0.439,1,0,0,0.539,0.6,0.137,0.544,0.033,0.134,0.027,0.363,0.699,0.566,0.254
Mozambique,1993,0.56,0.711,1,0,0,0.598,0.6,0.137,0.544,0.033,0.134,0.027,0.393,0.699,0.606,0.287
Mozambique,1994,0.676,0.726,1,0.072,1,0.653,0.6,0.392,0.563,0.033,0.134,0.046,0.467,0.699,0.591,0.314
Mozambique,1995,0.707,0.8,1,0.397,1,0.686,0.604,0.412,0.596,0.033,0.134,0.046,0.516,0.699,0.637,0.322
Mozambique,1996,0.692,0.8,1,0.397,1,0.686,0.604,0.412,0.635,0.033,0.271,0.046,0.612,0.699,0.637,0.322
Mozambique,1997,0.692,0.8,1,0.394,1,0.665,0.604,0.412,0.635,0.033,0.271,0.046,0.612,0.699,0.637,0.322
Mozambique,1998,0.692,0.8,1,0.391,1,0.665,0.604,0.412,0.635,0.033,0.874,0.046,0.612,0.699,0.637,0.322
Mozambique,1999,0.683,0.799,1,0.381,1,0.665,0.604,0.412,0.635,0.033,0.874,0.046,0.612,0.699,0.707,0.322
Mozambique,2000,0.721,0.8,1,0.262,1,0.686,0.71,0.412,0.698,0.033,0.874,0.046,0.592,0.699,0.739,0.322
Mozambique,2001,0.721,0.8,1,0.262,1,0.686,0.71,0.412,0.767,0.033,0.874,0.046,0.602,0.699,0.739,0.322
Mozambique,2002,0.721,0.8,1,0.262,1,0.686,0.704,0.412,0.767,0.033,0.874,0.046,0.635,0.699,0.739,0.322
Mozambique,2003,0.733,0.8,1,0.262,1,0.686,0.714,0.412,0.767,0.033,0.874,0.046,0.648,0.699,0.739,0.322
Mozambique,2004,0.733,0.801,1,0.274,1,0.686,0.692,0.412,0.77,0.033,0.874,0.046,0.648,0.699,0.739,0.322
Mozambique,2005,0.736,0.81,1,0.375,1,0.667,0.671,0.412,0.673,0.031,0.874,0.046,0.648,0.699,0.706,0.306
Mozambique,2006,0.736,0.805,1,0.375,1,0.667,0.671,0.412,0.673,0.031,0.874,0.046,0.643,0.699,0.706,0.306
Mozambique,2007,0.739,0.805,1,0.375,1,0.667,0.671,0.412,0.673,0.031,0.874,0.046,0.647,0.69,0.706,0.306
Mozambique,2008,0.724,0.808,1,0.369,1,0.673,0.671,0.412,0.673,0.031,0.874,0.037,0.647,0.683,0.706,0.298
Mozambique,2009,0.723,0.807,1,0.349,1,0.664,0.671,0.412,0.673,0.031,0.874,0.078,0.664,0.687,0.706,0.316
Mozambique,2010,0.723,0.783,1,0.3,1,0.679,0.697,0.431,0.706,0.031,0.874,0.123,0.606,0.743,0.696,0.308
Mozambique,2011,0.723,0.783,1,0.299,1,0.672,0.697,0.431,0.706,0.031,0.874,0.123,0.633,0.736,0.696,0.313
Mozambique,2012,0.723,0.783,1,0.299,1,0.675,0.697,0.431,0.706,0.031,0.874,0.123,0.654,0.745,0.696,0.313
Mozambique,2013,0.736,0.799,1,0.288,1,0.68,0.694,0.431,0.706,0.031,0.874,0.075,0.603,0.754,0.694,0.289
Mozambique,2014,0.724,0.801,1,0.298,1,0.666,0.694,0.462,0.723,0.031,0.874,0.075,0.628,0.747,0.694,0.284
Mozambique,2015,0.749,0.813,1,0.288,1,0.631,0.668,0.472,0.723,0.031,0.874,0.075,0.608,0.668,0.694,0.292
Mozambique,2016,0.738,0.792,1,0.285,1,0.621,0.643,0.457,0.765,0.031,0.874,0.075,0.626,0.631,0.706,0.278
Mozambique,2017,0.683,0.779,1,0.261,1,0.584,0.662,0.46,0.754,0.031,0.874,0.075,0.64,0.629,0.715,0.275
Mozambique,2018,0.638,0.779,1,0.261,1,0.542,0.654,0.469,0.759,0.031,0.874,0.075,0.59,0.627,0.721,0.277
Mozambique,2019,0.644,0.795,1,0.245,1,0.534,0.589,0.451,0.764,0.031,0.751,0.44,0.579,0.59,0.709,0.254
Mozambique,2020,0.645,0.75,1,0.188,1,0.532,0.61,0.375,0.745,0.031,0.751,0.321,0.576,0.571,0.733,0.254
Mozambique,2021,0.637,0.745,1,0.203,1,0.526,0.601,0.429,0.739,0.031,0.933,0.321,0.582,0.555,0.733,0.244
Mozambique,2022,0.648,0.73,1,0.203,1,0.534,0.592,0.425,0.678,0.031,0.857,0.4,0.557,0.56,0.751,0.233
Mozambique,2023,0.629,0.711,1,0.187,1,0.505,0.587,0.385,0.726,0.031,0.857,0.4,0.557,0.564,0.751,0.226
Mozambique,2024,0.524,0.58,1,0.151,1,0.415,0.501,0.306,0.669,0.031,0.857,0.4,0.456,0.52,0.759,0.216
Zambia,1950,0.279,0.275,0.05,0.164,0,0.173,0.592,0.351,0.186,0,0.228,0.306,0.13,0.045,0.028,0.118
Zambia,1951,0.279,0.295,0.05,0.184,0,0.173,0.592,0.351,0.186,0,0.228,0.306,0.13,0.045,0.028,0.118
Zambia,1952,0.279,0.295,0.05,0.184,0,0.173,0.592,0.351,0.186,0,0.228,0.306,0.13,0.045,0.028,0.118
Zambia,1953,0.296,0.296,0.05,0.184,0,0.173,0.535,0.428,0.186,0,0.265,0.429,0.13,0.045,0.028,0.118
Zambia,1954,0.296,0.322,0.05,0.184,0,0.181,0.535,0.428,0.206,0,0.518,0.429,0.13,0.096,0.028,0.112
Zambia,1955,0.296,0.326,0.05,0.184,0,0.181,0.535,0.428,0.206,0,0.518,0.429,0.13,0.096,0.028,0.112
Zambia,1956,0.296,0.326,0.05,0.184,0,0.181,0.535,0.428,0.206,0,0.518,0.429,0.13,0.096,0.028,0.112
Zambia,1957,0.296,0.326,0.05,0.184,0,0.181,0.535,0.428,0.206,0,0.518,0.429,0.13,0.096,0.028,0.112
Zambia,1958,0.296,0.338,0.05,0.184,0,0.181,0.535,0.428,0.206,0,0.518,0.429,0.13,0.096,0.028,0.112
Zambia,1959,0.296,0.332,0.1,0.179,0,0.181,0.535,0.428,0.206,0,0.518,0.429,0.13,0.096,0.028,0.112
Zambia,1960,0.302,0.371,0.1,0.177,0,0.181,0.535,0.428,0.206,0,0.518,0.429,0.13,0.096,0.028,0.114
Zambia,1961,0.302,0.389,0.1,0.177,0,0.181,0.535,0.428,0.206,0,0.518,0.429,0.13,0.096,0.028,0.114
Zambia,1962,0.302,0.444,0.1,0.181,0,0.181,0.535,0.428,0.206,0,0.518,0.429,0.13,0.096,0.028,0.114
Zambia,1963,0.348,0.483,0.1,0.196,0,0.181,0.571,0.428,0.264,0,0.665,0.429,0.13,0.096,0.049,0.122
Zambia,1964,0.357,0.577,1,0.272,0.73,0.402,0.563,0.505,0.473,0,0.766,0.452,0.53,0.255,0.395,0.343
Zambia,1965,0.386,0.61,1,0.295,0.87,0.513,0.572,0.505,0.526,0,0.783,0.452,0.539,0.279,0.548,0.521
Zambia,1966,0.386,0.616,1,0.295,0.85,0.501,0.572,0.505,0.526,0,0.783,0.452,0.539,0.279,0.548,0.521
Zambia,1967,0.386,0.616,1,0.295,0.85,0.501,0.588,0.505,0.526,0,0.783,0.452,0.539,0.279,0.548,0.521
Zambia,1968,0.386,0.616,1,0.292,0.925,0.501,0.588,0.503,0.526,0,0.783,0.452,0.539,0.279,0.548,0.521
Zambia,1969,0.386,0.547,1,0.199,0.975,0.501,0.588,0.503,0.526,0.02,0.783,0.452,0.539,0.279,0.548,0.521
Zambia,1970,0.386,0.518,1,0.199,0.975,0.508,0.588,0.503,0.559,0.02,0.783,0.452,0.539,0.279,0.559,0.484
Zambia,1971,0.392,0.381,1,0.199,0.925,0.517,0.588,0.503,0.559,0.02,0.783,0.452,0.539,0.279,0.559,0.484
Zambia,1972,0.395,0.335,1,0.199,0.975,0.517,0.588,0.503,0.531,0.02,0.783,0.452,0.523,0.279,0.532,0.484
Zambia,1973,0.227,0.187,1,0.203,0.975,0.517,0.588,0.3,0.491,0.02,0.783,0.452,0.447,0.279,0.532,0.505
Zambia,1974,0.158,0.106,1,0.267,0.96,0.517,0.592,0.225,0.5,0.02,0.759,0.452,0.46,0.279,0.568,0.519
Zambia,1975,0.158,0.104,1,0.267,0.96,0.517,0.592,0.225,0.5,0.02,0.759,0.452,0.46,0.516,0.568,0.643
Zambia,1976,0.155,0.104,1,0.267,0.96,0.517,0.592,0.225,0.5,0.02,0.759,0.452,0.46,0.516,0.568,0.643
Zambia,1977,0.155,0.104,1,0.267,0.96,0.517,0.592,0.225,0.5,0.02,0.759,0.452,0.46,0.516,0.568,0.643
Zambia,1978,0.155,0.104,1,0.267,0.96,0.517,0.592,0.225,0.5,0.02,0.759,0.452,0.46,0.516,0.568,0.643
Zambia,1979,0.155,0.105,1,0.275,0.96,0.517,0.592,0.225,0.5,0.02,0.759,0.452,0.46,0.516,0.568,0.643
Zambia,1980,0.155,0.105,1,0.275,0.96,0.517,0.592,0.225,0.597,0.02,0.759,0.452,0.46,0.516,0.568,0.643
Zambia,1981,0.155,0.105,1,0.275,0.96,0.517,0.592,0.225,0.625,0.02,0.759,0.452,0.46,0.516,0.568,0.666
Zambia,1982,0.155,0.105,1,0.275,0.96,0.517,0.592,0.225,0.625,0.02,0.759,0.452,0.46,0.516,0.568,0.666
Zambia,1983,0.155,0.104,1,0.27,0.96,0.517,0.592,0.225,0.625,0.02,0.759,0.452,0.46,0.516,0.568,0.666
Zambia,1984,0.155,0.101,1,0.252,0.96,0.533,0.592,0.225,0.625,0.02,0.759,0.452,0.46,0.516,0.568,0.666
Zambia,1985,0.155,0.101,1,0.252,0.96,0.533,0.592,0.225,0.597,0.02,0.759,0.452,0.46,0.516,0.568,0.666
Zambia,1986,0.155,0.101,1,0.252,0.96,0.533,0.592,0.225,0.601,0.02,0.759,0.452,0.46,0.516,0.568,0.666
Zambia,1987,0.155,0.101,1,0.252,0.96,0.533,0.592,0.225,0.599,0.02,0.759,0.452,0.46,0.516,0.568,0.666
Zambia,1988,0.155,0.101,1,0.252,0.96,0.533,0.592,0.225,0.65,0.02,0.759,0.452,0.46,0.516,0.568,0.666
Zambia,1989,0.155,0.105,1,0.254,0.96,0.533,0.592,0.225,0.65,0.02,0.759,0.452,0.46,0.516,0.568,0.666
Zambia,1990,0.227,0.14,1,0.328,0.96,0.587,0.592,0.225,0.726,0.02,0.781,0.452,0.46,0.516,0.568,0.666
Zambia,1991,0.431,0.314,1,0.368,0.96,0.703,0.718,0.593,0.837,0.031,0.781,0.452,0.636,0.698,0.573,0.469
Zambia,1992,0.681,0.687,1,0.43,0.96,0.757,0.718,0.704,0.884,0.031,0.842,0.452,0.816,0.698,0.668,0.413
Zambia,1993,0.683,0.716,1,0.43,0.96,0.757,0.718,0.745,0.897,0.031,0.842,0.452,0.826,0.698,0.668,0.413
Zambia,1994,0.741,0.77,1,0.451,0.96,0.757,0.718,0.745,0.905,0.031,0.842,0.452,0.833,0.698,0.668,0.413
Zambia,1995,0.741,0.77,1,0.451,0.96,0.757,0.718,0.745,0.905,0.031,0.842,0.452,0.842,0.698,0.668,0.416
Zambia,1996,0.736,0.772,1,0.472,0.96,0.757,0.718,0.745,0.905,0.031,0.856,0.452,0.842,0.698,0.668,0.416
Zambia,1997,0.736,0.764,1,0.445,0.975,0.757,0.718,0.745,0.905,0.031,0.856,0.452,0.842,0.698,0.668,0.416
Zambia,1998,0.736,0.764,1,0.445,0.975,0.757,0.718,0.745,0.905,0.031,0.856,0.452,0.842,0.698,0.668,0.416
Zambia,1999,0.736,0.764,1,0.445,0.975,0.757,0.718,0.745,0.905,0.031,0.856,0.452,0.842,0.698,0.668,0.416
Zambia,2000,0.744,0.771,1,0.445,0.975,0.757,0.718,0.745,0.905,0.031,0.856,0.452,0.842,0.698,0.682,0.445
Zambia,2001,0.744,0.786,1,0.445,0.975,0.764,0.718,0.82,0.905,0.031,0.856,0.452,0.842,0.698,0.682,0.445
Zambia,2002,0.724,0.794,1,0.441,0.975,0.77,0.781,0.858,0.884,0.031,0.856,0.452,0.901,0.698,0.682,0.445
Zambia,2003,0.724,0.794,1,0.441,0.975,0.77,0.781,0.858,0.884,0.031,0.856,0.452,0.887,0.698,0.682,0.445
Zambia,2004,0.724,0.794,1,0.441,0.975,0.77,0.781,0.858,0.884,0.031,0.856,0.452,0.896,0.698,0.682,0.445
Zambia,2005,0.767,0.79,1,0.448,0.975,0.759,0.828,0.877,0.86,0.031,0.856,0.452,0.888,0.703,0.619,0.394
Zambia,2006,0.766,0.789,1,0.452,0.975,0.759,0.828,0.877,0.869,0.031,0.856,0.452,0.889,0.703,0.605,0.392
Zambia,2007,0.772,0.764,1,0.464,0.975,0.759,0.828,0.877,0.869,0.031,0.856,0.452,0.889,0.703,0.605,0.392
Zambia,2008,0.764,0.784,1,0.474,0.975,0.756,0.828,0.867,0.848,0.031,0.856,0.452,0.875,0.703,0.602,0.392
Zambia,2009,0.759,0.784,1,0.5,0.975,0.756,0.802,0.847,0.848,0.031,0.856,0.452,0.848,0.703,0.63,0.393
Zambia,2010,0.756,0.779,1,0.498,0.975,0.779,0.802,0.847,0.848,0.031,0.852,0.452,0.855,0.703,0.632,0.389
Zambia,2011,0.741,0.75,1,0.5,0.975,0.775,0.792,0.875,0.842,0.031,0.852,0.452,0.819,0.703,0.644,0.372
Zambia,2012,0.731,0.766,1,0.496,0.975,0.775,0.792,0.875,0.842,0.031,0.852,0.452,0.819,0.703,0.649,0.372
Zambia,2013,0.689,0.727,1,0.519,0.975,0.743,0.757,0.799,0.774,0.031,0.926,0.45,0.513,0.722,0.658,0.335
Zambia,2014,0.67,0.724,1,0.519,0.975,0.757,0.757,0.799,0.774,0.031,0.926,0.45,0.513,0.722,0.658,0.335
Zambia,2015,0.668,0.719,1,0.468,0.975,0.757,0.736,0.799,0.803,0.031,0.926,0.45,0.5,0.722,0.669,0.335
Zambia,2016,0.595,0.69,1,0.383,0.97,0.713,0.723,0.815,0.722,0.121,0.868,0.456,0.567,0.645,0.74,0.258
Zambia,2017,0.604,0.639,1,0.281,0.97,0.751,0.613,0.722,0.721,0.121,0.737,0.305,0.655,0.799,0.691,0.264
Zambia,2018,0.63,0.653,1,0.279,0.97,0.743,0.677,0.659,0.774,0.121,0.925,0.455,0.748,0.731,0.684,0.319
Zambia,2019,0.658,0.598,1,0.264,0.97,0.723,0.663,0.829,0.758,0.121,0.919,0.268,0.575,0.596,0.713,0.279
Zambia,2020,0.64,0.612,1,0.251,0.967,0.686,0.591,0.863,0.773,0.121,0.774,0.272,0.661,0.406,0.722,0.256
Zambia,2021,0.713,0.666,1,0.359,0.967,0.744,0.678,0.811,0.846,0.11,0.892,0.163,0.443,0.549,0.816,0.371
Zambia,2022,0.856,0.804,1,0.439,0.967,0.799,0.849,0.85,0.924,0.099,0.959,0.405,0.877,0.545,0.822,0.42
Zambia,2023,0.849,0.83,1,0.437,0.967,0.8,0.859,0.751,0.916,0.088,0.97,0.405,0.877,0.545,0.803,0.472
Zambia,2024,0.813,0.789,1,0.441,0.967,0.745,0.728,0.751,0.925,0.076,0.97,0.457,0.877,0.562,0.803,0.471
Zimbabwe,1950,0.289,0.511,0.05,0.697,1,0.185,0.665,0.61,0.27,0,0.738,0,0.126,0.026,0.07,0.077
Zimbabwe,1951,0.289,0.511,0.05,0.697,1,0.187,0.665,0.61,0.27,0,0.738,0,0.126,0.026,0.07,0.077
Zimbabwe,1952,0.289,0.511,0.05,0.697,1,0.187,0.665,0.61,0.27,0,0.738,0,0.126,0.026,0.07,0.077
Zimbabwe,1953,0.307,0.511,0.05,0.698,0.945,0.219,0.665,0.648,0.278,0,0.738,0,0.2,0.05,0.083,0.1
Zimbabwe,1954,0.307,0.508,0.05,0.69,0.945,0.23,0.665,0.648,0.278,0,0.738,0,0.219,0.05,0.083,0.1
Zimbabwe,1955,0.307,0.508,0.05,0.689,0.945,0.23,0.665,0.648,0.278,0,0.738,0,0.219,0.05,0.083,0.1
Zimbabwe,1956,0.29,0.508,0.05,0.689,0.945,0.23,0.665,0.648,0.278,0,0.738,0,0.219,0.05,0.083,0.1
Zimbabwe,1957,0.29,0.442,0.05,0.689,0.945,0.23,0.665,0.648,0.278,0,0.738,0,0.219,0.05,0.083,0.1
Zimbabwe,1958,0.29,0.388,0.05,0.695,0.945,0.23,0.665,0.632,0.278,0,0.738,0,0.223,0.05,0.083,0.1
Zimbabwe,1959,0.281,0.316,0.05,0.698,0.945,0.223,0.665,0.632,0.278,0,0.738,0,0.223,0.05,0.083,0.1
Zimbabwe,1960,0.281,0.346,0.05,0.698,0.945,0.197,0.665,0.632,0.278,0,0.738,0,0.244,0.05,0.083,0.1
Zimbabwe,1961,0.281,0.346,0.05,0.698,0.945,0.197,0.665,0.632,0.278,0,0.738,0,0.244,0.05,0.083,0.1
Zimbabwe,1962,0.281,0.346,0.05,0.697,0.945,0.197,0.665,0.632,0.278,0,0.738,0,0.244,0.05,0.083,0.1
Zimbabwe,1963,0.281,0.345,0.05,0.677,0.945,0.197,0.665,0.632,0.278,0,0.738,0,0.244,0.05,0.083,0.1
Zimbabwe,1964,0.134,0.348,0.05,0.679,1,0.13,0.526,0.563,0.164,0,0.738,0,0.23,0.055,0.083,0.103
Zimbabwe,1965,0.107,0.342,0.05,0.636,1,0.12,0.521,0.423,0.22,0,0.738,0,0.217,0.055,0.093,0.103
Zimbabwe,1966,0.085,0.315,0.05,0.614,1,0.116,0.509,0.423,0.22,0,0.738,0,0.217,0.055,0.093,0.103
Zimbabwe,1967,0.085,0.315,0.05,0.614,1,0.116,0.509,0.423,0.22,0,0.68,0,0.217,0.055,0.093,0.103
Zimbabwe,1968,0.085,0.315,0.05,0.614,1,0.116,0.509,0.423,0.22,0,0.68,0,0.217,0.055,0.093,0.103
Zimbabwe,1969,0.085,0.315,0.05,0.614,1,0.093,0.509,0.423,0.22,0,0.68,0,0.217,0.055,0.093,0.103
Zimbabwe,1970,0.093,0.305,0.05,0.622,1,0.093,0.509,0.423,0.22,0,0.68,0,0.217,0.055,0.093,0.103
Zimbabwe,1971,0.093,0.305,0.05,0.625,0.94,0.093,0.509,0.423,0.22,0,0.68,0,0.217,0.055,0.093,0.103
Zimbabwe,1972,0.093,0.305,0.05,0.625,0.94,0.093,0.509,0.423,0.22,0,0.68,0,0.217,0.055,0.093,0.103
Zimbabwe,1973,0.093,0.305,0.05,0.625,0.94,0.093,0.509,0.423,0.22,0,0.68,0,0.217,0.055,0.093,0.103
Zimbabwe,1974,0.093,0.308,0.05,0.629,0.94,0.093,0.509,0.423,0.22,0,0.68,0,0.217,0.055,0.093,0.103
Zimbabwe,1975,0.093,0.31,0.05,0.633,0.94,0.096,0.509,0.423,0.22,0,0.68,0,0.217,0.055,0.093,0.103
Zimbabwe,1976,0.093,0.31,0.05,0.633,0.94,0.096,0.509,0.423,0.22,0,0.68,0,0.217,0.055,0.093,0.103
Zimbabwe,1977,0.093,0.31,0.05,0.621,0.94,0.096,0.509,0.423,0.22,0,0.68,0,0.217,0.055,0.093,0.103
Zimbabwe,1978,0.093,0.308,0.05,0,0,0.096,0.509,0.423,0.22,0,0.68,0,0.217,0.055,0.093,0.125
Zimbabwe,1979,0.093,0.301,1,0.389,0,0.096,0.509,0.423,0.22,0,0.68,0,0.217,0.055,0.093,0.125
Zimbabwe,1980,0.325,0.575,1,0.291,1,0.528,0.694,0.406,0.457,0.02,0.883,0,0.612,0.311,0.353,0.594
Zimbabwe,1981,0.389,0.662,1,0.265,1,0.571,0.694,0.406,0.524,0.02,0.883,0,0.698,0.433,0.462,0.818
Zimbabwe,1982,0.375,0.662,1,0.265,1,0.571,0.694,0.406,0.524,0.02,0.883,0,0.698,0.433,0.462,0.818
Zimbabwe,1983,0.375,0.662,1,0.265,1,0.571,0.694,0.406,0.524,0.02,0.883,0,0.698,0.433,0.462,0.818
Zimbabwe,1984,0.362,0.662,1,0.265,1,0.571,0.694,0.406,0.524,0.02,0.883,0,0.698,0.433,0.462,0.818
Zimbabwe,1985,0.362,0.655,1,0.241,1,0.571,0.694,0.406,0.54,0.02,0.883,0.112,0.698,0.433,0.462,0.818
Zimbabwe,1986,0.362,0.668,1,0.22,1,0.571,0.694,0.406,0.54,0.02,0.883,0.112,0.698,0.433,0.462,0.818
Zimbabwe,1987,0.375,0.603,1,0.22,1,0.571,0.674,0.372,0.54,0.02,0.883,0.112,0.698,0.433,0.462,0.818
Zimbabwe,1988,0.39,0.603,1,0.22,1,0.648,0.679,0.327,0.54,0.02,0.883,0.112,0.695,0.501,0.462,0.792
Zimbabwe,1989,0.394,0.603,1,0.22,1,0.65,0.679,0.327,0.54,0.02,0.883,0.112,0.7,0.501,0.462,0.792
Zimbabwe,1990,0.36,0.598,1,0.234,1,0.65,0.679,0.354,0.54,0.02,0.883,0.085,0.678,0.501,0.45,0.792
Zimbabwe,1991,0.36,0.641,1,0.238,1,0.65,0.679,0.354,0.653,0.02,0.883,0.085,0.681,0.501,0.45,0.676
Zimbabwe,1992,0.36,0.641,1,0.238,1,0.65,0.679,0.354,0.653,0.02,0.883,0.085,0.681,0.365,0.45,0.674
Zimbabwe,1993,0.36,0.641,1,0.238,1,0.65,0.679,0.354,0.653,0.02,0.883,0.085,0.667,0.365,0.383,0.674
Zimbabwe,1994,0.36,0.641,1,0.238,1,0.65,0.679,0.354,0.653,0.02,0.883,0.085,0.677,0.365,0.383,0.674
Zimbabwe,1995,0.36,0.642,1,0.231,1,0.65,0.679,0.354,0.71,0.02,0.883,0.085,0.685,0.365,0.383,0.631
Zimbabwe,1996,0.373,0.642,1,0.229,1,0.656,0.679,0.354,0.71,0.02,0.883,0.085,0.685,0.365,0.383,0.631
Zimbabwe,1997,0.373,0.634,1,0.229,1,0.672,0.679,0.354,0.71,0.02,0.883,0.085,0.685,0.365,0.383,0.584
Zimbabwe,1998,0.383,0.599,1,0.229,1,0.67,0.679,0.354,0.678,0.02,0.883,0.085,0.661,0.365,0.383,0.582
Zimbabwe,1999,0.385,0.599,1,0.229,1,0.67,0.679,0.354,0.678,0.02,0.883,0.085,0.676,0.365,0.383,0.582
Zimbabwe,2000,0.401,0.589,1,0.139,1,0.545,0.456,0.42,0.82,0.18,0.897,0.085,0.463,0.579,0.318,0.546
Zimbabwe,2001,0.384,0.597,1,0.088,1,0.41,0.409,0.42,0.82,0.18,0.897,0.085,0.559,0.564,0.318,0.546
Zimbabwe,2002,0.374,0.599,1,0.088,1,0.41,0.409,0.459,0.82,0.18,0.897,0.085,0.559,0.564,0.318,0.531
Zimbabwe,2003,0.374,0.599,1,0.088,1,0.41,0.317,0.459,0.767,0.18,0.897,0.085,0.559,0.564,0.318,0.421
Zimbabwe,2004,0.292,0.599,1,0.088,1,0.41,0.317,0.459,0.767,0.18,0.897,0.085,0.559,0.564,0.318,0.421
Zimbabwe,2005,0.294,0.614,1,0.081,0.95,0.41,0.317,0.459,0.767,0.16,0.878,0.085,0.559,0.564,0.318,0.421
Zimbabwe,2006,0.289,0.625,1,0.087,0.95,0.405,0.317,0.459,0.767,0.14,0.878,0.085,0.559,0.561,0.327,0.421
Zimbabwe,2007,0.289,0.625,1,0.087,0.95,0.405,0.317,0.459,0.767,0.12,0.878,0.085,0.559,0.561,0.315,0.4
Zimbabwe,2008,0.299,0.623,1,0.061,0.95,0.373,0.317,0.459,0.767,0.1,0.878,0.081,0.559,0.561,0.315,0.397
Zimbabwe,2009,0.313,0.61,1,0.052,0.95,0.455,0.398,0.609,0.781,0.08,0.878,0.081,0.659,0.561,0.315,0.4
Zimbabwe,2010,0.378,0.618,1,0.056,0.95,0.55,0.469,0.609,0.777,0.06,0.878,0.079,0.705,0.561,0.316,0.457
Zimbabwe,2011,0.376,0.62,1,0.056,0.95,0.55,0.469,0.609,0.777,0.04,0.878,0.079,0.72,0.561,0.316,0.457
Zimbabwe,2012,0.381,0.62,1,0.056,0.95,0.55,0.467,0.609,0.777,0.02,0.878,0.079,0.712,0.561,0.316,0.447
Zimbabwe,2013,0.423,0.621,1,0.128,0.95,0.57,0.47,0.576,0.786,0.2,0.878,0.079,0.586,0.674,0.305,0.433
Zimbabwe,2014,0.42,0.613,1,0.19,0.95,0.509,0.489,0.601,0.779,0.2,0.878,0.079,0.587,0.674,0.288,0.429
Zimbabwe,2015,0.414,0.613,1,0.19,0.95,0.52,0.472,0.601,0.787,0.2,0.878,0.079,0.587,0.674,0.288,0.429
Zimbabwe,2016,0.393,0.613,1,0.183,0.95,0.471,0.459,0.606,0.783,0.2,0.878,0.079,0.602,0.653,0.316,0.387
Zimbabwe,2017,0.418,0.616,1,0.181,0.95,0.491,0.455,0.796,0.779,0.213,0.904,0.079,0.619,0.738,0.209,0.358
Zimbabwe,2018,0.471,0.61,1,0.176,0.95,0.461,0.391,0.736,0.815,0.201,0.91,0.079,0.601,0.682,0.285,0.335
Zimbabwe,2019,0.441,0.604,1,0.162,0.95,0.424,0.383,0.689,0.799,0.189,0.906,0.079,0.592,0.672,0.285,0.324
Zimbabwe,2020,0.459,0.565,1,0.176,0.944,0.487,0.315,0.628,0.79,0.177,0.823,0.079,0.59,0.765,0.295,0.409
Zimbabwe,2021,0.468,0.539,1,0.177,0.944,0.437,0.289,0.703,0.807,0.165,0.823,0.079,0.61,0.714,0.286,0.416
Zimbabwe,2022,0.433,0.556,1,0.17,0.944,0.432,0.299,0.646,0.786,0.153,0.823,0.079,0.617,0.688,0.273,0.387
Zimbabwe,2023,0.431,0.569,1,0.166,1,0.406,0.266,0.593,0.742,0.141,0.744,0.074,0.627,0.549,0.145,0.304
Zimbabwe,2024,0.383,0.505,1,0.157,1,0.391,0.234,0.54,0.746,0.129,0.779,0.115,0.578,0.5,0.185,0.281
Guinea,1950,0.263,0.256,0.1,0.242,0,0.3,0.056,0.091,0.284,0,0.357,0.005,0.017,0.629,0.101,0.031
Guinea,1951,0.263,0.256,0.1,0.242,0,0.297,0.056,0.091,0.284,0,0.357,0.005,0.017,0.629,0.101,0.031
Guinea,1952,0.268,0.3,0.2,0.207,0,0.297,0.056,0.091,0.284,0,0.357,0.005,0.017,0.629,0.114,0.031
Guinea,1953,0.273,0.315,0.2,0,0,0.297,0.056,0.091,0.284,0,0.357,0.005,0.017,0.629,0.114,0.031
Guinea,1954,0.277,0.221,0.2,0,0,0.297,0.056,0.091,0.295,0,0.357,0.005,0.021,0.629,0.114,0.031
Guinea,1955,0.277,0.221,0.2,0,0,0.299,0.056,0.091,0.295,0,0.357,0.005,0.028,0.629,0.114,0.04
Guinea,1956,0.294,0.221,0.2,0,0,0.299,0.056,0.091,0.295,0,0.357,0.005,0.064,0.629,0.114,0.04
Guinea,1957,0.294,0.265,1,0.221,0,0.305,0.045,0.085,0.308,0,0.357,0.005,0.126,0.632,0.213,0.047
Guinea,1958,0.13,0.215,1,0.253,1,0.229,0.091,0.079,0.309,0,0.328,0.172,0.301,0.63,0.423,0.1
Guinea,1959,0.074,0.174,1,0.253,1,0.209,0.089,0.079,0.324,0,0.353,0.172,0.298,0.721,0.455,0.13
Guinea,1960,0.056,0.126,1,0.253,1,0.134,0.08,0.055,0.309,0,0.353,0.172,0.249,0.7,0.469,0.155
Guinea,1961,0.056,0.099,1,0.07,1,0.123,0.08,0.048,0.309,0,0.353,0.006,0.249,0.7,0.469,0.155
Guinea,1962,0.068,0.097,1,0.056,1,0.123,0.08,0.048,0.181,0,0.353,0.006,0.115,0.7,0.469,0.121
Guinea,1963,0.047,0.065,1,0.055,1,0.121,0.08,0.048,0.181,0,0.353,0.006,0.115,0.7,0.463,0.19
Guinea,1964,0.045,0.057,1,0.054,1,0.115,0.08,0.048,0.181,0,0.327,0.039,0.087,0.7,0.424,0.19
Guinea,1965,0.045,0.049,1,0.054,1,0.115,0.082,0.048,0.134,0,0.327,0.039,0.098,0.7,0.424,0.241
Guinea,1966,0.045,0.049,1,0.054,1,0.115,0.082,0.048,0.134,0,0.327,0.039,0.098,0.7,0.424,0.241
Guinea,1967,0.026,0.049,1,0.054,1,0.115,0.082,0.048,0.134,0,0.327,0.039,0.098,0.7,0.424,0.241
Guinea,1968,0.026,0.048,1,0.053,1,0.115,0.082,0.048,0.134,0,0.327,0.039,0.098,0.7,0.424,0.241
Guinea,1969,0.025,0.048,1,0.053,1,0.105,0.082,0.048,0.134,0,0.327,0.039,0.098,0.7,0.424,0.241
Guinea,1970,0.02,0.048,1,0.053,1,0.105,0.082,0.048,0.134,0,0.327,0.039,0.098,0.7,0.424,0.241
Guinea,1971,0.02,0.048,1,0.053,1,0.105,0.082,0.048,0.134,0,0.327,0.039,0.098,0.7,0.424,0.241
Guinea,1972,0.02,0.048,1,0.053,1,0.105,0.082,0.048,0.134,0,0.327,0.039,0.098,0.7,0.424,0.241
Guinea,1973,0.02,0.048,1,0.053,1,0.105,0.082,0.048,0.134,0,0.327,0.039,0.098,0.7,0.424,0.241
Guinea,1974,0.02,0.048,1,0.053,1,0.105,0.082,0.048,0.134,0,0.327,0.039,0.098,0.7,0.424,0.241
Guinea,1975,0.02,0.05,1,0.053,1,0.108,0.082,0.048,0.134,0,0.327,0.039,0.098,0.7,0.424,0.241
Guinea,1976,0.02,0.05,1,0.053,1,0.108,0.082,0.048,0.134,0,0.327,0.039,0.098,0.7,0.424,0.241
Guinea,1977,0.02,0.05,1,0.053,1,0.108,0.082,0.048,0.134,0,0.327,0.039,0.098,0.7,0.424,0.241
Guinea,1978,0.02,0.05,1,0.053,1,0.108,0.082,0.048,0.134,0,0.327,0.039,0.098,0.7,0.424,0.241
Guinea,1979,0.02,0.05,1,0.053,1,0.108,0.082,0.048,0.134,0,0.327,0.039,0.098,0.7,0.424,0.241
Guinea,1980,0.02,0.048,1,0.056,1,0.115,0.082,0.048,0.134,0,0.327,0.039,0.098,0.7,0.424,0.241
Guinea,1981,0.02,0.048,1,0.056,1,0.115,0.082,0.048,0.134,0,0.327,0.039,0.098,0.7,0.424,0.241
Guinea,1982,0.02,0.049,1,0.058,1,0.115,0.082,0.048,0.134,0,0.327,0.039,0.098,0.718,0.424,0.241
Guinea,1983,0.02,0.049,1,0.055,1,0.119,0.082,0.048,0.134,0,0.327,0.039,0.098,0.718,0.424,0.241
Guinea,1984,0.02,0.063,1,0.014,0,0.156,0.102,0.048,0.186,0,0.327,0.075,0.072,0.718,0.424,0.285
Guinea,1985,0.127,0.125,1,0,0,0.261,0.103,0.081,0.461,0,0.327,0.033,0.111,0.611,0.318,0.186
Guinea,1986,0.136,0.125,1,0,0,0.265,0.103,0.081,0.461,0,0.327,0.033,0.104,0.611,0.318,0.186
Guinea,1987,0.152,0.125,1,0,0,0.244,0.103,0.081,0.461,0,0.327,0.033,0.104,0.611,0.318,0.186
Guinea,1988,0.152,0.125,1,0,0,0.244,0.103,0.081,0.461,0,0.327,0.033,0.104,0.611,0.318,0.186
Guinea,1989,0.168,0.125,1,0,0,0.244,0.103,0.081,0.461,0,0.327,0.033,0.104,0.611,0.318,0.186
Guinea,1990,0.256,0.163,1,0,0,0.268,0.125,0.081,0.467,0.213,0.382,0.01,0.193,0.596,0.337,0.177
Guinea,1991,0.444,0.191,1,0,0,0.34,0.141,0.164,0.631,0.213,0.382,0.01,0.352,0.596,0.372,0.203
Guinea,1992,0.5,0.294,1,0,0,0.342,0.147,0.164,0.602,0.213,0.382,0.057,0.334,0.596,0.372,0.203
Guinea,1993,0.487,0.331,1,0.003,0,0.349,0.147,0.164,0.602,0.213,0.382,0.057,0.322,0.596,0.372,0.187
Guinea,1994,0.487,0.403,1,0.071,1,0.336,0.147,0.164,0.602,0.213,0.382,0.057,0.32,0.596,0.372,0.188
Guinea,1995,0.487,0.405,1,0.073,1,0.336,0.164,0.164,0.602,0.201,0.382,0.057,0.32,0.596,0.372,0.19
Guinea,1996,0.505,0.406,1,0.074,1,0.331,0.164,0.24,0.602,0.189,0.382,0.057,0.244,0.606,0.372,0.19
Guinea,1997,0.505,0.412,1,0.074,1,0.304,0.164,0.24,0.602,0.177,0.382,0.057,0.451,0.606,0.372,0.19
Guinea,1998,0.487,0.412,1,0.074,1,0.324,0.164,0.24,0.602,0.165,0.382,0.032,0.478,0.606,0.372,0.19
Guinea,1999,0.505,0.417,1,0.078,1,0.324,0.164,0.24,0.602,0.153,0.382,0.058,0.384,0.606,0.372,0.19
Guinea,2000,0.543,0.417,1,0.078,1,0.328,0.15,0.24,0.639,0.141,0.382,0.031,0.224,0.606,0.432,0.173
Guinea,2001,0.575,0.417,1,0.078,1,0.328,0.15,0.24,0.639,0.213,0.382,0.04,0.224,0.606,0.432,0.163
Guinea,2002,0.569,0.407,1,0.071,1,0.328,0.15,0.24,0.639,0.213,0.382,0.04,0.224,0.606,0.432,0.163
Guinea,2003,0.59,0.408,1,0.073,1,0.329,0.15,0.289,0.639,0.213,0.382,0.04,0.224,0.606,0.432,0.163
Guinea,2004,0.575,0.413,1,0.069,1,0.329,0.15,0.289,0.639,0.213,0.382,0.04,0.224,0.606,0.432,0.163
Guinea,2005,0.575,0.413,1,0.069,1,0.324,0.15,0.289,0.639,0.213,0.763,0.04,0.224,0.599,0.432,0.179
Guinea,2006,0.575,0.401,1,0.069,1,0.324,0.15,0.31,0.653,0.201,0.763,0.04,0.236,0.599,0.43,0.179
Guinea,2007,0.575,0.401,1,0.069,1,0.334,0.161,0.327,0.653,0.189,0.763,0.04,0.252,0.599,0.429,0.179
Guinea,2008,0.558,0.423,1,0.067,0,0.245,0.154,0.189,0.651,0.177,0.763,0.04,0.196,0.613,0.436,0.179
Guinea,2009,0.594,0.291,1,0,0,0.231,0.162,0.259,0.604,0.165,0.763,0.062,0.221,0.61,0.439,0.195
Guinea,2010,0.701,0.521,1,0.126,0.5,0.438,0.199,0.259,0.771,0.153,0.763,0.012,0.322,0.67,0.447,0.211
Guinea,2011,0.717,0.574,1,0.247,0.5,0.456,0.197,0.259,0.771,0.141,0.763,0.027,0.289,0.67,0.416,0.207
Guinea,2012,0.726,0.574,1,0.247,0.5,0.456,0.197,0.259,0.771,0.129,0.763,0.027,0.284,0.67,0.416,0.207
Guinea,2013,0.684,0.625,1,0.255,0.5,0.428,0.213,0.259,0.734,0.117,0.825,0.03,0.271,0.686,0.44,0.249
Guinea,2014,0.688,0.607,1,0.256,1,0.428,0.213,0.232,0.734,0.105,0.825,0.03,0.271,0.686,0.44,0.249
Guinea,2015,0.681,0.598,1,0.255,1,0.428,0.213,0.255,0.742,0.093,0.825,0.03,0.282,0.686,0.44,0.249
Guinea,2016,0.687,0.585,1,0.251,1,0.443,0.213,0.255,0.725,0.081,0.825,0.03,0.273,0.686,0.44,0.249
Guinea,2017,0.671,0.585,1,0.245,1,0.44,0.213,0.255,0.725,0.069,0.742,0.032,0.273,0.675,0.44,0.179
Guinea,2018,0.693,0.579,1,0.235,1,0.399,0.208,0.236,0.745,0.057,0.757,0.032,0.279,0.659,0.43,0.179
Guinea,2019,0.693,0.532,1,0.245,1,0.333,0.206,0.197,0.727,0.045,0.757,0.032,0.237,0.595,0.402,0.181
Guinea,2020,0.561,0.449,1,0.172,1,0.235,0.222,0.187,0.658,0.151,0.757,0.032,0.213,0.62,0.506,0.173
Guinea,2021,0.561,0.416,1,0.105,0,0.222,0.274,0.187,0.658,0.151,0.757,0.032,0.213,0.594,0.506,0.173
Guinea,2022,0.561,0.334,1,0,0,0.218,0.274,0.187,0.615,0.151,0.757,0.032,0.22,0.578,0.506,0.173
Guinea,2023,0.555,0.31,1,0,0,0.233,0.274,0.16,0.615,0.151,0.423,0.032,0.22,0.577,0.506,0.173
Guinea,2024,0.545,0.24,1,0,0,0.21,0.274,0.143,0.615,0.151,0.423,0.032,0.22,0.577,0.55,0.173
Ivory Coast,1950,0.217,0.38,0.1,0.204,0,0.091,0.585,0.173,0.265,0,0.231,0.054,0.019,0.082,0.091,0.041
Ivory Coast,1951,0.208,0.38,0.1,0.204,0,0.091,0.585,0.173,0.265,0,0.231,0.054,0.019,0.082,0.091,0.041
Ivory Coast,1952,0.208,0.385,0.2,0.201,0,0.093,0.585,0.173,0.265,0,0.231,0.054,0.025,0.082,0.091,0.041
Ivory Coast,1953,0.208,0.386,0.2,0.2,0,0.093,0.585,0.173,0.265,0,0.231,0.054,0.025,0.082,0.091,0.041
Ivory Coast,1954,0.208,0.386,0.2,0.2,0,0.093,0.585,0.173,0.265,0,0.231,0.054,0.025,0.082,0.091,0.041
Ivory Coast,1955,0.208,0.386,0.2,0.2,0,0.093,0.585,0.173,0.246,0,0.231,0.054,0.025,0.082,0.091,0.041
Ivory Coast,1956,0.208,0.386,0.2,0.2,0,0.093,0.585,0.173,0.256,0,0.231,0.054,0.025,0.082,0.091,0.041
Ivory Coast,1957,0.208,0.286,1,0.199,0,0.093,0.585,0.173,0.315,0,0.231,0.054,0.025,0.082,0.091,0.041
Ivory Coast,1958,0.208,0.249,1,0.198,0,0.093,0.585,0.173,0.315,0,0.231,0.054,0.025,0.082,0.162,0.041
Ivory Coast,1959,0.201,0.235,1,0.185,0,0.093,0.585,0.173,0.317,0,0.231,0.054,0.023,0.082,0.162,0.041
Ivory Coast,1960,0.134,0.084,1,0.221,1,0.561,0.662,0.112,0.115,0.033,0.257,0.128,0.115,0.385,0.399,0.228
Ivory Coast,1961,0.134,0.086,1,0.254,1,0.571,0.662,0.112,0.115,0.033,0.257,0.128,0.115,0.385,0.399,0.253
Ivory Coast,1962,0.134,0.086,1,0.254,1,0.566,0.662,0.112,0.115,0.033,0.257,0.128,0.115,0.385,0.399,0.345
Ivory Coast,1963,0.134,0.086,1,0.254,1,0.562,0.662,0.112,0.115,0.033,0.257,0.128,0.115,0.385,0.399,0.345
Ivory Coast,1964,0.134,0.086,1,0.254,1,0.562,0.662,0.112,0.115,0.033,0.257,0.128,0.115,0.385,0.399,0.345
Ivory Coast,1965,0.134,0.085,1,0.239,1,0.562,0.662,0.112,0.115,0.033,0.257,0.128,0.115,0.385,0.399,0.345
Ivory Coast,1966,0.134,0.084,1,0.154,1,0.562,0.662,0.112,0.115,0.033,0.257,0.128,0.115,0.385,0.399,0.345
Ivory Coast,1967,0.134,0.084,1,0.154,1,0.562,0.662,0.112,0.115,0.033,0.257,0.128,0.115,0.385,0.399,0.345
Ivory Coast,1968,0.134,0.084,1,0.154,1,0.562,0.662,0.112,0.115,0.033,0.257,0.128,0.115,0.385,0.399,0.345
Ivory Coast,1969,0.134,0.084,1,0.154,1,0.562,0.662,0.112,0.115,0.033,0.257,0.128,0.115,0.385,0.399,0.345
Ivory Coast,1970,0.151,0.084,1,0.156,1,0.582,0.662,0.112,0.115,0.033,0.257,0.128,0.115,0.385,0.399,0.345
Ivory Coast,1971,0.151,0.081,1,0.138,1,0.583,0.662,0.112,0.115,0.033,0.257,0.128,0.115,0.385,0.399,0.345
Ivory Coast,1972,0.151,0.081,1,0.138,1,0.583,0.662,0.112,0.115,0.033,0.257,0.128,0.115,0.385,0.399,0.345
Ivory Coast,1973,0.151,0.081,1,0.138,1,0.583,0.662,0.112,0.115,0.033,0.257,0.128,0.115,0.385,0.399,0.345
Ivory Coast,1974,0.151,0.081,1,0.138,1,0.583,0.662,0.112,0.115,0.033,0.257,0.128,0.115,0.385,0.399,0.345
Ivory Coast,1975,0.151,0.081,1,0.137,1,0.583,0.662,0.112,0.115,0.033,0.257,0.128,0.115,0.385,0.399,0.345
Ivory Coast,1976,0.151,0.082,1,0.131,1,0.583,0.662,0.112,0.191,0.033,0.257,0.128,0.115,0.385,0.399,0.345
Ivory Coast,1977,0.151,0.082,1,0.131,1,0.583,0.662,0.112,0.191,0.033,0.257,0.128,0.115,0.385,0.399,0.345
Ivory Coast,1978,0.151,0.082,1,0.131,1,0.583,0.662,0.112,0.191,0.033,0.257,0.128,0.115,0.385,0.399,0.345
Ivory Coast,1979,0.151,0.082,1,0.131,1,0.583,0.662,0.112,0.191,0.033,0.257,0.128,0.115,0.385,0.399,0.345
Ivory Coast,1980,0.151,0.094,1,0.129,1,0.583,0.662,0.112,0.206,0.033,0.891,0.128,0.115,0.502,0.399,0.34
Ivory Coast,1981,0.151,0.095,1,0.125,1,0.583,0.662,0.112,0.206,0.033,0.891,0.128,0.195,0.502,0.408,0.34
Ivory Coast,1982,0.151,0.095,1,0.125,1,0.583,0.662,0.112,0.206,0.033,0.891,0.128,0.195,0.502,0.408,0.34
Ivory Coast,1983,0.151,0.095,1,0.125,1,0.583,0.662,0.112,0.206,0.033,0.891,0.128,0.195,0.502,0.408,0.34
Ivory Coast,1984,0.151,0.095,1,0.125,1,0.583,0.662,0.112,0.206,0.033,0.891,0.128,0.195,0.502,0.408,0.34
Ivory Coast,1985,0.151,0.101,1,0.126,1,0.583,0.662,0.112,0.274,0.033,0.891,0.128,0.195,0.502,0.408,0.34
Ivory Coast,1986,0.151,0.104,1,0.131,1,0.583,0.662,0.112,0.364,0.033,0.891,0.128,0.195,0.502,0.408,0.287
Ivory Coast,1987,0.151,0.104,1,0.131,1,0.583,0.662,0.112,0.364,0.033,0.891,0.128,0.195,0.502,0.408,0.287
Ivory Coast,1988,0.151,0.106,1,0.131,1,0.583,0.662,0.112,0.364,0.033,0.891,0.128,0.195,0.502,0.408,0.287
Ivory Coast,1989,0.152,0.106,1,0.131,1,0.583,0.662,0.112,0.364,0.033,0.891,0.128,0.132,0.502,0.408,0.287
Ivory Coast,1990,0.528,0.584,1,0.152,1,0.634,0.644,0.145,0.509,0.033,0.932,0.211,0.233,0.564,0.616,0.253
Ivory Coast,1991,0.527,0.623,1,0.145,1,0.644,0.644,0.159,0.547,0.033,0.906,0.211,0.259,0.574,0.616,0.265
Ivory Coast,1992,0.527,0.623,1,0.145,1,0.639,0.66,0.159,0.547,0.033,0.906,0.211,0.259,0.574,0.616,0.265
Ivory Coast,1993,0.565,0.701,1,0.145,1,0.63,0.675,0.189,0.584,0.033,0.906,0.151,0.258,0.559,0.614,0.265
Ivory Coast,1994,0.707,0.739,1,0.145,0,0.628,0.675,0.241,0.65,0.033,0.906,0.151,0.384,0.531,0.692,0.265
Ivory Coast,1995,0.7,0.744,1,0.159,1,0.628,0.668,0.241,0.669,0.033,0.906,0.151,0.384,0.531,0.692,0.265
Ivory Coast,1996,0.7,0.748,1,0.249,1,0.657,0.669,0.241,0.669,0.033,0.906,0.199,0.502,0.531,0.692,0.265
Ivory Coast,1997,0.707,0.748,1,0.249,1,0.662,0.669,0.241,0.669,0.033,0.906,0.199,0.502,0.531,0.692,0.265
Ivory Coast,1998,0.707,0.721,1,0.249,1,0.682,0.678,0.241,0.669,0.033,0.906,0.199,0.502,0.531,0.692,0.265
Ivory Coast,1999,0.699,0.722,1,0.243,0,0.681,0.696,0.289,0.691,0.033,0.822,0.199,0.464,0.52,0.713,0.257
Ivory Coast,2000,0.771,0.763,1,0.059,0.5,0.694,0.686,0.427,0.771,0.213,0.961,0.253,0.588,0.579,0.757,0.242
Ivory Coast,2001,0.771,0.818,1,0.314,1,0.679,0.686,0.434,0.771,0.213,0.873,0.319,0.581,0.579,0.757,0.281
Ivory Coast,2002,0.742,0.81,1,0.314,1,0.692,0.674,0.434,0.711,0.213,0.779,0.623,0.671,0.623,0.757,0.265
Ivory Coast,2003,0.742,0.796,1,0.314,1,0.695,0.674,0.434,0.711,0.213,0.779,0.623,0.751,0.619,0.784,0.265
Ivory Coast,2004,0.754,0.8,1,0.314,1,0.694,0.674,0.434,0.712,0.213,0.779,0.623,0.751,0.619,0.786,0.265
Ivory Coast,2005,0.711,0.784,1,0.314,1,0.705,0.674,0.434,0.712,0.201,0.921,0.623,0.751,0.619,0.786,0.265
Ivory Coast,2006,0.71,0.784,1,0.314,1,0.712,0.674,0.443,0.712,0.189,0.872,0.623,0.751,0.619,0.786,0.265
Ivory Coast,2007,0.71,0.8,1,0.314,1,0.711,0.674,0.443,0.712,0.177,0.872,0.623,0.743,0.614,0.786,0.265
Ivory Coast,2008,0.71,0.797,1,0.314,1,0.708,0.674,0.443,0.712,0.165,0.872,0.623,0.761,0.613,0.786,0.265
Ivory Coast,2009,0.71,0.797,1,0.314,1,0.697,0.662,0.439,0.712,0.153,0.872,0.623,0.761,0.625,0.786,0.265
Ivory Coast,2010,0.703,0.781,1,0.35,1,0.684,0.662,0.448,0.712,0.141,0.872,0.623,0.754,0.62,0.786,0.217
Ivory Coast,2011,0.669,0.714,1,0.369,1,0.687,0.686,0.461,0.669,0.129,0.965,0.641,0.81,0.623,0.753,0.27
Ivory Coast,2012,0.699,0.73,1,0.434,1,0.74,0.688,0.461,0.693,0.117,0.943,0.641,0.825,0.642,0.753,0.303
Ivory Coast,2013,0.695,0.709,1,0.453,1,0.827,0.54,0.466,0.729,0.105,0.942,0.698,0.817,0.647,0.729,0.303
Ivory Coast,2014,0.701,0.727,1,0.449,1,0.823,0.54,0.48,0.729,0.093,0.942,0.698,0.819,0.662,0.729,0.303
Ivory Coast,2015,0.693,0.731,1,0.459,1,0.832,0.54,0.48,0.729,0.081,0.942,0.698,0.815,0.65,0.729,0.303
Ivory Coast,2016,0.699,0.781,1,0.565,1,0.821,0.54,0.475,0.712,0.187,0.942,0.698,0.819,0.65,0.729,0.303
Ivory Coast,2017,0.681,0.808,1,0.595,1,0.766,0.489,0.441,0.753,0.175,0.957,0.796,0.873,0.702,0.693,0.415
Ivory Coast,2018,0.689,0.799,1,0.595,1,0.765,0.556,0.415,0.753,0.163,0.957,0.814,0.879,0.679,0.693,0.401
Ivory Coast,2019,0.673,0.798,1,0.595,1,0.758,0.497,0.379,0.768,0.151,0.957,0.814,0.837,0.679,0.693,0.385
Ivory Coast,2020,0.644,0.783,1,0.539,1,0.676,0.448,0.174,0.756,0.151,0.957,0.814,0.813,0.603,0.577,0.28
Ivory Coast,2021,0.652,0.761,1,0.373,1,0.674,0.456,0.207,0.759,0.143,0.957,0.814,0.821,0.671,0.506,0.292
Ivory Coast,2022,0.661,0.763,1,0.388,1,0.679,0.453,0.207,0.783,0.136,0.868,0.814,0.821,0.671,0.557,0.335
Ivory Coast,2023,0.669,0.753,1,0.388,1,0.696,0.437,0.207,0.788,0.128,0.868,0.814,0.821,0.691,0.566,0.352
Ivory Coast,2024,0.667,0.707,1,0.391,1,0.687,0.461,0.289,0.784,0.12,0.868,0.814,0.74,0.67,0.596,0.337
Canada,1950,0.895,0.863,0.95,0.846,1,0.893,0.943,0.869,0.911,0,0.957,0.981,0.859,0.705,0.694,0.594
Canada,1951,0.895,0.863,0.95,0.846,1,0.893,0.943,0.869,0.911,0,0.957,0.981,0.859,0.698,0.777,0.594
Canada,1952,0.895,0.863,0.95,0.846,1,0.893,0.943,0.869,0.911,0,0.957,0.981,0.859,0.698,0.777,0.594
Canada,1953,0.897,0.863,0.95,0.851,1,0.893,0.943,0.869,0.911,0,0.957,0.981,0.859,0.698,0.777,0.594
Canada,1954,0.897,0.861,0.95,0.86,1,0.893,0.943,0.869,0.911,0,0.957,0.981,0.859,0.698,0.777,0.594
Canada,1955,0.897,0.861,0.95,0.86,1,0.893,0.943,0.869,0.911,0,0.957,0.981,0.859,0.698,0.777,0.594
Canada,1956,0.897,0.861,0.95,0.86,1,0.893,0.943,0.869,0.911,0,0.957,0.981,0.859,0.698,0.777,0.594
Canada,1957,0.897,0.863,0.95,0.86,1,0.893,0.943,0.869,0.911,0,0.957,0.981,0.859,0.698,0.717,0.593
Canada,1958,0.897,0.863,0.95,0.86,1,0.893,0.943,0.875,0.911,0,0.957,0.981,0.859,0.698,0.798,0.593
Canada,1959,0.897,0.863,0.95,0.86,1,0.893,0.943,0.869,0.911,0,0.957,0.981,0.859,0.698,0.798,0.593
Canada,1960,0.913,0.896,0.95,0.86,1,0.909,0.943,0.873,0.914,0,0.957,0.981,0.869,0.765,0.798,0.593
Canada,1961,0.915,0.896,1,0.86,1,0.908,0.943,0.873,0.914,0,0.957,0.981,0.897,0.765,0.799,0.659
Canada,1962,0.923,0.894,1,0.877,1,0.908,0.943,0.873,0.914,0,0.957,0.981,0.897,0.765,0.799,0.709
Canada,1963,0.923,0.893,1,0.89,1,0.921,0.943,0.888,0.914,0,0.957,0.981,0.897,0.765,0.829,0.709
Canada,1964,0.923,0.893,1,0.89,1,0.921,0.943,0.888,0.914,0,0.957,0.981,0.897,0.765,0.829,0.709
Canada,1965,0.923,0.893,1,0.89,1,0.92,0.943,0.888,0.929,0,0.957,0.981,0.897,0.765,0.829,0.704
Canada,1966,0.923,0.891,1,0.89,1,0.928,0.943,0.888,0.929,0,0.957,0.981,0.897,0.765,0.829,0.845
Canada,1967,0.923,0.891,1,0.89,1,0.928,0.943,0.888,0.929,0,0.957,0.981,0.897,0.765,0.845,0.858
Canada,1968,0.923,0.891,1,0.882,1,0.928,0.943,0.878,0.929,0,0.957,0.981,0.897,0.765,0.845,0.863
Canada,1969,0.923,0.891,1,0.874,1,0.928,0.943,0.878,0.929,0,0.957,0.981,0.897,0.765,0.845,0.863
Canada,1970,0.923,0.892,1,0.897,1,0.933,0.943,0.878,0.929,0,0.957,0.981,0.85,0.765,0.845,0.873
Canada,1971,0.928,0.89,1,0.897,1,0.936,0.943,0.878,0.922,0,0.957,0.981,0.87,0.765,0.845,0.873
Canada,1972,0.928,0.891,1,0.9,1,0.936,0.943,0.878,0.917,0,0.957,0.981,0.87,0.765,0.845,0.873
Canada,1973,0.933,0.893,1,0.91,1,0.935,0.943,0.891,0.921,0,0.957,0.981,0.87,0.765,0.845,0.873
Canada,1974,0.932,0.872,1,0.911,1,0.935,0.943,0.891,0.921,0,0.957,0.981,0.87,0.765,0.845,0.873
Canada,1975,0.932,0.872,1,0.912,1,0.936,0.943,0.873,0.907,0,0.957,0.981,0.87,0.765,0.837,0.873
Canada,1976,0.932,0.872,1,0.912,1,0.946,0.943,0.873,0.907,0,0.957,0.981,0.87,0.765,0.837,0.873
Canada,1977,0.932,0.872,1,0.912,1,0.946,0.943,0.873,0.907,0,0.957,0.981,0.881,0.765,0.837,0.847
Canada,1978,0.932,0.872,1,0.912,1,0.946,0.943,0.873,0.907,0,0.957,0.981,0.881,0.765,0.837,0.847
Canada,1979,0.932,0.873,1,0.918,1,0.946,0.943,0.873,0.907,0,0.957,0.981,0.902,0.765,0.837,0.847
Canada,1980,0.932,0.874,1,0.919,1,0.944,0.943,0.886,0.907,0,0.957,0.981,0.91,0.765,0.851,0.88
Canada,1981,0.932,0.874,1,0.919,1,0.944,0.943,0.875,0.907,0,0.957,0.981,0.91,0.765,0.851,0.88
Canada,1982,0.933,0.874,1,0.919,1,0.947,0.943,0.875,0.907,0,0.957,0.983,0.93,0.765,0.866,0.888
Canada,1983,0.933,0.874,1,0.919,1,0.959,0.943,0.875,0.907,0,0.957,0.983,0.93,0.768,0.866,0.888
Canada,1984,0.933,0.887,1,0.919,1,0.959,0.943,0.875,0.907,0,0.957,0.983,0.926,0.768,0.879,0.886
Canada,1985,0.933,0.886,1,0.919,1,0.959,0.943,0.875,0.907,0,0.957,0.983,0.905,0.768,0.86,0.918
Canada,1986,0.933,0.886,1,0.919,1,0.959,0.943,0.875,0.907,0,0.957,0.983,0.905,0.768,0.86,0.915
Canada,1987,0.933,0.886,1,0.919,1,0.959,0.943,0.875,0.907,0,0.957,0.983,0.905,0.768,0.86,0.915
Canada,1988,0.933,0.885,1,0.918,1,0.959,0.943,0.875,0.907,0,0.957,0.983,0.905,0.768,0.86,0.915
Canada,1989,0.933,0.884,1,0.917,1,0.959,0.903,0.875,0.907,0,0.957,0.983,0.904,0.768,0.86,0.915
Canada,1990,0.933,0.884,1,0.917,1,0.959,0.934,0.875,0.907,0,0.957,0.983,0.904,0.768,0.86,0.915
Canada,1991,0.933,0.884,1,0.917,1,0.959,0.934,0.875,0.907,0,0.957,0.983,0.904,0.768,0.86,0.915
Canada,1992,0.929,0.884,1,0.917,1,0.959,0.934,0.875,0.907,0.135,0.957,0.983,0.904,0.765,0.86,0.915
Canada,1993,0.925,0.884,1,0.921,1,0.959,0.934,0.875,0.908,0.135,0.957,0.983,0.904,0.765,0.86,0.915
Canada,1994,0.925,0.886,1,0.935,1,0.959,0.934,0.875,0.908,0.135,0.957,0.983,0.904,0.765,0.885,0.915
Canada,1995,0.925,0.886,1,0.935,1,0.959,0.934,0.875,0.908,0.135,0.957,0.983,0.904,0.765,0.885,0.915
Canada,1996,0.933,0.886,1,0.935,1,0.959,0.934,0.875,0.908,0.135,0.957,0.983,0.904,0.765,0.885,0.915
Canada,1997,0.933,0.886,1,0.93,1,0.961,0.934,0.875,0.885,0.12,0.957,0.983,0.914,0.765,0.885,0.915
Canada,1998,0.933,0.886,1,0.926,1,0.961,0.934,0.875,0.885,0.105,0.957,0.983,0.914,0.765,0.871,0.915
Canada,1999,0.933,0.886,1,0.926,1,0.961,0.934,0.875,0.885,0.09,0.957,0.983,0.914,0.765,0.871,0.915
Canada,2000,0.933,0.886,1,0.927,1,0.961,0.934,0.875,0.885,0.075,0.957,0.983,0.906,0.765,0.871,0.915
Canada,2001,0.933,0.867,1,0.937,1,0.961,0.934,0.875,0.885,0.06,0.957,0.983,0.906,0.765,0.871,0.915
Canada,2002,0.933,0.853,1,0.937,1,0.961,0.934,0.875,0.885,0.045,0.957,0.983,0.906,0.765,0.871,0.915
Canada,2003,0.933,0.853,1,0.937,1,0.961,0.934,0.875,0.885,0.03,0.957,0.983,0.906,0.765,0.871,0.915
Canada,2004,0.933,0.854,1,0.934,1,0.961,0.934,0.9,0.885,0.015,0.957,0.983,0.908,0.765,0.871,0.915
Canada,2005,0.933,0.855,1,0.932,1,0.961,0.934,0.9,0.885,0.015,0.957,0.983,0.908,0.765,0.857,0.915
Canada,2006,0.932,0.858,1,0.939,1,0.961,0.934,0.905,0.864,0.015,0.957,0.983,0.883,0.765,0.857,0.915
Canada,2007,0.936,0.858,1,0.94,1,0.961,0.934,0.905,0.864,0.015,0.957,0.983,0.842,0.765,0.852,0.915
Canada,2008,0.932,0.857,1,0.938,1,0.961,0.934,0.905,0.864,0.015,0.957,0.983,0.842,0.765,0.852,0.915
Canada,2009,0.937,0.855,1,0.938,1,0.961,0.934,0.905,0.864,0.015,0.957,0.983,0.842,0.765,0.852,0.915
Canada,2010,0.937,0.855,1,0.938,1,0.961,0.929,0.912,0.864,0.015,0.957,0.983,0.845,0.768,0.852,0.915
Canada,2011,0.934,0.855,1,0.91,1,0.961,0.929,0.905,0.864,0.015,0.957,0.983,0.854,0.768,0.829,0.915
Canada,2012,0.94,0.855,1,0.896,1,0.963,0.929,0.905,0.864,0.015,0.957,0.983,0.854,0.768,0.829,0.915
Canada,2013,0.944,0.862,1,0.895,1,0.968,0.921,0.906,0.86,0.015,0.943,0.944,0.858,0.777,0.854,0.875
Canada,2014,0.942,0.862,1,0.893,1,0.968,0.928,0.906,0.86,0.015,0.943,0.944,0.858,0.777,0.854,0.875
Canada,2015,0.931,0.863,1,0.902,1,0.967,0.928,0.904,0.871,0.015,0.943,0.984,0.858,0.767,0.852,0.851
Canada,2016,0.932,0.865,1,0.939,1,0.968,0.928,0.906,0.886,0.015,0.943,0.984,0.902,0.762,0.863,0.857
Canada,2017,0.939,0.865,1,0.939,1,0.963,0.927,0.903,0.915,0.015,0.943,0.919,0.894,0.786,0.853,0.899
Canada,2018,0.94,0.865,1,0.939,1,0.961,0.931,0.892,0.915,0.015,0.943,0.974,0.894,0.797,0.853,0.901
Canada,2019,0.944,0.878,1,0.943,1,0.946,0.943,0.847,0.915,0.015,0.943,0.974,0.894,0.741,0.875,0.901
Canada,2020,0.94,0.868,1,0.954,1,0.94,0.906,0.825,0.915,0.015,0.943,0.974,0.84,0.761,0.885,0.896
Canada,2021,0.939,0.868,1,0.949,1,0.948,0.911,0.854,0.915,0.015,0.943,0.974,0.77,0.74,0.881,0.896
Canada,2022,0.952,0.868,1,0.937,1,0.919,0.887,0.871,0.915,0.015,0.943,0.974,0.761,0.48,0.845,0.862
Canada,2023,0.953,0.868,1,0.937,1,0.919,0.887,0.853,0.915,0.015,0.943,0.974,0.753,0.48,0.845,0.816
Canada,2024,0.943,0.868,1,0.937,1,0.913,0.917,0.853,0.915,0.015,0.943,0.974,0.753,0.48,0.845,0.816
Australia,1950,0.894,0.863,0.98,0.935,1,0.966,0.989,0.901,0.854,0.182,0.995,0.953,0.901,0.64,0.719,0.835
Australia,1951,0.899,0.865,0.98,0.922,1,0.966,0.989,0.901,0.854,0.165,0.995,0.953,0.901,0.64,0.719,0.835
Australia,1952,0.899,0.886,0.98,0.916,1,0.966,0.989,0.901,0.854,0.165,0.995,0.953,0.901,0.64,0.719,0.835
Australia,1953,0.899,0.903,0.98,0.916,1,0.966,0.989,0.901,0.854,0.165,0.995,0.953,0.901,0.64,0.719,0.835
Australia,1954,0.899,0.905,0.98,0.926,1,0.966,0.989,0.901,0.854,0.165,0.995,0.953,0.901,0.64,0.719,0.835
Australia,1955,0.899,0.905,0.98,0.933,1,0.966,0.989,0.901,0.854,0.165,0.995,0.953,0.901,0.64,0.719,0.836
Australia,1956,0.91,0.906,0.98,0.933,1,0.966,0.989,0.901,0.854,0.149,0.995,0.953,0.901,0.64,0.719,0.836
Australia,1957,0.91,0.906,0.98,0.933,1,0.967,0.989,0.901,0.854,0.132,0.995,0.953,0.901,0.64,0.719,0.836
Australia,1958,0.91,0.906,0.98,0.933,1,0.967,0.989,0.901,0.854,0.115,0.995,0.953,0.901,0.64,0.719,0.836
Australia,1959,0.91,0.907,0.98,0.932,1,0.967,0.989,0.901,0.854,0.098,0.995,0.953,0.901,0.64,0.719,0.836
Australia,1960,0.91,0.907,0.98,0.932,1,0.967,0.989,0.901,0.854,0.082,0.995,0.953,0.905,0.819,0.719,0.847
Australia,1961,0.91,0.907,0.98,0.932,1,0.967,0.989,0.901,0.854,0.065,0.995,0.953,0.905,0.819,0.719,0.847
Australia,1962,0.91,0.907,0.98,0.931,1,0.967,0.989,0.901,0.854,0.048,0.995,0.953,0.905,0.819,0.719,0.847
Australia,1963,0.91,0.906,1,0.932,1,0.967,0.989,0.901,0.854,0.032,0.995,0.953,0.905,0.819,0.719,0.847
Australia,1964,0.91,0.901,1,0.934,1,0.967,0.989,0.901,0.854,0.032,0.995,0.953,0.905,0.819,0.719,0.847
Australia,1965,0.91,0.901,1,0.934,1,0.967,0.989,0.901,0.854,0.032,0.995,0.953,0.905,0.819,0.719,0.847
Australia,1966,0.91,0.901,1,0.934,1,0.967,0.989,0.901,0.865,0.032,0.995,0.953,0.905,0.819,0.772,0.847
Australia,1967,0.926,0.899,1,0.934,1,0.967,0.989,0.901,0.865,0.182,0.995,0.953,0.905,0.857,0.772,0.847
Australia,1968,0.926,0.899,1,0.934,1,0.972,0.989,0.901,0.865,0.182,0.995,0.953,0.905,0.863,0.772,0.847
Australia,1969,0.926,0.9,1,0.934,1,0.972,0.989,0.901,0.865,0.182,0.995,0.953,0.905,0.863,0.772,0.847
Australia,1970,0.943,0.904,1,0.933,1,0.976,0.989,0.901,0.877,0.182,0.995,0.953,0.905,0.908,0.803,0.847
Australia,1971,0.943,0.904,1,0.933,1,0.976,0.989,0.901,0.877,0.182,0.995,0.953,0.905,0.908,0.803,0.847
Australia,1972,0.945,0.904,1,0.933,1,0.978,0.989,0.901,0.912,0.172,0.995,0.953,0.921,0.908,0.803,0.863
Australia,1973,0.954,0.906,1,0.944,1,0.978,0.989,0.901,0.912,0.165,0.995,0.953,0.921,0.915,0.785,0.864
Australia,1974,0.954,0.905,1,0.939,1,0.978,0.989,0.901,0.912,0.165,0.995,0.953,0.921,0.915,0.802,0.888
Australia,1975,0.954,0.904,1,0.935,1,0.981,0.989,0.901,0.912,0.165,0.995,0.953,0.921,0.915,0.802,0.905
Australia,1976,0.951,0.907,1,0.93,1,0.981,0.989,0.926,0.914,0.165,0.995,0.953,0.921,0.915,0.802,0.897
Australia,1977,0.951,0.907,1,0.931,1,0.981,0.989,0.926,0.914,0.317,0.995,0.953,0.921,0.915,0.802,0.897
Australia,1978,0.951,0.906,1,0.937,1,0.981,0.989,0.926,0.914,0.317,0.995,0.953,0.921,0.915,0.802,0.897
Australia,1979,0.951,0.906,1,0.937,1,0.981,0.989,0.926,0.914,0.317,0.995,0.953,0.921,0.915,0.802,0.897
Australia,1980,0.963,0.906,1,0.938,1,0.98,0.989,0.943,0.914,0.317,0.995,0.953,0.921,0.915,0.802,0.928
Australia,1981,0.963,0.906,1,0.941,1,0.98,0.989,0.943,0.914,0.317,0.976,0.953,0.921,0.915,0.802,0.928
Australia,1982,0.963,0.906,1,0.941,1,0.98,0.989,0.943,0.914,0.298,0.976,0.953,0.921,0.915,0.802,0.928
Australia,1983,0.963,0.904,1,0.94,1,0.98,0.989,0.943,0.918,0.279,0.976,0.953,0.921,0.915,0.816,0.928
Australia,1984,0.963,0.904,1,0.951,1,0.98,0.989,0.943,0.918,0.273,0.976,0.953,0.921,0.921,0.816,0.946
Australia,1985,0.963,0.906,1,0.954,1,0.98,0.989,0.943,0.918,0.264,0.976,0.953,0.921,0.934,0.816,0.946
Australia,1986,0.963,0.906,1,0.954,1,0.98,0.989,0.943,0.929,0.255,0.976,0.953,0.921,0.934,0.816,0.946
Australia,1987,0.963,0.905,1,0.954,1,0.98,0.989,0.943,0.929,0.246,0.976,0.953,0.921,0.934,0.816,0.946
Australia,1988,0.963,0.904,1,0.955,1,0.98,0.989,0.943,0.929,0.237,0.976,0.953,0.921,0.934,0.816,0.946
Australia,1989,0.963,0.904,1,0.955,1,0.98,0.989,0.943,0.929,0.228,0.976,0.953,0.921,0.934,0.816,0.946
Australia,1990,0.964,0.91,1,0.956,1,0.98,0.989,0.943,0.929,0.219,0.976,0.953,0.921,0.924,0.857,0.946
Australia,1991,0.964,0.91,1,0.956,1,0.98,0.989,0.943,0.929,0.21,0.976,0.953,0.906,0.924,0.857,0.946
Australia,1992,0.964,0.91,1,0.956,1,0.98,0.989,0.943,0.929,0.201,0.989,0.953,0.906,0.924,0.857,0.946
Australia,1993,0.964,0.911,1,0.956,1,0.98,0.989,0.943,0.929,0.176,0.989,0.953,0.906,0.924,0.857,0.946
Australia,1994,0.964,0.911,1,0.955,1,0.98,0.989,0.943,0.929,0.15,0.989,0.953,0.906,0.924,0.857,0.946
Australia,1995,0.964,0.911,1,0.955,1,0.98,0.989,0.943,0.929,0.124,0.989,0.953,0.906,0.924,0.857,0.946
Australia,1996,0.964,0.911,1,0.956,1,0.98,0.989,0.943,0.867,0.098,0.989,0.953,0.906,0.924,0.857,0.946
Australia,1997,0.964,0.9,1,0.956,1,0.98,0.989,0.943,0.853,0.082,0.989,0.953,0.906,0.924,0.857,0.946
Australia,1998,0.964,0.9,1,0.956,1,0.98,0.989,0.943,0.853,0.065,0.989,0.953,0.906,0.924,0.857,0.946
Australia,1999,0.964,0.9,1,0.955,1,0.98,0.989,0.943,0.853,0.165,0.989,0.953,0.906,0.924,0.857,0.946
Australia,2000,0.964,0.904,1,0.955,1,0.981,0.989,0.943,0.853,0.165,0.989,0.953,0.906,0.924,0.857,0.946
Australia,2001,0.964,0.901,1,0.954,1,0.981,0.989,0.943,0.853,0.165,0.989,0.953,0.906,0.924,0.857,0.946
Australia,2002,0.965,0.897,1,0.951,1,0.981,0.989,0.943,0.853,0.165,0.989,0.953,0.906,0.924,0.857,0.946
Australia,2003,0.965,0.897,1,0.951,1,0.981,0.989,0.943,0.853,0.165,0.989,0.953,0.906,0.924,0.857,0.946
Australia,2004,0.965,0.897,1,0.951,1,0.981,0.989,0.943,0.853,0.149,0.989,0.953,0.922,0.924,0.857,0.946
Australia,2005,0.965,0.898,1,0.95,1,0.981,0.989,0.943,0.853,0.132,0.989,0.953,0.922,0.924,0.857,0.946
Australia,2006,0.965,0.898,1,0.95,1,0.981,0.989,0.943,0.853,0.115,0.989,0.953,0.922,0.924,0.857,0.946
Australia,2007,0.966,0.898,1,0.952,1,0.981,0.989,0.943,0.872,0.098,0.989,0.953,0.936,0.924,0.857,0.946
Australia,2008,0.966,0.898,1,0.963,1,0.981,0.989,0.949,0.912,0.082,0.989,0.953,0.936,0.924,0.857,0.949
Australia,2009,0.966,0.898,1,0.963,1,0.981,0.989,0.949,0.912,0.065,0.989,0.953,0.936,0.924,0.857,0.949
Australia,2010,0.966,0.907,1,0.972,1,0.981,0.991,0.949,0.912,0.048,0.989,0.953,0.928,0.907,0.85,0.95
Australia,2011,0.965,0.906,1,0.978,1,0.981,0.991,0.949,0.912,0.032,0.989,0.953,0.928,0.907,0.85,0.95
Australia,2012,0.965,0.906,1,0.978,1,0.979,0.991,0.949,0.912,0.032,0.989,0.953,0.928,0.907,0.85,0.95
Australia,2013,0.947,0.874,1,0.964,1,0.976,0.982,0.965,0.86,0.032,0.996,0.953,0.929,0.93,0.847,0.898
Australia,2014,0.947,0.875,1,0.954,1,0.975,0.982,0.965,0.86,0.032,0.996,0.953,0.926,0.939,0.847,0.892
Australia,2015,0.951,0.888,1,0.954,1,0.974,0.982,0.965,0.86,0.032,0.996,0.953,0.926,0.935,0.842,0.866
Australia,2016,0.951,0.888,1,0.96,1,0.974,0.986,0.965,0.86,0.032,0.996,0.953,0.93,0.935,0.842,0.869
Australia,2017,0.941,0.888,1,0.966,1,0.967,0.986,0.96,0.86,0.167,0.996,0.953,0.93,0.939,0.837,0.864
Australia,2018,0.924,0.888,1,0.966,1,0.967,0.985,0.96,0.86,0.167,0.996,0.953,0.93,0.939,0.837,0.864
Australia,2019,0.892,0.868,1,0.955,1,0.966,0.985,0.96,0.842,0.167,0.996,0.953,0.919,0.939,0.826,0.864
Australia,2020,0.924,0.882,1,0.943,1,0.957,0.988,0.96,0.854,0.167,0.996,0.953,0.914,0.869,0.843,0.866
Australia,2021,0.906,0.885,1,0.943,1,0.954,0.988,0.96,0.843,0.167,0.996,0.953,0.914,0.869,0.85,0.847
Australia,2022,0.924,0.882,1,0.955,1,0.958,0.988,0.937,0.845,0.158,0.996,0.953,0.921,0.869,0.85,0.86
Australia,2023,0.934,0.875,1,0.962,1,0.958,0.988,0.937,0.832,0.282,0.996,0.953,0.921,0.869,0.85,0.86
Australia,2024,0.94,0.875,1,0.962,1,0.958,0.988,0.937,0.83,0.273,0.996,0.953,0.928,0.869,0.85,0.86
Burundi,1950,0.086,0.086,0,0,0,0.077,0.508,0.079,0.38,0,0.298,0.237,0.02,0.203,0.099,0.082
Burundi,1951,0.086,0.086,0,0,0,0.077,0.525,0.079,0.38,0,0.298,0.237,0.02,0.203,0.099,0.082
Burundi,1952,0.086,0.086,0,0,0,0.077,0.525,0.079,0.38,0,0.298,0.237,0.02,0.203,0.099,0.082
Burundi,1953,0.086,0.086,0.25,0,0,0.077,0.525,0.079,0.384,0,0.298,0.237,0.02,0.203,0.099,0.082
Burundi,1954,0.086,0.086,0.25,0,0,0.077,0.525,0.079,0.384,0,0.298,0.237,0.02,0.203,0.099,0.082
Burundi,1955,0.086,0.086,0.25,0,0,0.077,0.525,0.079,0.384,0,0.298,0.237,0.02,0.203,0.099,0.082
Burundi,1956,0.086,0.086,0.25,0,0,0.077,0.525,0.079,0.384,0,0.298,0.237,0.02,0.203,0.099,0.082
Burundi,1957,0.086,0.132,0.25,0,0,0.077,0.525,0.079,0.303,0,0.298,0.237,0.02,0.203,0.099,0.082
Burundi,1958,0.086,0.197,0.25,0,0,0.077,0.525,0.079,0.278,0,0.298,0.237,0.037,0.203,0.099,0.082
Burundi,1959,0.1,0.271,0.25,0,0,0.079,0.525,0.079,0.302,0,0.298,0.237,0.037,0.203,0.111,0.082
Burundi,1960,0.1,0.259,1,0,0,0.082,0.525,0.079,0.302,0,0.298,0.237,0.062,0.203,0.111,0.096
Burundi,1961,0.1,0.289,1,0.111,0,0.082,0.514,0.489,0.302,0,0.298,0.237,0.183,0.203,0.144,0.096
Burundi,1962,0.208,0.332,1,0.448,0,0.18,0.611,0.408,0.298,0,0.199,0.237,0.209,0.273,0.19,0.096
Burundi,1963,0.214,0.384,1,0.427,0,0.22,0.593,0.408,0.298,0,0.199,0.237,0.224,0.273,0.39,0.122
Burundi,1964,0.214,0.384,1,0.427,0,0.22,0.57,0.408,0.298,0,0.199,0.237,0.224,0.273,0.39,0.122
Burundi,1965,0.221,0.346,1,0.355,0,0.22,0.57,0.408,0.298,0,0.199,0.107,0.224,0.273,0.39,0.122
Burundi,1966,0.109,0.107,1,0.258,0,0.225,0.479,0.365,0.392,0,0.199,0.107,0.221,0.273,0.372,0.133
Burundi,1967,0.103,0.074,1,0,0,0.215,0.479,0.074,0.392,0,0.199,0.107,0.225,0.351,0.44,0.146
Burundi,1968,0.103,0.074,1,0,0,0.215,0.479,0.074,0.392,0,0.199,0.107,0.225,0.351,0.44,0.146
Burundi,1969,0.103,0.062,1,0,0,0.215,0.479,0.074,0.392,0,0.199,0.107,0.225,0.351,0.44,0.146
Burundi,1970,0.103,0.057,1,0,0,0.241,0.479,0.074,0.392,0,0.199,0.107,0.264,0.351,0.44,0.146
Burundi,1971,0.103,0.057,1,0,0,0.233,0.479,0.074,0.392,0,0.199,0.107,0.264,0.351,0.44,0.146
Burundi,1972,0.103,0.057,1,0,0,0.217,0.479,0.074,0.392,0,0.199,0.107,0.264,0.351,0.389,0.146
Burundi,1973,0.103,0.057,1,0,0,0.217,0.479,0.074,0.392,0,0.199,0.107,0.264,0.351,0.389,0.146
Burundi,1974,0.103,0.057,1,0,0,0.228,0.479,0.074,0.392,0,0.199,0.107,0.264,0.351,0.389,0.146
Burundi,1975,0.103,0.057,1,0,0,0.25,0.479,0.074,0.392,0,0.199,0.107,0.264,0.351,0.389,0.175
Burundi,1976,0.077,0.057,1,0,0,0.331,0.506,0.074,0.392,0,0.199,0.107,0.287,0.351,0.416,0.184
Burundi,1977,0.089,0.057,1,0,0,0.354,0.506,0.074,0.392,0,0.199,0.107,0.556,0.351,0.405,0.32
Burundi,1978,0.089,0.057,1,0,0,0.354,0.538,0.074,0.392,0,0.199,0.107,0.556,0.401,0.405,0.32
Burundi,1979,0.094,0.057,1,0,0,0.354,0.538,0.074,0.392,0,0.199,0.107,0.556,0.401,0.405,0.32
Burundi,1980,0.104,0.062,1,0,0,0.363,0.538,0.074,0.392,0,0.199,0.107,0.556,0.405,0.405,0.38
Burundi,1981,0.104,0.062,1,0.05,0,0.363,0.538,0.275,0.392,0.1,0.199,0.107,0.556,0.405,0.405,0.38
Burundi,1982,0.104,0.065,1,0.413,0,0.363,0.538,0.39,0.392,0,0.308,0.034,0.556,0.405,0.405,0.38
Burundi,1983,0.109,0.065,1,0.408,0,0.373,0.538,0.297,0.392,0,0.308,0.034,0.556,0.405,0.405,0.38
Burundi,1984,0.109,0.065,1,0.402,0.9,0.373,0.538,0.297,0.392,0,0.308,0.034,0.556,0.405,0.438,0.38
Burundi,1985,0.119,0.064,1,0.389,0.9,0.373,0.538,0.297,0.392,0,0.308,0.034,0.556,0.405,0.438,0.38
Burundi,1986,0.119,0.064,1,0.389,0.9,0.383,0.538,0.297,0.392,0,0.308,0.034,0.556,0.405,0.438,0.38
Burundi,1987,0.129,0.064,1,0.261,0,0.406,0.529,0.379,0.392,0,0.308,0.034,0.556,0.405,0.438,0.38
Burundi,1988,0.133,0.064,1,0,0,0.411,0.504,0.434,0.392,0,0.308,0.034,0.613,0.405,0.484,0.422
Burundi,1989,0.138,0.064,1,0,0,0.411,0.504,0.434,0.392,0,0.308,0.034,0.709,0.405,0.484,0.422
Burundi,1990,0.142,0.064,1,0,0,0.424,0.504,0.434,0.392,0,0.308,0.034,0.709,0.405,0.484,0.462
Burundi,1991,0.142,0.063,1,0,0,0.399,0.504,0.434,0.44,0.1,0.308,0.034,0.709,0.405,0.484,0.462
Burundi,1992,0.451,0.364,1,0,0,0.396,0.526,0.434,0.611,0.213,0.308,0.034,0.784,0.405,0.484,0.462
Burundi,1993,0.55,0.563,1,0.232,0,0.358,0.57,0.451,0.727,0.213,0.277,0.245,0.783,0.405,0.725,0.359
Burundi,1994,0.566,0.456,1,0,1,0.348,0.577,0.467,0.727,0.213,0.277,0.245,0.732,0.505,0.754,0.355
Burundi,1995,0.566,0.456,1,0,1,0.348,0.577,0.438,0.727,0.213,0.277,0.245,0.732,0.505,0.754,0.355
Burundi,1996,0.552,0.456,1,0,0,0.348,0.577,0.438,0.727,0.213,0.277,0.245,0.718,0.517,0.745,0.355
Burundi,1997,0.538,0.456,1,0,0,0.348,0.577,0.438,0.727,0.201,0.277,0.245,0.655,0.517,0.745,0.355
Burundi,1998,0.508,0.456,1,0,0,0.348,0.577,0.438,0.727,0.189,0.277,0.245,0.672,0.517,0.745,0.355
Burundi,1999,0.527,0.456,1,0,0,0.349,0.577,0.438,0.727,0.177,0.277,0.245,0.672,0.517,0.745,0.355
Burundi,2000,0.523,0.456,1,0,0,0.351,0.577,0.431,0.727,0.165,0.277,0.245,0.712,0.517,0.741,0.355
Burundi,2001,0.542,0.456,1,0,0,0.364,0.577,0.431,0.727,0.153,0.277,0.245,0.754,0.517,0.741,0.355
Burundi,2002,0.614,0.503,1,0,0,0.335,0.577,0.423,0.727,0.141,0.447,0.245,0.754,0.517,0.741,0.355
Burundi,2003,0.669,0.503,1,0,0,0.335,0.577,0.423,0.749,0.129,0.447,0.245,0.754,0.517,0.741,0.355
Burundi,2004,0.669,0.499,1,0,0,0.345,0.577,0.423,0.749,0.117,0.447,0.245,0.763,0.517,0.741,0.355
Burundi,2005,0.672,0.537,1,0.261,0.925,0.342,0.238,0.402,0.68,0.213,0.855,0.145,0.603,0.517,0.663,0.32
Burundi,2006,0.65,0.585,1,0.482,0.925,0.323,0.238,0.402,0.685,0.213,0.855,0.145,0.579,0.517,0.665,0.32
Burundi,2007,0.646,0.571,1,0.482,0.925,0.311,0.238,0.402,0.71,0.213,0.855,0.145,0.579,0.517,0.665,0.32
Burundi,2008,0.647,0.556,1,0.471,0.925,0.309,0.226,0.402,0.71,0.213,0.855,0.145,0.579,0.517,0.665,0.32
Burundi,2009,0.636,0.536,1,0.471,0.925,0.304,0.236,0.402,0.692,0.213,0.855,0.145,0.579,0.517,0.665,0.32
Burundi,2010,0.552,0.436,1,0.325,0.963,0.285,0.218,0.398,0.651,0.201,0.762,0.158,0.526,0.499,0.657,0.32
Burundi,2011,0.571,0.409,1,0.167,0.963,0.295,0.218,0.398,0.651,0.189,0.762,0.158,0.515,0.509,0.652,0.32
Burundi,2012,0.571,0.409,1,0.167,0.963,0.295,0.217,0.398,0.651,0.177,0.762,0.158,0.515,0.509,0.652,0.32
Burundi,2013,0.561,0.392,1,0.158,0.963,0.24,0.103,0.345,0.67,0.165,0.758,0.122,0.36,0.38,0.537,0.275
Burundi,2014,0.537,0.368,1,0.153,0.963,0.203,0.103,0.327,0.653,0.153,0.758,0.122,0.353,0.38,0.537,0.275
Burundi,2015,0.213,0.267,1,0.081,0.958,0.13,0.088,0.201,0.543,0.141,0.878,0.094,0.255,0.322,0.525,0.255
Burundi,2016,0.123,0.171,1,0.028,0.958,0.099,0.062,0.149,0.423,0.129,0.789,0.042,0.093,0.327,0.54,0.182
Burundi,2017,0.087,0.146,1,0.027,0.958,0.128,0.056,0.147,0.431,0.117,0.789,0.042,0.093,0.407,0.432,0.182
Burundi,2018,0.089,0.145,1,0.027,0.958,0.103,0.053,0.148,0.431,0.223,0.789,0.042,0.145,0.315,0.432,0.176
Burundi,2019,0.1,0.145,1,0.027,0.958,0.145,0.074,0.178,0.431,0.211,0.789,0.042,0.109,0.312,0.565,0.176
Burundi,2020,0.114,0.193,1,0.056,0.906,0.174,0.061,0.127,0.367,0.199,0.066,0.042,0.177,0.294,0.562,0.117
Burundi,2021,0.152,0.242,1,0.072,0.906,0.205,0.133,0.204,0.295,0.187,0.066,0.042,0.241,0.312,0.552,0.152
Burundi,2022,0.231,0.227,1,0.075,0.906,0.293,0.127,0.206,0.23,0.175,0.066,0.042,0.202,0.225,0.559,0.158
Burundi,2023,0.219,0.216,1,0.075,0.906,0.254,0.064,0.124,0.217,0.155,0.066,0.036,0.136,0.228,0.534,0.134
Burundi,2024,0.166,0.176,1,0.071,0.906,0.263,0.074,0.223,0.217,0.136,0.593,0.036,0.132,0.209,0.457,0.086
Cape Verde,1950,0.074,0.085,0,0,0,0.098,0.271,0.728,0.131,0,0.016,0,0.055,0.048,0.194,0.107
Cape Verde,1951,0.074,0.085,0,0,0,0.098,0.271,0.728,0.131,0,0.037,0,0.055,0.048,0.194,0.107
Cape Verde,1952,0.074,0.085,0,0,0,0.098,0.271,0.728,0.131,0,0.037,0,0.055,0.048,0.194,0.107
Cape Verde,1953,0.074,0.085,0,0,0,0.098,0.271,0.728,0.131,0,0.037,0,0.055,0.048,0.194,0.107
Cape Verde,1954,0.074,0.085,0,0,0,0.098,0.271,0.728,0.131,0,0.037,0,0.055,0.048,0.194,0.107
Cape Verde,1955,0.074,0.085,0,0,0,0.098,0.271,0.728,0.131,0,0.037,0,0.055,0.048,0.194,0.107
Cape Verde,1956,0.074,0.085,0,0,0,0.098,0.271,0.728,0.131,0,0.037,0,0.055,0.048,0.194,0.107
Cape Verde,1957,0.074,0.085,0,0,0,0.098,0.271,0.728,0.131,0,0.037,0,0.055,0.048,0.194,0.107
Cape Verde,1958,0.074,0.085,0,0,0,0.098,0.271,0.728,0.131,0,0.037,0,0.055,0.048,0.194,0.107
Cape Verde,1959,0.074,0.085,0,0,0,0.098,0.271,0.728,0.131,0,0.037,0,0.055,0.048,0.194,0.107
Cape Verde,1960,0.074,0.085,0,0,0,0.098,0.271,0.728,0.131,0,0.037,0,0.055,0.048,0.194,0.107
Cape Verde,1961,0.074,0.085,0,0,0,0.098,0.271,0.728,0.131,0,0.037,0,0.055,0.048,0.194,0.107
Cape Verde,1962,0.074,0.085,0,0,0,0.098,0.271,0.728,0.131,0,0.037,0,0.055,0.048,0.194,0.107
Cape Verde,1963,0.074,0.085,0,0,0,0.098,0.271,0.728,0.131,0,0.037,0,0.055,0.048,0.194,0.107
Cape Verde,1964,0.074,0.085,0,0,0,0.098,0.271,0.728,0.131,0,0.037,0,0.055,0.048,0.194,0.107
Cape Verde,1965,0.074,0.085,0,0,0,0.098,0.271,0.728,0.131,0,0.037,0,0.055,0.048,0.194,0.107
Cape Verde,1966,0.074,0.085,0,0,0,0.098,0.271,0.728,0.131,0,0.037,0,0.055,0.048,0.194,0.107
Cape Verde,1967,0.074,0.085,0,0,0,0.098,0.271,0.728,0.131,0,0.037,0,0.055,0.048,0.194,0.107
Cape Verde,1968,0.074,0.085,0,0,0,0.098,0.271,0.728,0.131,0,0.037,0,0.055,0.048,0.194,0.107
Cape Verde,1969,0.074,0.085,0,0,0,0.098,0.271,0.728,0.131,0,0.037,0,0.055,0.054,0.194,0.107
Cape Verde,1970,0.074,0.085,0,0,0,0.102,0.271,0.728,0.131,0,0.037,0,0.055,0.054,0.194,0.107
Cape Verde,1971,0.074,0.103,0,0,0,0.102,0.271,0.728,0.131,0,0.037,0,0.055,0.05,0.194,0.107
Cape Verde,1972,0.074,0.119,0.2,0,0,0.102,0.271,0.728,0.131,0,0.037,0,0.055,0.05,0.194,0.107
Cape Verde,1973,0.074,0.119,0.2,0,0,0.102,0.271,0.728,0.131,0,0.037,0,0.055,0.05,0.194,0.107
Cape Verde,1974,0.074,0.119,0.2,0,0,0.102,0.292,0.519,0.131,0,0.075,0,0.055,0.05,0.194,0.107
Cape Verde,1975,0.4,0.147,1,0.208,0,0.492,0.719,0.522,0.327,0,0.075,0,0.139,0.168,0.641,0.481
Cape Verde,1976,0.559,0.192,1,0,0,0.751,0.819,0.747,0.482,0,0.075,0,0.564,0.677,0.736,0.686
Cape Verde,1977,0.559,0.192,1,0,0,0.751,0.819,0.747,0.482,0,0.075,0,0.564,0.677,0.736,0.686
Cape Verde,1978,0.559,0.192,1,0,0,0.751,0.819,0.747,0.482,0,0.075,0,0.564,0.677,0.736,0.686
Cape Verde,1979,0.559,0.192,1,0,0,0.751,0.819,0.747,0.482,0,0.075,0,0.564,0.677,0.736,0.686
Cape Verde,1980,0.559,0.193,1,0.03,1,0.764,0.819,0.68,0.482,0,0.075,0,0.564,0.703,0.736,0.686
Cape Verde,1981,0.559,0.211,1,0.437,1,0.764,0.819,0.503,0.482,0,0.075,0,0.564,0.703,0.736,0.686
Cape Verde,1982,0.559,0.211,1,0.437,1,0.764,0.819,0.503,0.482,0,0.075,0,0.564,0.703,0.736,0.686
Cape Verde,1983,0.559,0.211,1,0.437,1,0.764,0.819,0.503,0.482,0,0.075,0,0.564,0.703,0.736,0.686
Cape Verde,1984,0.559,0.211,1,0.437,1,0.78,0.819,0.503,0.482,0,0.075,0,0.564,0.703,0.736,0.686
Cape Verde,1985,0.559,0.211,1,0.441,1,0.78,0.819,0.503,0.482,0,0.075,0,0.564,0.703,0.736,0.686
Cape Verde,1986,0.562,0.218,1,0.486,1,0.78,0.819,0.503,0.482,0,0.075,0,0.564,0.703,0.736,0.677
Cape Verde,1987,0.57,0.218,1,0.486,1,0.789,0.819,0.503,0.482,0,0.075,0,0.564,0.703,0.736,0.677
Cape Verde,1988,0.61,0.218,1,0.486,1,0.834,0.819,0.503,0.482,0,0.075,0,0.657,0.703,0.736,0.677
Cape Verde,1989,0.61,0.218,1,0.486,1,0.834,0.819,0.503,0.482,0,0.075,0,0.657,0.703,0.736,0.677
Cape Verde,1990,0.657,0.222,1,0.505,1,0.867,0.819,0.503,0.482,0,0.075,0,0.656,0.743,0.736,0.677
Cape Verde,1991,0.867,0.821,1,0.709,1,0.898,0.915,0.833,0.479,0,0.75,0,0.749,0.743,0.731,0.756
Cape Verde,1992,0.883,0.907,1,0.718,1,0.905,0.921,0.908,0.579,0.061,0.75,0,0.83,0.743,0.731,0.756
Cape Verde,1993,0.883,0.907,1,0.718,1,0.905,0.921,0.908,0.724,0.061,0.75,0,0.83,0.743,0.731,0.756
Cape Verde,1994,0.883,0.907,1,0.718,1,0.905,0.921,0.908,0.724,0.062,0.75,0,0.83,0.743,0.731,0.756
Cape Verde,1995,0.883,0.907,1,0.739,1,0.905,0.921,0.908,0.724,0.062,0.75,0,0.83,0.831,0.742,0.756
Cape Verde,1996,0.883,0.91,1,0.829,1,0.905,0.921,0.908,0.724,0.062,0.75,0,0.83,0.831,0.742,0.756
Cape Verde,1997,0.883,0.91,1,0.833,1,0.905,0.921,0.888,0.724,0.062,0.75,0,0.83,0.831,0.742,0.707
Cape Verde,1998,0.883,0.91,1,0.833,1,0.905,0.921,0.888,0.724,0.062,0.75,0,0.83,0.831,0.742,0.707
Cape Verde,1999,0.883,0.91,1,0.833,1,0.906,0.921,0.888,0.724,0.062,0.75,0,0.83,0.831,0.742,0.707
Cape Verde,2000,0.865,0.91,1,0.833,1,0.906,0.921,0.888,0.724,0.062,0.75,0,0.83,0.831,0.742,0.729
Cape Verde,2001,0.865,0.91,1,0.822,1,0.906,0.927,0.888,0.724,0.062,0.75,0,0.83,0.831,0.742,0.729
Cape Verde,2002,0.877,0.91,1,0.821,1,0.906,0.927,0.888,0.724,0.062,0.75,0,0.842,0.831,0.824,0.729
Cape Verde,2003,0.877,0.91,1,0.821,1,0.906,0.927,0.888,0.724,0.063,0.75,0,0.842,0.831,0.824,0.729
Cape Verde,2004,0.877,0.91,1,0.821,1,0.906,0.927,0.888,0.724,0.063,0.75,0,0.842,0.831,0.824,0.729
Cape Verde,2005,0.877,0.91,1,0.821,1,0.913,0.927,0.888,0.724,0.063,0.75,0,0.842,0.831,0.824,0.729
Cape Verde,2006,0.877,0.911,1,0.839,1,0.913,0.927,0.888,0.724,0.063,0.75,0,0.842,0.831,0.824,0.729
Cape Verde,2007,0.885,0.911,1,0.84,1,0.913,0.927,0.888,0.724,0.063,0.75,0,0.842,0.831,0.824,0.722
Cape Verde,2008,0.885,0.911,1,0.843,1,0.913,0.927,0.888,0.724,0.063,0.75,0,0.85,0.87,0.835,0.722
Cape Verde,2009,0.885,0.911,1,0.843,1,0.913,0.927,0.888,0.724,0.063,0.75,0,0.844,0.87,0.835,0.722
Cape Verde,2010,0.88,0.911,1,0.843,1,0.913,0.927,0.888,0.728,0.063,0.75,0,0.844,0.834,0.835,0.732
Cape Verde,2011,0.88,0.912,1,0.86,1,0.913,0.927,0.888,0.709,0.063,0.75,0,0.846,0.834,0.835,0.73
Cape Verde,2012,0.88,0.912,1,0.861,1,0.913,0.927,0.888,0.709,0.063,0.75,0,0.849,0.834,0.835,0.736
Cape Verde,2013,0.898,0.912,1,0.862,1,0.912,0.928,0.888,0.709,0.063,0.75,0,0.804,0.848,0.835,0.74
Cape Verde,2014,0.898,0.912,1,0.862,1,0.912,0.928,0.888,0.709,0.063,0.75,0,0.8,0.848,0.835,0.74
Cape Verde,2015,0.895,0.912,1,0.862,1,0.913,0.928,0.888,0.709,0.063,0.75,0,0.807,0.831,0.835,0.733
Cape Verde,2016,0.886,0.912,1,0.878,1,0.913,0.928,0.888,0.697,0.063,0.75,0,0.755,0.831,0.82,0.72
Cape Verde,2017,0.879,0.912,1,0.873,1,0.912,0.905,0.888,0.665,0.063,0.813,0,0.742,0.822,0.82,0.727
Cape Verde,2018,0.863,0.895,1,0.873,1,0.906,0.916,0.932,0.665,0.063,0.813,0,0.702,0.816,0.84,0.712
Cape Verde,2019,0.871,0.895,1,0.88,1,0.905,0.911,0.932,0.677,0.063,0.894,0,0.725,0.853,0.84,0.697
Cape Verde,2020,0.874,0.906,1,0.88,1,0.894,0.927,0.867,0.677,0.063,0.894,0,0.707,0.837,0.84,0.68
Cape Verde,2021,0.876,0.906,1,0.846,1,0.891,0.914,0.858,0.677,0.063,0.894,0,0.709,0.812,0.84,0.644
Cape Verde,2022,0.854,0.893,1,0.842,1,0.89,0.905,0.838,0.639,0.063,0.894,0,0.685,0.821,0.823,0.605
Cape Verde,2023,0.852,0.893,1,0.839,1,0.895,0.874,0.838,0.639,0.063,0.894,0,0.685,0.824,0.784,0.605
Cape Verde,2024,0.854,0.893,1,0.839,1,0.895,0.874,0.838,0.639,0.063,0.894,0,0.703,0.834,0.784,0.569
Costa Rica,1950,0.886,0.676,1,0.587,1,0.876,0.942,0.807,0.83,0,0.955,0.384,0.887,0.71,0.622,0.767
Costa Rica,1951,0.886,0.676,1,0.627,1,0.875,0.942,0.807,0.83,0,0.955,0.384,0.887,0.71,0.622,0.767
Costa Rica,1952,0.886,0.676,1,0.627,1,0.875,0.942,0.807,0.83,0,0.955,0.384,0.887,0.71,0.622,0.767
Costa Rica,1953,0.909,0.721,1,0.731,1,0.875,0.942,0.807,0.83,0,0.955,0.384,0.887,0.71,0.646,0.767
Costa Rica,1954,0.912,0.743,1,0.865,1,0.882,0.942,0.829,0.83,0,0.955,0.384,0.887,0.71,0.646,0.767
Costa Rica,1955,0.912,0.743,1,0.865,1,0.882,0.942,0.829,0.83,0,0.955,0.384,0.887,0.71,0.646,0.813
Costa Rica,1956,0.912,0.743,1,0.865,1,0.882,0.942,0.829,0.83,0,0.955,0.384,0.887,0.71,0.646,0.813
Costa Rica,1957,0.912,0.743,1,0.865,1,0.882,0.942,0.829,0.83,0,0.955,0.384,0.887,0.71,0.646,0.813
Costa Rica,1958,0.912,0.744,1,0.868,1,0.882,0.942,0.829,0.83,0,0.955,0.384,0.887,0.71,0.646,0.813
Costa Rica,1959,0.929,0.744,1,0.869,1,0.883,0.942,0.84,0.83,0,0.955,0.384,0.887,0.71,0.646,0.813
Costa Rica,1960,0.909,0.744,1,0.869,1,0.89,0.942,0.84,0.83,0,0.955,0.384,0.894,0.71,0.646,0.813
Costa Rica,1961,0.909,0.744,1,0.869,1,0.89,0.942,0.84,0.83,0,0.955,0.384,0.894,0.71,0.646,0.813
Costa Rica,1962,0.909,0.739,1,0.874,1,0.905,0.942,0.84,0.83,0,0.955,0.384,0.894,0.71,0.646,0.813
Costa Rica,1963,0.909,0.739,1,0.875,1,0.905,0.942,0.84,0.83,0,0.955,0.384,0.894,0.71,0.646,0.813
Costa Rica,1964,0.909,0.739,1,0.875,1,0.905,0.942,0.84,0.83,0,0.955,0.384,0.894,0.71,0.646,0.813
Costa Rica,1965,0.909,0.739,1,0.875,1,0.905,0.942,0.84,0.83,0,0.955,0.384,0.894,0.71,0.646,0.813
Costa Rica,1966,0.909,0.739,1,0.886,1,0.905,0.942,0.84,0.83,0,0.955,0.384,0.894,0.71,0.646,0.852
Costa Rica,1967,0.909,0.739,1,0.888,1,0.905,0.942,0.84,0.83,0,0.955,0.384,0.894,0.71,0.746,0.852
Costa Rica,1968,0.909,0.739,1,0.888,1,0.905,0.942,0.84,0.83,0,0.955,0.384,0.894,0.71,0.746,0.852
Costa Rica,1969,0.909,0.739,1,0.888,1,0.905,0.942,0.84,0.83,0,0.955,0.384,0.894,0.71,0.746,0.852
Costa Rica,1970,0.92,0.759,1,0.882,1,0.905,0.942,0.866,0.841,0,0.955,0.384,0.904,0.71,0.767,0.86
Costa Rica,1971,0.92,0.766,1,0.882,1,0.905,0.942,0.866,0.841,0,0.955,0.384,0.904,0.71,0.767,0.86
Costa Rica,1972,0.92,0.766,1,0.882,1,0.905,0.942,0.866,0.841,0,0.955,0.384,0.904,0.71,0.767,0.86
Costa Rica,1973,0.92,0.766,1,0.882,1,0.91,0.942,0.866,0.841,0,0.955,0.384,0.904,0.71,0.767,0.901
Costa Rica,1974,0.92,0.77,1,0.875,1,0.91,0.942,0.866,0.841,0,0.955,0.384,0.904,0.727,0.767,0.901
Costa Rica,1975,0.924,0.87,1,0.875,1,0.91,0.942,0.866,0.841,0,0.955,0.384,0.904,0.727,0.767,0.927
Costa Rica,1976,0.924,0.888,1,0.875,1,0.91,0.942,0.866,0.841,0,0.955,0.384,0.904,0.727,0.767,0.927
Costa Rica,1977,0.929,0.888,1,0.875,1,0.91,0.942,0.866,0.841,0,0.955,0.384,0.904,0.727,0.767,0.927
Costa Rica,1978,0.929,0.911,1,0.878,1,0.91,0.942,0.866,0.841,0,0.955,0.384,0.904,0.727,0.767,0.927
Costa Rica,1979,0.929,0.912,1,0.878,1,0.91,0.942,0.875,0.898,0,0.955,0.384,0.904,0.816,0.767,0.927
Costa Rica,1980,0.963,0.911,1,0.878,1,0.924,0.942,0.898,0.897,0,0.955,0.384,0.915,0.828,0.767,0.932
Costa Rica,1981,0.963,0.911,1,0.878,1,0.918,0.942,0.898,0.897,0,0.955,0.384,0.915,0.828,0.767,0.932
Costa Rica,1982,0.963,0.924,1,0.9,1,0.918,0.944,0.898,0.897,0,0.955,0.384,0.915,0.828,0.767,0.932
Costa Rica,1983,0.963,0.924,1,0.902,1,0.918,0.944,0.898,0.897,0,0.955,0.384,0.915,0.828,0.767,0.932
Costa Rica,1984,0.963,0.924,1,0.902,1,0.918,0.944,0.898,0.897,0,0.955,0.384,0.915,0.828,0.767,0.932
Costa Rica,1985,0.963,0.924,1,0.902,1,0.918,0.944,0.898,0.897,0,0.955,0.384,0.915,0.843,0.767,0.932
Costa Rica,1986,0.963,0.925,1,0.907,1,0.929,0.944,0.898,0.897,0,0.955,0.384,0.946,0.843,0.799,0.932
Costa Rica,1987,0.963,0.925,1,0.908,1,0.929,0.964,0.898,0.897,0,0.955,0.384,0.946,0.843,0.84,0.932
Costa Rica,1988,0.963,0.937,1,0.908,1,0.929,0.964,0.898,0.906,0,0.955,0.384,0.946,0.843,0.84,0.932
Costa Rica,1989,0.963,0.937,1,0.908,1,0.947,0.967,0.912,0.906,0,0.955,0.384,0.946,0.843,0.84,0.932
Costa Rica,1990,0.963,0.941,1,0.931,1,0.961,0.969,0.938,0.944,0,0.955,0.384,0.946,0.889,0.878,0.915
Costa Rica,1991,0.963,0.941,1,0.934,1,0.969,0.969,0.938,0.945,0,0.955,0.384,0.946,0.889,0.878,0.915
Costa Rica,1992,0.963,0.941,1,0.934,1,0.969,0.969,0.938,0.945,0,0.955,0.384,0.946,0.889,0.878,0.915
Costa Rica,1993,0.963,0.941,1,0.934,1,0.969,0.969,0.938,0.945,0,0.955,0.384,0.946,0.889,0.878,0.915
Costa Rica,1994,0.963,0.941,1,0.934,1,0.969,0.969,0.934,0.945,0,0.955,0.384,0.946,0.889,0.878,0.915
Costa Rica,1995,0.963,0.941,1,0.934,1,0.969,0.969,0.934,0.945,0,0.976,0.384,0.946,0.889,0.878,0.915
Costa Rica,1996,0.963,0.941,1,0.934,1,0.969,0.969,0.934,0.945,0,0.976,0.384,0.946,0.889,0.841,0.915
Costa Rica,1997,0.963,0.941,1,0.934,1,0.973,0.948,0.934,0.945,0,0.976,0.492,0.946,0.889,0.841,0.915
Costa Rica,1998,0.963,0.94,1,0.931,1,0.973,0.954,0.948,0.945,0,0.976,0.492,0.946,0.889,0.841,0.915
Costa Rica,1999,0.963,0.94,1,0.931,1,0.973,0.954,0.948,0.945,0,0.976,0,0.946,0.889,0.841,0.912
Costa Rica,2000,0.964,0.94,1,0.931,1,0.973,0.954,0.948,0.945,0,0.976,0,0.957,0.889,0.89,0.912
Costa Rica,2001,0.964,0.94,1,0.931,1,0.974,0.954,0.948,0.955,0,0.976,0,0.957,0.913,0.89,0.912
Costa Rica,2002,0.964,0.939,1,0.937,1,0.974,0.954,0.948,0.955,0.077,0.976,0,0.951,0.913,0.89,0.912
Costa Rica,2003,0.964,0.939,1,0.938,1,0.974,0.954,0.948,0.949,0.077,0.976,0,0.951,0.913,0.89,0.912
Costa Rica,2004,0.962,0.939,1,0.938,1,0.974,0.954,0.948,0.949,0.077,0.976,0,0.951,0.913,0.89,0.912
Costa Rica,2005,0.962,0.939,1,0.938,1,0.964,0.954,0.948,0.949,0.077,0.976,0,0.951,0.912,0.89,0.912
Costa Rica,2006,0.962,0.942,1,0.953,1,0.964,0.95,0.948,0.949,0.071,0.976,0,0.962,0.912,0.89,0.912
Costa Rica,2007,0.964,0.943,1,0.954,1,0.963,0.95,0.948,0.949,0.243,0.976,0,0.966,0.912,0.89,0.912
Costa Rica,2008,0.964,0.943,1,0.954,1,0.963,0.95,0.948,0.949,0.243,0.976,0,0.955,0.912,0.89,0.912
Costa Rica,2009,0.964,0.943,1,0.954,1,0.963,0.954,0.948,0.949,0.243,0.976,0,0.955,0.912,0.889,0.912
Costa Rica,2010,0.966,0.942,1,0.957,1,0.964,0.954,0.948,0.949,0.243,0.976,0,0.96,0.912,0.909,0.912
Costa Rica,2011,0.966,0.942,1,0.957,1,0.964,0.954,0.948,0.949,0.243,0.976,0,0.96,0.912,0.909,0.912
Costa Rica,2012,0.964,0.942,1,0.957,1,0.969,0.954,0.948,0.949,0.232,0.976,0,0.96,0.924,0.909,0.911
Costa Rica,2013,0.964,0.94,1,0.957,1,0.962,0.954,0.94,0.946,0.22,0.976,0,0.958,0.91,0.896,0.912
Costa Rica,2014,0.959,0.942,1,0.958,1,0.967,0.954,0.953,0.946,0.209,0.976,0,0.957,0.91,0.894,0.913
Costa Rica,2015,0.956,0.942,1,0.959,1,0.968,0.954,0.953,0.916,0.197,0.976,0,0.953,0.924,0.894,0.913
Costa Rica,2016,0.958,0.936,1,0.959,1,0.971,0.954,0.953,0.916,0.186,0.976,0,0.942,0.924,0.894,0.913
Costa Rica,2017,0.951,0.939,1,0.959,1,0.971,0.954,0.959,0.915,0.174,0.974,0,0.95,0.924,0.894,0.918
Costa Rica,2018,0.947,0.929,1,0.96,1,0.943,0.954,0.959,0.919,0.163,0.984,0,0.942,0.917,0.893,0.915
Costa Rica,2019,0.949,0.932,1,0.96,1,0.962,0.954,0.959,0.918,0.151,0.969,0,0.949,0.916,0.893,0.915
Costa Rica,2020,0.952,0.932,1,0.96,1,0.964,0.954,0.959,0.918,0.14,0.969,0,0.956,0.916,0.893,0.915
Costa Rica,2021,0.948,0.932,1,0.96,1,0.964,0.954,0.959,0.916,0.128,0.969,0,0.956,0.916,0.908,0.881
Costa Rica,2022,0.929,0.915,1,0.942,1,0.964,0.952,0.959,0.927,0.117,0.969,0,0.931,0.916,0.908,0.879
Costa Rica,2023,0.914,0.92,1,0.94,1,0.964,0.952,0.959,0.887,0.106,0.969,0,0.931,0.916,0.908,0.872
Costa Rica,2024,0.914,0.92,1,0.94,1,0.964,0.952,0.959,0.879,0.094,0.969,0,0.931,0.916,0.908,0.882
France,1950,0.896,0.869,1,0.818,1,0.917,0.824,0.834,0.877,0,0.956,0.646,0.76,0.708,0.813,0.862
France,1951,0.896,0.87,1,0.816,1,0.917,0.824,0.834,0.877,0,0.956,0.646,0.76,0.708,0.813,0.862
France,1952,0.896,0.871,1,0.814,1,0.917,0.824,0.834,0.877,0,0.956,0.646,0.76,0.708,0.813,0.862
France,1953,0.896,0.871,1,0.814,1,0.917,0.824,0.834,0.877,0,0.956,0.646,0.76,0.708,0.813,0.862
France,1954,0.862,0.839,1,0.814,1,0.89,0.824,0.834,0.877,0,0.956,0.646,0.76,0.708,0.813,0.862
France,1955,0.862,0.872,1,0.814,1,0.89,0.824,0.834,0.877,0,0.956,0.646,0.76,0.708,0.813,0.862
France,1956,0.862,0.876,1,0.821,1,0.89,0.824,0.834,0.877,0,0.956,0.646,0.76,0.708,0.813,0.862
France,1957,0.877,0.876,1,0.821,1,0.89,0.824,0.834,0.877,0,0.956,0.646,0.76,0.708,0.813,0.862
France,1958,0.866,0.876,1,0.847,1,0.88,0.824,0.828,0.883,0.151,0.956,0.646,0.737,0.732,0.813,0.863
France,1959,0.817,0.878,1,0.875,1,0.894,0.859,0.791,0.88,0.151,0.956,0.646,0.729,0.732,0.813,0.903
France,1960,0.82,0.878,1,0.875,1,0.9,0.859,0.791,0.88,0.151,0.956,0.646,0.743,0.732,0.813,0.934
France,1961,0.82,0.878,1,0.875,1,0.9,0.859,0.791,0.88,0.331,0.956,0.646,0.743,0.732,0.813,0.934
France,1962,0.82,0.878,1,0.876,1,0.911,0.859,0.791,0.88,0.331,0.956,0.646,0.743,0.732,0.813,0.934
France,1963,0.858,0.877,1,0.883,1,0.938,0.859,0.791,0.88,0.323,0.956,0.646,0.781,0.732,0.813,0.934
France,1964,0.858,0.877,1,0.883,1,0.938,0.859,0.791,0.88,0.316,0.956,0.646,0.781,0.732,0.813,0.934
France,1965,0.858,0.877,1,0.883,1,0.938,0.859,0.791,0.88,0.308,0.956,0.646,0.781,0.732,0.813,0.934
France,1966,0.858,0.877,1,0.887,1,0.946,0.859,0.791,0.88,0.3,0.956,0.646,0.781,0.732,0.813,0.939
France,1967,0.858,0.891,1,0.888,1,0.946,0.859,0.791,0.88,0.28,0.956,0.646,0.781,0.732,0.813,0.939
France,1968,0.858,0.892,1,0.882,1,0.951,0.859,0.791,0.88,0.26,0.956,0.646,0.761,0.732,0.813,0.939
France,1969,0.901,0.894,1,0.888,1,0.965,0.897,0.843,0.88,0.276,0.956,0.646,0.817,0.746,0.813,0.935
France,1970,0.933,0.905,1,0.895,1,0.965,0.903,0.868,0.88,0.268,0.956,0.646,0.895,0.726,0.776,0.935
France,1971,0.933,0.905,1,0.9,1,0.965,0.912,0.868,0.88,0.26,0.956,0.646,0.895,0.726,0.776,0.935
France,1972,0.921,0.905,1,0.9,1,0.965,0.912,0.868,0.88,0.252,0.956,0.646,0.895,0.726,0.776,0.935
France,1973,0.921,0.905,1,0.923,1,0.965,0.912,0.868,0.88,0.245,0.956,0.646,0.895,0.803,0.776,0.935
France,1974,0.921,0.903,1,0.929,1,0.965,0.912,0.868,0.88,0.237,0.956,0.646,0.895,0.803,0.769,0.935
France,1975,0.933,0.901,1,0.929,1,0.965,0.912,0.868,0.88,0.229,0.956,0.646,0.895,0.803,0.769,0.935
France,1976,0.933,0.901,1,0.929,1,0.966,0.912,0.868,0.88,0.221,0.956,0.646,0.895,0.803,0.769,0.935
France,1977,0.933,0.901,1,0.929,1,0.966,0.912,0.868,0.88,0.201,0.956,0.646,0.895,0.803,0.769,0.931
France,1978,0.933,0.905,1,0.933,1,0.966,0.912,0.868,0.88,0.189,0.956,0.646,0.895,0.803,0.769,0.931
France,1979,0.933,0.906,1,0.934,1,0.966,0.912,0.868,0.88,0.177,0.956,0.646,0.895,0.803,0.769,0.931
France,1980,0.933,0.906,1,0.934,1,0.966,0.912,0.868,0.88,0.165,0.956,0.646,0.903,0.803,0.769,0.931
France,1981,0.947,0.903,1,0.938,1,0.966,0.932,0.868,0.88,0.153,0.956,0.646,0.903,0.803,0.769,0.931
France,1982,0.954,0.902,1,0.939,1,0.971,0.932,0.868,0.924,0.141,0.956,0.66,0.903,0.803,0.769,0.931
France,1983,0.954,0.902,1,0.939,1,0.971,0.932,0.868,0.924,0.129,0.956,0.66,0.903,0.803,0.769,0.931
France,1984,0.954,0.902,1,0.939,1,0.971,0.932,0.868,0.924,0.117,0.956,0.66,0.903,0.803,0.769,0.931
France,1985,0.954,0.902,1,0.939,1,0.971,0.932,0.868,0.924,0.105,0.956,0.66,0.903,0.803,0.769,0.931
France,1986,0.954,0.904,1,0.938,1,0.971,0.932,0.868,0.924,0.093,0.956,0.66,0.903,0.803,0.769,0.931
France,1987,0.954,0.904,1,0.937,1,0.971,0.932,0.868,0.924,0.081,0.956,0.66,0.903,0.803,0.769,0.931
France,1988,0.963,0.907,1,0.94,1,0.971,0.932,0.868,0.924,0.213,0.956,0.66,0.903,0.803,0.769,0.931
France,1989,0.963,0.908,1,0.941,1,0.971,0.932,0.868,0.924,0.213,0.956,0.66,0.903,0.803,0.769,0.925
France,1990,0.963,0.908,1,0.941,1,0.971,0.932,0.868,0.924,0.213,0.956,0.66,0.908,0.803,0.829,0.925
France,1991,0.963,0.908,1,0.941,1,0.971,0.932,0.868,0.924,0.213,0.956,0.66,0.908,0.803,0.829,0.925
France,1992,0.963,0.908,1,0.941,1,0.974,0.932,0.868,0.924,0.213,0.956,0.66,0.908,0.893,0.829,0.925
France,1993,0.963,0.908,1,0.94,1,0.974,0.91,0.868,0.924,0.213,0.956,0.66,0.945,0.893,0.829,0.925
France,1994,0.963,0.908,1,0.939,1,0.974,0.926,0.868,0.924,0.213,0.956,0.934,0.928,0.893,0.829,0.925
France,1995,0.954,0.904,1,0.941,1,0.974,0.926,0.868,0.924,0.213,0.956,0.934,0.928,0.893,0.829,0.925
France,1996,0.963,0.902,1,0.941,1,0.974,0.926,0.868,0.924,0.213,0.956,0.934,0.928,0.893,0.829,0.925
France,1997,0.963,0.903,1,0.94,1,0.974,0.926,0.868,0.924,0.201,0.956,0.934,0.928,0.893,0.829,0.925
France,1998,0.963,0.904,1,0.94,1,0.974,0.926,0.868,0.924,0.189,0.956,0.934,0.928,0.893,0.84,0.925
France,1999,0.963,0.904,1,0.94,1,0.974,0.926,0.868,0.924,0.177,0.956,0.934,0.928,0.893,0.84,0.925
France,2000,0.963,0.904,1,0.94,1,0.974,0.926,0.868,0.924,0.213,0.956,0.934,0.928,0.893,0.84,0.966
France,2001,0.963,0.904,1,0.94,1,0.974,0.926,0.868,0.924,0.213,0.956,0.934,0.928,0.893,0.84,0.966
France,2002,0.963,0.904,1,0.939,1,0.974,0.926,0.868,0.924,0.213,0.956,0.934,0.928,0.893,0.85,0.966
France,2003,0.963,0.904,1,0.938,1,0.974,0.926,0.868,0.924,0.213,0.984,0.945,0.928,0.893,0.85,0.966
France,2004,0.963,0.904,1,0.938,1,0.974,0.926,0.868,0.924,0.213,0.984,0.945,0.928,0.893,0.85,0.966
France,2005,0.963,0.904,1,0.938,1,0.974,0.926,0.868,0.924,0.193,0.984,0.945,0.943,0.893,0.85,0.966
France,2006,0.963,0.904,1,0.938,1,0.974,0.926,0.868,0.924,0.193,0.984,0.945,0.934,0.893,0.85,0.966
France,2007,0.96,0.908,1,0.945,1,0.974,0.926,0.889,0.924,0.193,0.984,0.945,0.939,0.893,0.85,0.967
France,2008,0.967,0.91,1,0.948,1,0.974,0.926,0.889,0.901,0.193,0.984,0.945,0.941,0.893,0.865,0.964
France,2009,0.967,0.91,1,0.948,1,0.974,0.926,0.889,0.901,0.193,0.984,0.945,0.939,0.893,0.865,0.964
France,2010,0.967,0.91,1,0.948,1,0.974,0.926,0.889,0.917,0.173,0.984,0.945,0.935,0.893,0.865,0.964
France,2011,0.971,0.91,1,0.948,1,0.974,0.926,0.889,0.917,0.153,0.984,0.945,0.936,0.893,0.865,0.964
France,2012,0.971,0.907,1,0.954,1,0.972,0.926,0.889,0.917,0.133,0.984,0.945,0.943,0.893,0.874,0.964
France,2013,0.971,0.906,1,0.956,1,0.972,0.932,0.889,0.917,0.113,0.984,0.945,0.939,0.893,0.892,0.964
France,2014,0.971,0.905,1,0.956,1,0.97,0.932,0.889,0.917,0.093,0.984,0.945,0.927,0.893,0.892,0.964
France,2015,0.971,0.894,1,0.956,1,0.97,0.932,0.889,0.9,0.073,0.984,0.945,0.943,0.893,0.892,0.964
France,2016,0.971,0.894,1,0.956,1,0.97,0.932,0.889,0.9,0.053,0.984,0.945,0.943,0.893,0.892,0.934
France,2017,0.971,0.9,1,0.956,1,0.97,0.932,0.889,0.898,0.033,0.984,0.945,0.933,0.893,0.884,0.937
France,2018,0.969,0.88,1,0.956,1,0.965,0.932,0.867,0.868,0.033,0.984,0.945,0.94,0.901,0.884,0.921
France,2019,0.967,0.873,1,0.956,1,0.965,0.932,0.883,0.897,0.033,0.984,0.95,0.934,0.901,0.865,0.912
France,2020,0.967,0.874,1,0.953,1,0.952,0.932,0.883,0.896,0.033,0.984,0.95,0.934,0.876,0.892,0.879
France,2021,0.971,0.874,1,0.953,1,0.939,0.932,0.883,0.903,0.033,0.989,0.966,0.955,0.876,0.9,0.879
France,2022,0.963,0.896,1,0.951,1,0.938,0.932,0.928,0.849,0.033,0.989,0.969,0.942,0.876,0.895,0.856
France,2023,0.958,0.896,1,0.951,1,0.936,0.932,0.945,0.875,0.033,0.984,0.969,0.942,0.785,0.896,0.8
France,2024,0.958,0.888,1,0.946,1,0.936,0.932,0.945,0.895,0.033,0.984,0.969,0.938,0.785,0.913,0.822
Germany,1950,0.957,0.819,1,0.931,1,0.969,0.953,0.983,0.918,0.011,0.991,0.996,0.906,0.893,0.845,0.912
Germany,1951,0.957,0.819,1,0.931,1,0.969,0.953,0.983,0.918,0.011,0.991,0.996,0.906,0.893,0.845,0.912
Germany,1952,0.957,0.787,1,0.931,1,0.975,0.953,0.983,0.918,0.011,0.991,0.996,0.906,0.893,0.845,0.912
Germany,1953,0.957,0.806,1,0.941,1,0.975,0.953,0.983,0.918,0.011,0.991,0.996,0.906,0.948,0.845,0.912
Germany,1954,0.957,0.818,1,0.962,1,0.975,0.953,0.983,0.918,0.011,0.991,0.996,0.906,0.948,0.845,0.912
Germany,1955,0.957,0.818,1,0.962,1,0.975,0.953,0.983,0.918,0.011,0.991,0.996,0.906,0.948,0.845,0.912
Germany,1956,0.958,0.801,1,0.962,1,0.975,0.953,0.983,0.918,0.011,0.991,0.996,0.906,0.95,0.845,0.912
Germany,1957,0.958,0.82,1,0.962,1,0.975,0.953,0.983,0.918,0.011,0.991,0.996,0.906,0.957,0.845,0.912
Germany,1958,0.958,0.816,1,0.961,1,0.975,0.953,0.983,0.925,0.011,0.991,0.996,0.9,0.957,0.845,0.912
Germany,1959,0.958,0.816,1,0.961,1,0.975,0.953,0.983,0.925,0.011,0.991,0.996,0.907,0.957,0.845,0.912
Germany,1960,0.958,0.816,1,0.961,1,0.975,0.953,0.983,0.925,0.011,0.991,0.996,0.93,0.957,0.845,0.912
Germany,1961,0.958,0.82,1,0.963,1,0.975,0.953,0.983,0.925,0.011,0.991,0.996,0.93,0.957,0.845,0.912
Germany,1962,0.948,0.831,1,0.969,1,0.975,0.952,0.983,0.925,0.011,0.991,0.996,0.94,0.957,0.845,0.912
Germany,1963,0.959,0.831,1,0.969,1,0.975,0.952,0.983,0.925,0.011,0.991,0.996,0.94,0.957,0.845,0.912
Germany,1964,0.959,0.831,1,0.969,1,0.975,0.952,0.983,0.925,0.011,0.991,0.996,0.94,0.957,0.845,0.912
Germany,1965,0.959,0.831,1,0.973,1,0.975,0.952,0.983,0.925,0.011,0.991,0.996,0.94,0.957,0.845,0.912
Germany,1966,0.959,0.831,1,0.973,1,0.975,0.952,0.969,0.925,0.011,0.991,0.996,0.938,0.948,0.869,0.906
Germany,1967,0.959,0.831,1,0.973,1,0.975,0.952,0.969,0.925,0.011,0.991,0.996,0.938,0.948,0.869,0.906
Germany,1968,0.959,0.831,1,0.973,1,0.977,0.952,0.969,0.925,0.011,0.991,0.996,0.959,0.948,0.869,0.906
Germany,1969,0.959,0.831,1,0.974,1,0.977,0.952,0.969,0.964,0.011,0.991,0.996,0.972,0.953,0.913,0.922
Germany,1970,0.968,0.836,1,0.978,1,0.981,0.952,0.976,0.964,0.011,0.991,0.996,0.979,0.953,0.924,0.922
Germany,1971,0.969,0.836,1,0.978,1,0.981,0.952,0.976,0.964,0.011,0.991,0.996,0.978,0.953,0.924,0.933
Germany,1972,0.969,0.836,1,0.978,1,0.981,0.952,0.976,0.964,0.011,0.991,0.996,0.978,0.953,0.924,0.933
Germany,1973,0.969,0.834,1,0.975,1,0.981,0.952,0.976,0.964,0.011,0.991,0.996,0.978,0.953,0.924,0.933
Germany,1974,0.969,0.834,1,0.975,1,0.981,0.952,0.976,0.964,0.011,0.991,0.996,0.978,0.953,0.924,0.933
Germany,1975,0.969,0.834,1,0.975,1,0.981,0.952,0.976,0.964,0.011,0.991,0.996,0.978,0.953,0.924,0.937
Germany,1976,0.967,0.834,1,0.975,1,0.981,0.952,0.976,0.964,0.011,0.991,0.996,0.978,0.953,0.924,0.937
Germany,1977,0.963,0.835,1,0.974,1,0.981,0.952,0.976,0.964,0.011,0.991,0.996,0.978,0.953,0.924,0.937
Germany,1978,0.969,0.835,1,0.974,1,0.984,0.952,0.976,0.964,0.011,0.991,0.996,0.978,0.953,0.924,0.937
Germany,1979,0.976,0.835,1,0.974,1,0.984,0.952,0.976,0.964,0.011,0.991,0.996,0.978,0.953,0.924,0.937
Germany,1980,0.98,0.835,1,0.976,1,0.988,0.952,0.976,0.974,0.011,0.991,0.996,0.977,0.953,0.934,0.949
Germany,1981,0.98,0.834,1,0.979,1,0.988,0.952,0.976,0.974,0.011,0.991,0.996,0.977,0.953,0.903,0.949
Germany,1982,0.98,0.834,1,0.979,1,0.988,0.952,0.976,0.974,0.011,0.991,0.996,0.972,0.953,0.903,0.947
Germany,1983,0.98,0.835,1,0.981,1,0.988,0.952,0.976,0.974,0.011,0.991,0.996,0.972,0.953,0.903,0.947
Germany,1984,0.98,0.835,1,0.981,1,0.988,0.952,0.976,0.974,0.011,0.991,0.996,0.972,0.953,0.903,0.947
Germany,1985,0.98,0.835,1,0.981,1,0.988,0.952,0.976,0.974,0.011,0.991,0.996,0.972,0.953,0.903,0.947
Germany,1986,0.98,0.835,1,0.981,1,0.988,0.952,0.976,0.974,0.011,0.991,0.996,0.972,0.953,0.903,0.947
Germany,1987,0.98,0.832,1,0.981,1,0.988,0.952,0.976,0.974,0.011,0.991,0.996,0.972,0.953,0.903,0.947
Germany,1988,0.98,0.832,1,0.981,1,0.988,0.952,0.976,0.974,0.011,0.991,0.996,0.972,0.953,0.903,0.947
Germany,1989,0.98,0.832,1,0.981,1,0.988,0.952,0.976,0.974,0.011,0.991,0.996,0.972,0.953,0.903,0.947
Germany,1990,0.985,0.873,1,0.981,1,0.993,0.952,0.976,0.974,0.011,0.991,0.996,0.985,0.95,0.92,0.944
Germany,1991,0.985,0.874,1,0.979,1,0.993,0.952,0.976,0.974,0.011,0.991,0.996,0.985,0.95,0.92,0.944
Germany,1992,0.985,0.874,1,0.979,1,0.993,0.952,0.976,0.974,0.011,0.991,0.996,0.985,0.95,0.92,0.944
Germany,1993,0.985,0.874,1,0.979,1,0.993,0.952,0.976,0.974,0.011,0.991,0.996,0.985,0.95,0.92,0.944
Germany,1994,0.985,0.874,1,0.98,1,0.993,0.952,0.976,0.974,0.011,0.991,0.996,0.985,0.95,0.92,0.944
Germany,1995,0.985,0.877,1,0.981,1,0.993,0.952,0.976,0.974,0.011,0.991,0.996,0.985,0.95,0.92,0.944
Germany,1996,0.985,0.877,1,0.981,1,0.993,0.952,0.976,0.974,0.011,0.991,0.996,0.985,0.95,0.92,0.946
Germany,1997,0.985,0.877,1,0.981,1,0.993,0.952,0.976,0.974,0.011,0.991,0.996,0.985,0.95,0.92,0.946
Germany,1998,0.985,0.875,1,0.981,1,0.993,0.952,0.976,0.979,0.011,0.994,0.996,0.985,0.95,0.92,0.946
Germany,1999,0.985,0.87,1,0.981,1,0.993,0.952,0.976,0.979,0.011,0.994,0.996,0.986,0.95,0.932,0.946
Germany,2000,0.985,0.87,1,0.981,1,0.993,0.952,0.976,0.979,0.011,0.994,0.996,0.986,0.96,0.932,0.946
Germany,2001,0.985,0.87,1,0.981,1,0.993,0.952,0.976,0.979,0.011,0.994,0.996,0.986,0.96,0.932,0.946
Germany,2002,0.985,0.87,1,0.981,1,0.993,0.952,0.976,0.979,0.011,0.994,0.996,0.986,0.96,0.932,0.946
Germany,2003,0.985,0.873,1,0.982,1,0.993,0.952,0.976,0.979,0.011,0.994,0.996,0.983,0.96,0.932,0.945
Germany,2004,0.985,0.873,1,0.982,1,0.993,0.952,0.976,0.979,0.011,0.994,0.996,0.983,0.96,0.919,0.945
Germany,2005,0.985,0.873,1,0.983,1,0.993,0.952,0.982,0.979,0.011,0.994,0.996,0.983,0.96,0.936,0.945
Germany,2006,0.985,0.885,1,0.985,1,0.993,0.952,0.975,0.979,0.011,0.994,0.996,0.983,0.96,0.936,0.945
Germany,2007,0.985,0.885,1,0.985,1,0.993,0.952,0.975,0.979,0.011,0.994,0.996,0.983,0.96,0.936,0.945
Germany,2008,0.985,0.885,1,0.985,1,0.993,0.952,0.975,0.979,0.011,0.994,0.996,0.983,0.96,0.936,0.945
Germany,2009,0.985,0.875,1,0.985,1,0.993,0.952,0.975,0.979,0.011,0.994,0.996,0.983,0.96,0.936,0.945
Germany,2010,0.985,0.874,1,0.985,1,0.993,0.952,0.985,0.979,0.011,0.994,0.996,0.983,0.96,0.936,0.945
Germany,2011,0.985,0.88,1,0.985,1,0.993,0.952,0.985,0.978,0.011,0.994,0.996,0.983,0.96,0.936,0.945
Germany,2012,0.984,0.88,1,0.985,1,0.993,0.952,0.985,0.978,0.011,0.994,0.996,0.983,0.96,0.936,0.945
Germany,2013,0.984,0.876,1,0.977,1,0.992,0.952,0.974,0.978,0.011,0.984,0.996,0.982,0.96,0.939,0.951
Germany,2014,0.984,0.873,1,0.969,1,0.992,0.952,0.974,0.978,0.011,0.984,0.996,0.982,0.96,0.939,0.929
Germany,2015,0.98,0.873,1,0.969,1,0.992,0.952,0.98,0.978,0.011,0.984,0.996,0.982,0.96,0.946,0.945
Germany,2016,0.98,0.879,1,0.969,1,0.992,0.952,0.98,0.978,0.011,0.984,0.996,0.982,0.96,0.946,0.945
Germany,2017,0.978,0.879,1,0.973,1,0.992,0.919,0.98,0.978,0.011,0.984,0.996,0.981,0.96,0.946,0.945
Germany,2018,0.962,0.878,1,0.973,1,0.992,0.919,0.98,0.978,0.011,0.984,0.996,0.978,0.96,0.946,0.948
Germany,2019,0.962,0.879,1,0.973,1,0.992,0.919,0.98,0.978,0.011,0.984,0.996,0.977,0.96,0.946,0.954
Germany,2020,0.955,0.869,1,0.973,1,0.989,0.919,0.98,0.978,0.011,0.984,0.996,0.978,0.96,0.94,0.9
Germany,2021,0.955,0.865,1,0.968,1,0.989,0.919,0.98,0.978,0.011,0.984,0.996,0.977,0.96,0.94,0.95
Germany,2022,0.947,0.869,1,0.956,1,0.989,0.919,0.98,0.978,0.011,0.984,0.996,0.977,0.96,0.94,0.95
Germany,2023,0.947,0.869,1,0.956,1,0.989,0.95,0.98,0.978,0.011,0.984,0.996,0.978,0.96,0.94,0.95
Germany,2024,0.936,0.853,1,0.956,1,0.987,0.936,0.98,0.957,0.011,0.984,0.996,0.98,0.945,0.94,0.95
Guatemala,1950,0.692,0.708,0.6,0.434,1,0.408,0.619,0.417,0.662,0,0.742,0.006,0.78,0.077,0.414,0.278
Guatemala,1951,0.684,0.711,0.6,0.419,1,0.408,0.619,0.417,0.728,0,0.742,0.006,0.78,0.077,0.414,0.278
Guatemala,1952,0.684,0.695,0.6,0.419,1,0.399,0.619,0.417,0.728,0,0.742,0.006,0.78,0.077,0.414,0.278
Guatemala,1953,0.684,0.69,0.6,0.399,1,0.413,0.572,0.14,0.728,0,0.742,0.006,0.78,0.077,0.414,0.278
Guatemala,1954,0.412,0.61,0.6,0.263,0,0.331,0.485,0.104,0.5,0.1,0.742,0.006,0.611,0.075,0.345,0.257
Guatemala,1955,0.098,0.223,0.6,0.003,0,0.05,0.517,0.104,0.251,0,0.742,0.006,0.107,0.042,0.086,0.222
Guatemala,1956,0.092,0.192,0.6,0.088,0,0.05,0.541,0.071,0.229,0,0.742,0.006,0.098,0.011,0.069,0.222
Guatemala,1957,0.092,0.23,0.6,0.082,1,0.05,0.552,0.071,0.229,0,0.742,0.006,0.129,0.011,0.069,0.222
Guatemala,1958,0.109,0.236,0.6,0.056,1,0.059,0.556,0.071,0.252,0,0.742,0.006,0.109,0.011,0.069,0.222
Guatemala,1959,0.116,0.247,0.6,0.056,1,0.06,0.556,0.071,0.252,0,0.742,0.006,0.109,0.011,0.069,0.222
Guatemala,1960,0.116,0.242,0.6,0.056,1,0.045,0.556,0.071,0.252,0,0.742,0.006,0.109,0.011,0.069,0.24
Guatemala,1961,0.116,0.234,0.65,0.055,1,0.045,0.556,0.071,0.252,0,0.68,0.006,0.109,0.011,0.069,0.24
Guatemala,1962,0.116,0.238,0.65,0.043,1,0.045,0.549,0.071,0.252,0,0.68,0.006,0.109,0.011,0.069,0.24
Guatemala,1963,0.103,0.238,0.65,0.011,0,0.036,0.529,0.061,0.187,0,0.68,0.006,0.079,0.011,0.069,0.24
Guatemala,1964,0.102,0.234,0.65,0.027,0,0.035,0.527,0.045,0.141,0,0.68,0.006,0.079,0.011,0.083,0.24
Guatemala,1965,0.102,0.238,0.65,0,0,0.037,0.527,0.045,0.125,0,0.68,0.006,0.083,0.011,0.083,0.24
Guatemala,1966,0.13,0.257,0.65,0.037,1,0.047,0.553,0.162,0.215,0,0.68,0.006,0.178,0.011,0.081,0.24
Guatemala,1967,0.132,0.268,1,0.045,1,0.064,0.559,0.099,0.325,0,0.68,0.006,0.211,0.011,0.081,0.24
Guatemala,1968,0.131,0.268,1,0.045,1,0.055,0.559,0.099,0.325,0,0.68,0.006,0.211,0.011,0.081,0.24
Guatemala,1969,0.131,0.268,1,0.045,1,0.049,0.559,0.099,0.325,0,0.68,0.006,0.211,0.011,0.081,0.24
Guatemala,1970,0.113,0.238,1,0.036,1,0.047,0.522,0.094,0.241,0,0.68,0.006,0.2,0.011,0.081,0.24
Guatemala,1971,0.103,0.213,1,0.035,1,0.045,0.508,0.094,0.129,0,0.68,0.006,0.209,0.011,0.081,0.24
Guatemala,1972,0.103,0.213,1,0.035,1,0.045,0.508,0.094,0.129,0,0.68,0.006,0.209,0.011,0.081,0.24
Guatemala,1973,0.103,0.223,1,0.035,1,0.043,0.508,0.094,0.129,0,0.68,0.006,0.209,0.011,0.081,0.24
Guatemala,1974,0.103,0.236,1,0.029,1,0.035,0.508,0.094,0.241,0,0.68,0.006,0.143,0.011,0.081,0.24
Guatemala,1975,0.106,0.244,1,0.028,1,0.041,0.521,0.094,0.351,0,0.68,0.006,0.143,0.011,0.081,0.24
Guatemala,1976,0.099,0.225,1,0.028,1,0.035,0.521,0.094,0.351,0,0.68,0.006,0.169,0.011,0.081,0.24
Guatemala,1977,0.088,0.219,1,0.028,1,0.024,0.521,0.094,0.302,0,0.68,0.006,0.169,0.011,0.081,0.24
Guatemala,1978,0.076,0.195,1,0.029,1,0.02,0.492,0.031,0.302,0,0.68,0.006,0.133,0.011,0.081,0.226
Guatemala,1979,0.076,0.185,1,0.029,1,0.018,0.492,0.031,0.25,0,0.68,0.006,0.133,0.011,0.081,0.226
Guatemala,1980,0.076,0.185,1,0.029,1,0.016,0.492,0.031,0.207,0,0.68,0.006,0.133,0.011,0.081,0.226
Guatemala,1981,0.076,0.185,1,0.029,1,0.016,0.492,0.031,0.207,0,0.68,0.006,0.109,0.011,0.081,0.237
Guatemala,1982,0.076,0.171,1,0.007,0,0.011,0.433,0.096,0.101,0,0.68,0.006,0.109,0.011,0.081,0.237
Guatemala,1983,0.081,0.171,1,0,0,0.013,0.467,0.116,0.048,0,0.68,0.006,0.145,0.011,0.081,0.237
Guatemala,1984,0.089,0.3,1,0.102,0,0.016,0.473,0.16,0.105,0,0.752,0.006,0.153,0.011,0.126,0.237
Guatemala,1985,0.231,0.394,1,0.067,0,0.029,0.552,0.16,0.441,0.033,0.752,0.006,0.2,0.011,0.154,0.237
Guatemala,1986,0.403,0.57,1,0.437,1,0.094,0.624,0.321,0.559,0.033,0.752,0.006,0.449,0.014,0.197,0.267
Guatemala,1987,0.471,0.589,1,0.437,1,0.169,0.624,0.463,0.661,0.033,0.911,0.006,0.494,0.017,0.197,0.267
Guatemala,1988,0.471,0.589,1,0.437,1,0.169,0.624,0.463,0.661,0.033,0.911,0.006,0.494,0.139,0.197,0.267
Guatemala,1989,0.471,0.589,1,0.437,1,0.169,0.624,0.463,0.661,0.033,0.911,0.006,0.494,0.139,0.197,0.267
Guatemala,1990,0.471,0.588,1,0.446,1,0.174,0.624,0.518,0.744,0.033,0.911,0.006,0.494,0.139,0.264,0.267
Guatemala,1991,0.462,0.592,1,0.508,1,0.164,0.624,0.518,0.689,0.033,0.911,0.006,0.494,0.139,0.344,0.267
Guatemala,1992,0.462,0.592,1,0.508,1,0.164,0.624,0.518,0.675,0.033,0.911,0.006,0.503,0.139,0.344,0.267
Guatemala,1993,0.469,0.592,1,0.508,1,0.171,0.624,0.553,0.675,0.033,0.911,0.006,0.503,0.139,0.344,0.267
Guatemala,1994,0.519,0.606,1,0.498,1,0.186,0.624,0.623,0.8,0.151,0.911,0.006,0.503,0.139,0.344,0.267
Guatemala,1995,0.535,0.657,1,0.482,1,0.186,0.665,0.623,0.8,0.151,0.911,0.006,0.54,0.139,0.344,0.267
Guatemala,1996,0.603,0.732,1,0.483,1,0.255,0.665,0.565,0.8,0.151,0.911,0.006,0.604,0.143,0.434,0.243
Guatemala,1997,0.665,0.782,1,0.506,1,0.341,0.606,0.565,0.662,0.151,0.911,0.006,0.675,0.143,0.421,0.246
Guatemala,1998,0.665,0.782,1,0.506,1,0.345,0.606,0.565,0.662,0.151,0.911,0.006,0.675,0.143,0.421,0.246
Guatemala,1999,0.665,0.783,1,0.511,1,0.336,0.609,0.582,0.662,0.138,0.911,0.006,0.717,0.143,0.421,0.246
Guatemala,2000,0.754,0.827,1,0.537,1,0.525,0.62,0.686,0.674,0.138,0.846,0.273,0.64,0.155,0.421,0.246
Guatemala,2001,0.754,0.827,1,0.537,1,0.537,0.62,0.686,0.674,0.138,0.846,0.273,0.64,0.155,0.421,0.246
Guatemala,2002,0.754,0.827,1,0.537,1,0.541,0.62,0.686,0.674,0.138,0.846,0.273,0.64,0.155,0.421,0.246
Guatemala,2003,0.754,0.826,1,0.541,1,0.541,0.62,0.686,0.674,0.138,0.846,0.273,0.64,0.155,0.421,0.246
Guatemala,2004,0.754,0.819,1,0.568,1,0.554,0.62,0.712,0.674,0.125,0.846,0.273,0.64,0.155,0.421,0.246
Guatemala,2005,0.754,0.819,1,0.568,1,0.554,0.62,0.718,0.674,0.112,0.846,0.273,0.64,0.155,0.421,0.246
Guatemala,2006,0.754,0.819,1,0.568,1,0.552,0.62,0.718,0.674,0.099,0.846,0.273,0.64,0.155,0.421,0.246
Guatemala,2007,0.749,0.823,1,0.585,1,0.552,0.62,0.756,0.674,0.086,0.846,0.273,0.64,0.155,0.421,0.246
Guatemala,2008,0.754,0.831,1,0.628,1,0.555,0.62,0.756,0.674,0.072,0.846,0.273,0.64,0.155,0.426,0.25
Guatemala,2009,0.757,0.831,1,0.628,1,0.553,0.62,0.756,0.674,0.059,0.846,0.273,0.64,0.155,0.426,0.25
Guatemala,2010,0.757,0.831,1,0.618,1,0.563,0.616,0.756,0.674,0.046,0.846,0.273,0.631,0.155,0.426,0.25
Guatemala,2011,0.757,0.831,1,0.614,1,0.563,0.609,0.725,0.674,0.033,0.846,0.273,0.623,0.155,0.426,0.25
Guatemala,2012,0.758,0.825,1,0.605,1,0.562,0.609,0.713,0.674,0.033,0.846,0.273,0.582,0.155,0.412,0.244
Guatemala,2013,0.77,0.815,1,0.597,1,0.565,0.699,0.757,0.654,0.033,0.846,0.273,0.579,0.15,0.453,0.188
Guatemala,2014,0.757,0.815,1,0.617,1,0.565,0.736,0.757,0.654,0.033,0.846,0.273,0.579,0.149,0.483,0.188
Guatemala,2015,0.765,0.822,1,0.642,1,0.567,0.751,0.784,0.667,0.033,0.846,0.273,0.596,0.15,0.489,0.188
Guatemala,2016,0.774,0.836,1,0.695,1,0.574,0.737,0.784,0.667,0.033,0.846,0.273,0.543,0.15,0.489,0.188
Guatemala,2017,0.778,0.835,1,0.692,1,0.596,0.761,0.753,0.627,0.033,0.846,0.273,0.548,0.15,0.465,0.19
Guatemala,2018,0.718,0.838,1,0.684,1,0.571,0.725,0.698,0.509,0.151,0.846,0.273,0.421,0.149,0.483,0.204
Guatemala,2019,0.732,0.859,1,0.66,1,0.578,0.687,0.709,0.453,0.151,0.907,0.273,0.478,0.153,0.413,0.202
Guatemala,2020,0.749,0.836,1,0.627,1,0.561,0.699,0.688,0.543,0.151,0.936,0.273,0.484,0.154,0.498,0.194
Guatemala,2021,0.703,0.797,1,0.611,1,0.577,0.647,0.569,0.499,0.151,0.936,0.273,0.475,0.161,0.468,0.136
Guatemala,2022,0.643,0.737,1,0.599,1,0.546,0.578,0.488,0.397,0.151,0.936,0.273,0.487,0.182,0.464,0.11
Guatemala,2023,0.671,0.68,1,0.618,1,0.559,0.541,0.486,0.422,0.143,0.89,0.273,0.465,0.187,0.507,0.136
Guatemala,2024,0.811,0.793,1,0.62,1,0.582,0.921,0.828,0.702,0.136,0.958,0.273,0.594,0.166,0.605,0.181
Ireland,1950,0.861,0.887,1,0.878,1,0.924,0.972,0.707,0.852,0.106,0.823,0,0.541,0.836,0.751,0.719
Ireland,1951,0.867,0.885,1,0.881,1,0.924,0.96,0.707,0.852,0.095,0.823,0,0.541,0.836,0.751,0.731
Ireland,1952,0.867,0.883,1,0.884,1,0.924,0.973,0.707,0.852,0.083,0.823,0,0.541,0.836,0.751,0.731
Ireland,1953,0.867,0.883,1,0.884,1,0.924,0.973,0.707,0.852,0.072,0.823,0,0.541,0.836,0.751,0.731
Ireland,1954,0.87,0.884,1,0.886,1,0.924,0.973,0.707,0.852,0.061,0.823,0,0.541,0.836,0.751,0.731
Ireland,1955,0.87,0.884,1,0.888,1,0.924,0.973,0.707,0.852,0.049,0.823,0,0.541,0.836,0.751,0.738
Ireland,1956,0.87,0.884,1,0.888,1,0.924,0.973,0.707,0.852,0.038,0.823,0,0.541,0.836,0.751,0.738
Ireland,1957,0.87,0.881,1,0.883,1,0.928,0.973,0.707,0.852,0.038,0.823,0,0.541,0.836,0.751,0.738
Ireland,1958,0.87,0.881,1,0.882,1,0.93,0.973,0.707,0.852,0.038,0.823,0,0.541,0.836,0.751,0.738
Ireland,1959,0.87,0.883,1,0.886,1,0.93,0.973,0.707,0.852,0.189,0.823,0,0.541,0.836,0.751,0.738
Ireland,1960,0.877,0.886,1,0.888,1,0.93,0.973,0.707,0.852,0.189,0.823,0,0.541,0.836,0.751,0.749
Ireland,1961,0.877,0.892,1,0.894,1,0.93,0.973,0.707,0.852,0.189,0.823,0,0.606,0.836,0.751,0.75
Ireland,1962,0.877,0.893,1,0.914,1,0.93,0.973,0.707,0.852,0.189,0.823,0,0.606,0.836,0.751,0.75
Ireland,1963,0.882,0.893,1,0.914,1,0.93,0.973,0.707,0.852,0.189,0.823,0,0.606,0.836,0.684,0.75
Ireland,1964,0.893,0.893,1,0.914,1,0.936,0.973,0.707,0.875,0.17,0.823,0,0.606,0.836,0.684,0.751
Ireland,1965,0.893,0.892,1,0.916,1,0.936,0.973,0.721,0.875,0.151,0.823,0,0.606,0.882,0.684,0.751
Ireland,1966,0.893,0.891,1,0.917,1,0.936,0.973,0.721,0.88,0.132,0.823,0,0.606,0.882,0.684,0.78
Ireland,1967,0.893,0.891,1,0.917,1,0.936,0.973,0.721,0.891,0.113,0.823,0,0.606,0.882,0.684,0.78
Ireland,1968,0.893,0.891,1,0.917,1,0.936,0.973,0.721,0.891,0.189,0.823,0,0.606,0.882,0.684,0.78
Ireland,1969,0.894,0.891,1,0.918,1,0.936,0.973,0.721,0.891,0.189,0.823,0,0.606,0.882,0.684,0.78
Ireland,1970,0.906,0.891,1,0.919,1,0.936,0.973,0.721,0.843,0.189,0.823,0,0.638,0.882,0.712,0.836
Ireland,1971,0.906,0.891,1,0.919,1,0.94,0.973,0.721,0.849,0.189,0.823,0,0.674,0.882,0.742,0.836
Ireland,1972,0.906,0.891,1,0.919,1,0.94,0.973,0.721,0.849,0.208,0.823,0,0.674,0.882,0.742,0.833
Ireland,1973,0.906,0.891,1,0.913,1,0.94,0.973,0.721,0.849,0.208,0.823,0,0.692,0.882,0.742,0.833
Ireland,1974,0.925,0.891,1,0.913,1,0.944,0.973,0.748,0.849,0.208,0.823,0,0.692,0.882,0.742,0.834
Ireland,1975,0.925,0.891,1,0.913,1,0.944,0.973,0.748,0.849,0.208,0.823,0,0.692,0.882,0.742,0.834
Ireland,1976,0.925,0.891,1,0.913,1,0.944,0.973,0.748,0.849,0.208,0.823,0,0.702,0.882,0.742,0.834
Ireland,1977,0.925,0.89,1,0.913,1,0.944,0.973,0.748,0.842,0.197,0.823,0,0.702,0.882,0.765,0.834
Ireland,1978,0.925,0.89,1,0.913,1,0.944,0.973,0.748,0.842,0.185,0.823,0,0.702,0.882,0.765,0.834
Ireland,1979,0.925,0.89,1,0.913,1,0.944,0.973,0.748,0.842,0.208,0.823,0,0.702,0.882,0.765,0.868
Ireland,1980,0.922,0.89,1,0.913,1,0.944,0.973,0.748,0.854,0.208,0.823,0,0.702,0.882,0.765,0.88
Ireland,1981,0.922,0.891,1,0.927,1,0.956,0.964,0.748,0.854,0.208,0.823,0,0.728,0.882,0.765,0.88
Ireland,1982,0.93,0.893,1,0.922,1,0.956,0.945,0.748,0.854,0.208,0.823,0,0.728,0.882,0.783,0.88
Ireland,1983,0.93,0.893,1,0.92,1,0.961,0.947,0.748,0.854,0.208,0.823,0,0.728,0.882,0.783,0.88
Ireland,1984,0.93,0.893,1,0.92,1,0.961,0.947,0.775,0.854,0.208,0.823,0,0.728,0.882,0.783,0.88
Ireland,1985,0.937,0.893,1,0.92,1,0.961,0.947,0.775,0.868,0.208,0.823,0,0.728,0.882,0.783,0.88
Ireland,1986,0.937,0.893,1,0.92,1,0.961,0.947,0.789,0.868,0.208,0.823,0,0.728,0.932,0.783,0.88
Ireland,1987,0.937,0.892,1,0.932,1,0.961,0.947,0.789,0.891,0.208,0.823,0,0.771,0.932,0.783,0.879
Ireland,1988,0.937,0.892,1,0.934,1,0.961,0.947,0.789,0.891,0.208,0.823,0,0.771,0.932,0.783,0.879
Ireland,1989,0.937,0.892,1,0.932,1,0.961,0.947,0.789,0.891,0.208,0.823,0,0.771,0.932,0.783,0.879
Ireland,1990,0.955,0.891,1,0.929,1,0.961,0.944,0.789,0.891,0.208,0.823,0,0.771,0.932,0.827,0.879
Ireland,1991,0.962,0.914,1,0.923,1,0.961,0.952,0.789,0.942,0.208,0.823,0,0.782,0.948,0.827,0.886
Ireland,1992,0.962,0.914,1,0.923,1,0.961,0.952,0.827,0.942,0.208,0.823,0,0.782,0.948,0.827,0.886
Ireland,1993,0.962,0.913,1,0.925,1,0.961,0.952,0.827,0.942,0.208,0.823,0,0.782,0.948,0.827,0.886
Ireland,1994,0.962,0.913,1,0.925,1,0.961,0.952,0.827,0.942,0.208,0.823,0,0.782,0.948,0.85,0.886
Ireland,1995,0.962,0.913,1,0.929,1,0.961,0.952,0.827,0.942,0.208,0.823,0,0.782,0.948,0.85,0.886
Ireland,1996,0.969,0.913,1,0.929,1,0.961,0.952,0.827,0.942,0.208,0.823,0,0.782,0.948,0.85,0.891
Ireland,1997,0.969,0.914,1,0.934,1,0.961,0.952,0.864,0.947,0.208,0.823,0,0.782,0.948,0.85,0.891
Ireland,1998,0.969,0.915,1,0.937,1,0.961,0.952,0.864,0.947,0.208,0.823,0,0.782,0.948,0.85,0.891
Ireland,1999,0.969,0.915,1,0.937,1,0.961,0.952,0.864,0.947,0.208,0.823,0,0.782,0.948,0.835,0.891
Ireland,2000,0.976,0.915,1,0.937,1,0.961,0.952,0.864,0.947,0.208,0.823,0,0.782,0.948,0.835,0.86
Ireland,2001,0.976,0.915,1,0.937,1,0.961,0.952,0.864,0.947,0.208,0.823,0,0.782,0.948,0.835,0.86
Ireland,2002,0.976,0.915,1,0.936,1,0.961,0.952,0.864,0.947,0.208,0.823,0,0.782,0.948,0.835,0.86
Ireland,2003,0.976,0.916,1,0.936,1,0.961,0.952,0.864,0.947,0.208,0.823,0,0.79,0.948,0.835,0.86
Ireland,2004,0.976,0.916,1,0.936,1,0.961,0.952,0.864,0.947,0.208,0.823,0,0.79,0.948,0.835,0.86
Ireland,2005,0.976,0.916,1,0.936,1,0.961,0.952,0.864,0.947,0.208,0.823,0,0.79,0.948,0.835,0.86
Ireland,2006,0.976,0.916,1,0.936,1,0.961,0.952,0.864,0.947,0.208,0.823,0,0.79,0.948,0.835,0.86
Ireland,2007,0.976,0.918,1,0.946,1,0.961,0.952,0.864,0.947,0.208,0.823,0,0.79,0.948,0.835,0.86
Ireland,2008,0.976,0.918,1,0.952,1,0.961,0.952,0.864,0.947,0.208,0.823,0,0.791,0.949,0.835,0.86
Ireland,2009,0.976,0.918,1,0.952,1,0.961,0.952,0.864,0.936,0.208,0.823,0,0.782,0.95,0.835,0.86
Ireland,2010,0.976,0.918,1,0.952,1,0.961,0.952,0.864,0.936,0.208,0.823,0,0.819,0.95,0.835,0.86
Ireland,2011,0.976,0.917,1,0.95,1,0.961,0.952,0.864,0.936,0.208,0.823,0,0.829,0.95,0.835,0.86
Ireland,2012,0.977,0.916,1,0.95,1,0.964,0.952,0.857,0.936,0.208,0.823,0,0.829,0.95,0.828,0.831
Ireland,2013,0.974,0.916,1,0.95,1,0.966,0.952,0.879,0.951,0.208,0.823,0,0.854,0.947,0.853,0.836
Ireland,2014,0.974,0.916,1,0.95,1,0.966,0.952,0.879,0.951,0.208,0.823,0,0.863,0.941,0.853,0.836
Ireland,2015,0.974,0.916,1,0.95,1,0.967,0.952,0.879,0.955,0.208,0.823,0,0.884,0.946,0.846,0.829
Ireland,2016,0.974,0.918,1,0.937,1,0.967,0.952,0.879,0.955,0.208,0.823,0,0.882,0.95,0.846,0.829
Ireland,2017,0.974,0.922,1,0.935,1,0.97,0.957,0.883,0.955,0.208,0.823,0,0.893,0.959,0.864,0.833
Ireland,2018,0.974,0.925,1,0.934,1,0.966,0.957,0.883,0.945,0.208,0.823,0,0.893,0.961,0.849,0.833
Ireland,2019,0.97,0.924,1,0.937,1,0.975,0.957,0.883,0.915,0.208,0.823,0,0.893,0.952,0.864,0.832
Ireland,2020,0.975,0.923,1,0.937,1,0.976,0.957,0.879,0.96,0.208,0.823,0,0.89,0.961,0.859,0.838
Ireland,2021,0.975,0.923,1,0.948,1,0.973,0.957,0.879,0.961,0.208,0.758,0,0.905,0.961,0.859,0.838
Ireland,2022,0.972,0.913,1,0.948,1,0.977,0.957,0.88,0.961,0.208,0.758,0,0.905,0.961,0.859,0.837
Ireland,2023,0.974,0.913,1,0.953,1,0.977,0.957,0.88,0.961,0.208,0.758,0,0.905,0.961,0.859,0.837
Ireland,2024,0.974,0.913,1,0.951,1,0.977,0.957,0.88,0.961,0.197,0.758,0,0.905,0.961,0.859,0.833
Italy,1950,0.761,0.824,1,0.834,0.99,0.847,0.683,0.903,0.675,0.039,0.937,0,0.852,0.836,0.753,0.575
Italy,1951,0.761,0.824,1,0.834,0.99,0.847,0.683,0.903,0.675,0.039,0.937,0,0.852,0.836,0.753,0.575
Italy,1952,0.761,0.824,1,0.834,0.99,0.847,0.683,0.903,0.675,0.039,0.937,0,0.852,0.836,0.753,0.575
Italy,1953,0.761,0.826,1,0.856,0.99,0.847,0.683,0.903,0.675,0.039,0.937,0,0.852,0.836,0.753,0.575
Italy,1954,0.761,0.827,1,0.872,0.99,0.847,0.683,0.903,0.675,0.039,0.937,0,0.903,0.836,0.753,0.602
Italy,1955,0.761,0.827,1,0.872,0.99,0.847,0.683,0.903,0.675,0.039,0.937,0,0.903,0.836,0.753,0.602
Italy,1956,0.788,0.827,1,0.881,0.99,0.848,0.781,0.903,0.675,0.039,0.937,0,0.903,0.888,0.753,0.602
Italy,1957,0.788,0.827,1,0.881,0.99,0.848,0.781,0.903,0.675,0.039,0.937,0,0.903,0.888,0.753,0.639
Italy,1958,0.788,0.827,1,0.887,0.99,0.848,0.781,0.903,0.675,0.039,0.937,0,0.903,0.888,0.753,0.639
Italy,1959,0.788,0.827,1,0.89,0.99,0.85,0.781,0.903,0.638,0.039,0.937,0,0.903,0.888,0.753,0.684
Italy,1960,0.788,0.857,1,0.89,0.99,0.847,0.795,0.903,0.655,0.039,0.937,0,0.903,0.918,0.796,0.737
Italy,1961,0.788,0.866,1,0.89,0.99,0.85,0.795,0.903,0.655,0.039,0.937,0,0.903,0.918,0.796,0.737
Italy,1962,0.788,0.866,1,0.89,0.99,0.857,0.795,0.903,0.655,0.039,0.937,0,0.903,0.918,0.796,0.768
Italy,1963,0.789,0.865,1,0.889,0.99,0.883,0.795,0.903,0.655,0.039,0.937,0,0.903,0.931,0.849,0.768
Italy,1964,0.789,0.864,1,0.888,0.99,0.883,0.795,0.903,0.655,0.039,0.937,0,0.903,0.931,0.849,0.786
Italy,1965,0.789,0.864,1,0.888,0.99,0.883,0.795,0.903,0.655,0.039,0.937,0,0.903,0.931,0.849,0.786
Italy,1966,0.789,0.864,1,0.888,0.99,0.883,0.795,0.903,0.724,0.039,0.937,0,0.916,0.931,0.849,0.786
Italy,1967,0.789,0.864,1,0.888,0.99,0.883,0.795,0.903,0.724,0.039,0.937,0,0.916,0.931,0.849,0.786
Italy,1968,0.789,0.869,1,0.885,0.99,0.887,0.804,0.903,0.842,0.039,0.937,0,0.916,0.931,0.849,0.786
Italy,1969,0.809,0.87,1,0.884,0.99,0.885,0.804,0.903,0.842,0.039,0.937,0,0.916,0.937,0.849,0.786
Italy,1970,0.835,0.862,1,0.884,0.99,0.892,0.823,0.903,0.807,0.039,0.937,0.824,0.932,0.948,0.884,0.789
Italy,1971,0.835,0.862,1,0.884,0.99,0.9,0.823,0.903,0.807,0.039,0.937,0.824,0.932,0.948,0.884,0.789
Italy,1972,0.835,0.862,1,0.887,0.99,0.9,0.823,0.903,0.807,0.039,0.937,0.824,0.932,0.963,0.884,0.789
Italy,1973,0.827,0.861,1,0.889,0.99,0.895,0.823,0.903,0.807,0.039,0.937,0.824,0.932,0.963,0.884,0.789
Italy,1974,0.827,0.861,1,0.889,0.99,0.895,0.823,0.903,0.807,0.248,0.937,0.824,0.932,0.963,0.884,0.796
Italy,1975,0.842,0.861,1,0.889,0.99,0.895,0.837,0.903,0.807,0.248,0.937,0.824,0.932,0.963,0.884,0.796
Italy,1976,0.858,0.861,1,0.886,0.99,0.914,0.837,0.903,0.807,0.248,0.937,0.824,0.932,0.963,0.884,0.796
Italy,1977,0.867,0.862,1,0.884,0.99,0.922,0.837,0.903,0.807,0.248,0.937,0.824,0.939,0.963,0.884,0.796
Italy,1978,0.867,0.862,1,0.884,0.99,0.922,0.837,0.903,0.807,0.248,0.937,0.824,0.939,0.963,0.884,0.796
Italy,1979,0.867,0.861,1,0.886,0.99,0.922,0.837,0.903,0.807,0.248,0.937,0.824,0.939,0.963,0.884,0.796
Italy,1980,0.897,0.884,1,0.888,0.99,0.941,0.837,0.903,0.801,0.248,0.937,0.981,0.939,0.963,0.887,0.908
Italy,1981,0.92,0.884,1,0.888,0.99,0.944,0.837,0.903,0.801,0.248,0.937,0.981,0.939,0.963,0.887,0.93
Italy,1982,0.92,0.884,1,0.888,0.99,0.945,0.837,0.903,0.801,0.248,0.937,0.981,0.939,0.963,0.887,0.93
Italy,1983,0.92,0.884,1,0.892,0.99,0.945,0.837,0.903,0.801,0.248,0.937,0.981,0.939,0.963,0.887,0.93
Italy,1984,0.92,0.906,1,0.896,0.99,0.945,0.837,0.903,0.801,0.248,0.937,0.981,0.939,0.963,0.887,0.93
Italy,1985,0.92,0.906,1,0.896,0.99,0.945,0.837,0.903,0.801,0.248,0.937,0.981,0.943,0.963,0.887,0.936
Italy,1986,0.92,0.906,1,0.896,0.99,0.945,0.837,0.903,0.801,0.248,0.937,0.981,0.943,0.963,0.887,0.936
Italy,1987,0.92,0.908,1,0.896,0.99,0.945,0.837,0.903,0.801,0.274,0.937,0.981,0.943,0.963,0.887,0.936
Italy,1988,0.92,0.91,1,0.896,0.99,0.945,0.837,0.903,0.801,0.274,0.937,0.981,0.943,0.963,0.887,0.936
Italy,1989,0.92,0.91,1,0.896,0.99,0.945,0.837,0.903,0.801,0.374,0.937,0.981,0.943,0.963,0.887,0.936
Italy,1990,0.92,0.91,1,0.896,0.99,0.945,0.856,0.903,0.88,0.274,0.956,0.981,0.943,0.963,0.885,0.936
Italy,1991,0.931,0.91,1,0.896,0.99,0.946,0.856,0.903,0.91,0.274,0.956,0.981,0.943,0.963,0.902,0.936
Italy,1992,0.949,0.9,1,0.895,0.99,0.946,0.856,0.917,0.91,0.274,0.956,0.981,0.953,0.963,0.902,0.936
Italy,1993,0.949,0.9,1,0.904,0.99,0.948,0.856,0.917,0.918,0.274,0.99,0.981,0.944,0.963,0.929,0.938
Italy,1994,0.941,0.909,1,0.892,0.99,0.948,0.841,0.927,0.94,0.274,0.99,0.981,0.931,0.963,0.911,0.934
Italy,1995,0.941,0.91,1,0.888,0.99,0.948,0.859,0.927,0.94,0.274,0.99,0.981,0.916,0.963,0.911,0.934
Italy,1996,0.941,0.909,1,0.9,0.99,0.948,0.859,0.927,0.94,0.274,0.99,0.981,0.916,0.963,0.911,0.934
Italy,1997,0.95,0.908,1,0.905,0.99,0.948,0.859,0.927,0.94,0.274,0.99,0.981,0.944,0.963,0.911,0.938
Italy,1998,0.95,0.908,1,0.905,0.99,0.948,0.859,0.927,0.94,0.274,0.99,0.981,0.944,0.963,0.911,0.938
Italy,1999,0.95,0.908,1,0.905,0.99,0.948,0.859,0.927,0.94,0.274,0.99,0.981,0.944,0.963,0.911,0.938
Italy,2000,0.95,0.897,1,0.905,0.99,0.948,0.859,0.927,0.94,0.248,0.99,0.981,0.944,0.963,0.911,0.938
Italy,2001,0.936,0.895,1,0.91,0.99,0.948,0.846,0.927,0.921,0.366,0.99,0.981,0.944,0.963,0.911,0.938
Italy,2002,0.929,0.913,1,0.912,0.99,0.948,0.859,0.927,0.921,0.366,0.99,0.981,0.92,0.963,0.911,0.936
Italy,2003,0.929,0.913,1,0.912,0.99,0.948,0.867,0.927,0.921,0.366,0.99,0.981,0.92,0.963,0.914,0.936
Italy,2004,0.929,0.913,1,0.912,0.99,0.948,0.867,0.927,0.921,0.366,0.99,0.981,0.935,0.963,0.914,0.936
Italy,2005,0.929,0.925,1,0.912,0.99,0.948,0.867,0.927,0.921,0.366,0.99,0.981,0.935,0.963,0.914,0.936
Italy,2006,0.942,0.923,1,0.914,0.99,0.948,0.878,0.944,0.928,0.358,0.99,0.981,0.939,0.963,0.914,0.936
Italy,2007,0.955,0.929,1,0.915,0.99,0.948,0.873,0.944,0.928,0.353,0.99,0.981,0.946,0.963,0.914,0.936
Italy,2008,0.939,0.922,1,0.922,0.99,0.945,0.855,0.922,0.934,0.353,0.99,0.981,0.946,0.963,0.914,0.935
Italy,2009,0.928,0.926,1,0.925,0.99,0.946,0.867,0.922,0.92,0.353,0.99,0.981,0.946,0.963,0.914,0.935
Italy,2010,0.929,0.927,1,0.925,0.99,0.946,0.875,0.922,0.928,0.353,0.99,0.981,0.946,0.963,0.921,0.935
Italy,2011,0.939,0.927,1,0.925,0.99,0.946,0.875,0.945,0.926,0.366,0.99,0.981,0.949,0.963,0.934,0.933
Italy,2012,0.953,0.927,1,0.925,0.99,0.947,0.872,0.947,0.923,0.353,0.99,0.981,0.956,0.961,0.934,0.933
Italy,2013,0.949,0.912,1,0.934,0.99,0.946,0.87,0.948,0.921,0.34,0.994,0.992,0.944,0.916,0.934,0.933
Italy,2014,0.949,0.912,1,0.936,0.99,0.946,0.87,0.948,0.917,0.327,0.994,0.992,0.94,0.916,0.934,0.933
Italy,2015,0.949,0.912,1,0.936,0.99,0.946,0.87,0.948,0.917,0.314,0.994,0.992,0.944,0.916,0.934,0.944
Italy,2016,0.949,0.924,1,0.936,0.99,0.946,0.87,0.948,0.917,0.379,0.994,0.992,0.944,0.916,0.935,0.944
Italy,2017,0.945,0.916,1,0.938,0.99,0.95,0.88,0.948,0.915,0.379,0.981,0.992,0.941,0.952,0.935,0.944
Italy,2018,0.955,0.907,1,0.94,0.99,0.947,0.857,0.948,0.86,0.379,0.995,0.992,0.93,0.914,0.931,0.941
Italy,2019,0.939,0.906,1,0.941,0.99,0.949,0.857,0.96,0.895,0.379,0.995,0.992,0.933,0.915,0.952,0.946
Italy,2020,0.941,0.913,1,0.941,0.99,0.926,0.857,0.951,0.905,0.392,0.995,0.965,0.916,0.895,0.915,0.922
Italy,2021,0.941,0.913,1,0.941,0.99,0.927,0.857,0.951,0.897,0.376,0.995,0.965,0.925,0.932,0.915,0.925
Italy,2022,0.933,0.897,1,0.942,0.985,0.944,0.857,0.951,0.889,0.366,0.995,0.965,0.925,0.927,0.914,0.925
Italy,2023,0.867,0.896,1,0.946,0.985,0.944,0.849,0.951,0.889,0.366,0.995,0.965,0.915,0.927,0.914,0.913
Italy,2024,0.844,0.896,1,0.946,0.985,0.944,0.772,0.951,0.889,0.366,0.995,0.965,0.865,0.927,0.914,0.909
Jordan,1950,0.17,0.343,0.5,0.237,0,0.609,0.546,0.561,0.255,0,0.158,0.006,0.443,0.553,0.305,0.598
Jordan,1951,0.194,0.342,0.5,0.241,0,0.595,0.546,0.561,0.255,0,0.158,0.006,0.443,0.553,0.305,0.61
Jordan,1952,0.194,0.44,0.5,0.248,1,0.61,0.546,0.561,0.255,0,0.158,0.006,0.508,0.553,0.305,0.622
Jordan,1953,0.218,0.44,0.5,0.248,0,0.61,0.553,0.561,0.255,0,0.158,0.006,0.49,0.553,0.424,0.622
Jordan,1954,0.285,0.441,0.5,0.253,0,0.61,0.553,0.561,0.307,0,0.158,0.006,0.49,0.553,0.424,0.622
Jordan,1955,0.285,0.469,0.5,0.273,0,0.61,0.553,0.561,0.397,0,0.158,0.006,0.514,0.553,0.424,0.622
Jordan,1956,0.296,0.471,0.5,0.278,0,0.588,0.553,0.644,0.415,0,0.158,0.006,0.514,0.553,0.394,0.634
Jordan,1957,0.226,0.342,0.5,0.291,0,0.588,0.553,0.566,0.31,0,0.158,0.006,0.474,0.553,0.364,0.634
Jordan,1958,0.226,0.332,0.5,0.291,0,0.532,0.533,0.566,0.284,0,0.158,0.006,0.474,0.553,0.326,0.634
Jordan,1959,0.226,0.332,0.5,0.291,0,0.532,0.533,0.566,0.284,0,0.158,0.006,0.474,0.553,0.326,0.638
Jordan,1960,0.226,0.332,0.5,0.291,0,0.536,0.533,0.566,0.284,0,0.158,0.006,0.474,0.564,0.326,0.638
Jordan,1961,0.226,0.324,0.5,0.273,0,0.536,0.533,0.566,0.284,0,0.158,0.006,0.474,0.564,0.326,0.638
Jordan,1962,0.226,0.295,0.5,0.201,0,0.611,0.533,0.566,0.284,0,0.158,0.006,0.474,0.564,0.326,0.638
Jordan,1963,0.226,0.288,0.5,0.2,0,0.611,0.533,0.566,0.284,0,0.158,0.006,0.474,0.564,0.326,0.638
Jordan,1964,0.226,0.288,0.5,0.2,0,0.595,0.533,0.566,0.284,0,0.158,0.006,0.474,0.564,0.326,0.638
Jordan,1965,0.226,0.288,0.5,0.2,0,0.611,0.533,0.566,0.284,0,0.158,0.006,0.474,0.564,0.326,0.629
Jordan,1966,0.226,0.288,0.5,0.2,0,0.611,0.533,0.566,0.284,0,0.158,0.006,0.474,0.564,0.326,0.629
Jordan,1967,0.238,0.29,0.5,0.205,0,0.573,0.533,0.566,0.284,0,0.158,0.006,0.474,0.564,0.326,0.629
Jordan,1968,0.238,0.291,0.5,0.189,0,0.559,0.533,0.566,0.284,0,0.158,0.006,0.415,0.588,0.326,0.629
Jordan,1969,0.238,0.291,0.5,0.189,0,0.559,0.533,0.566,0.284,0,0.158,0.006,0.415,0.588,0.326,0.629
Jordan,1970,0.242,0.289,0.5,0.189,0,0.606,0.533,0.522,0.323,0,0.158,0.006,0.415,0.589,0.326,0.629
Jordan,1971,0.217,0.289,0.5,0.189,0,0.648,0.533,0.522,0.277,0,0.158,0.006,0.415,0.589,0.326,0.643
Jordan,1972,0.217,0.289,0.5,0.189,0,0.598,0.533,0.522,0.277,0,0.158,0.006,0.415,0.589,0.326,0.643
Jordan,1973,0.217,0.289,0.5,0.189,0,0.598,0.533,0.522,0.277,0,0.158,0.006,0.415,0.589,0.326,0.643
Jordan,1974,0.217,0.289,0.5,0.189,0,0.598,0.533,0.522,0.277,0,0.158,0.006,0.415,0.589,0.326,0.643
Jordan,1975,0.217,0.289,1,0,0,0.598,0.533,0.591,0.277,0,0.158,0.006,0.415,0.589,0.326,0.643
Jordan,1976,0.217,0.289,1,0,0,0.598,0.533,0.591,0.277,0,0.158,0.006,0.415,0.589,0.326,0.643
Jordan,1977,0.217,0.289,1,0,0,0.598,0.533,0.591,0.277,0,0.158,0.006,0.415,0.589,0.326,0.643
Jordan,1978,0.217,0.289,1,0,0,0.598,0.533,0.591,0.277,0,0.158,0.006,0.415,0.589,0.326,0.643
Jordan,1979,0.217,0.289,1,0,0,0.598,0.533,0.591,0.277,0,0.158,0.006,0.415,0.589,0.326,0.643
Jordan,1980,0.211,0.289,1,0,0,0.679,0.533,0.591,0.343,0,0.158,0.006,0.401,0.578,0.326,0.666
Jordan,1981,0.211,0.289,1,0,0,0.679,0.533,0.591,0.343,0,0.158,0.006,0.401,0.578,0.326,0.666
Jordan,1982,0.211,0.289,1,0,0,0.679,0.533,0.591,0.343,0,0.158,0.006,0.401,0.578,0.326,0.666
Jordan,1983,0.211,0.289,1,0,0,0.679,0.533,0.591,0.343,0,0.158,0.006,0.401,0.578,0.326,0.666
Jordan,1984,0.211,0.289,1,0,0,0.679,0.533,0.512,0.343,0,0.158,0.006,0.401,0.578,0.349,0.666
Jordan,1985,0.211,0.289,1,0,0,0.679,0.533,0.587,0.343,0,0.158,0.006,0.401,0.578,0.349,0.666
Jordan,1986,0.211,0.289,1,0,0,0.679,0.533,0.587,0.343,0,0.158,0.006,0.401,0.578,0.349,0.666
Jordan,1987,0.211,0.289,1,0,0,0.679,0.533,0.587,0.343,0,0.158,0.006,0.401,0.578,0.349,0.666
Jordan,1988,0.229,0.289,1,0,0,0.679,0.533,0.587,0.352,0,0.158,0.006,0.401,0.578,0.349,0.666
Jordan,1989,0.295,0.301,1,0.065,0,0.679,0.533,0.587,0.459,0,0.081,0.006,0.449,0.578,0.515,0.666
Jordan,1990,0.416,0.385,1,0.438,0,0.685,0.505,0.587,0.448,0,0.081,0.006,0.564,0.578,0.515,0.677
Jordan,1991,0.416,0.398,1,0.438,0,0.685,0.505,0.587,0.448,0,0.081,0.006,0.564,0.578,0.515,0.677
Jordan,1992,0.416,0.452,1,0.438,0,0.685,0.505,0.58,0.448,0,0.081,0.006,0.564,0.578,0.515,0.677
Jordan,1993,0.41,0.506,1,0.459,0,0.685,0.505,0.58,0.448,0,0.081,0.006,0.551,0.578,0.515,0.677
Jordan,1994,0.418,0.523,1,0.379,0,0.685,0.505,0.58,0.448,0,0.081,0.006,0.539,0.578,0.515,0.677
Jordan,1995,0.418,0.523,1,0.379,0,0.685,0.505,0.58,0.448,0,0.158,0.006,0.539,0.572,0.515,0.677
Jordan,1996,0.418,0.523,1,0.379,0,0.685,0.505,0.58,0.448,0,0.158,0.006,0.539,0.572,0.515,0.677
Jordan,1997,0.403,0.522,1,0.375,0,0.685,0.505,0.58,0.448,0,0.158,0.006,0.539,0.572,0.515,0.677
Jordan,1998,0.42,0.519,1,0.354,0,0.685,0.505,0.58,0.448,0,0.158,0.006,0.539,0.572,0.515,0.696
Jordan,1999,0.417,0.518,1,0.354,0,0.695,0.505,0.58,0.448,0,0.158,0.006,0.632,0.572,0.367,0.696
Jordan,2000,0.474,0.518,1,0,0,0.715,0.505,0.646,0.448,0,0.158,0.006,0.628,0.552,0.325,0.693
Jordan,2001,0.467,0.518,1,0,0,0.715,0.505,0.646,0.448,0,0.158,0.006,0.6,0.552,0.325,0.693
Jordan,2002,0.467,0.518,1,0,0,0.715,0.505,0.646,0.448,0,0.158,0.006,0.6,0.552,0.325,0.693
Jordan,2003,0.467,0.519,1,0.184,0,0.706,0.505,0.636,0.448,0,0.081,0.006,0.6,0.552,0.351,0.709
Jordan,2004,0.467,0.52,1,0.34,0,0.706,0.505,0.611,0.448,0,0.081,0.006,0.6,0.552,0.351,0.709
Jordan,2005,0.467,0.52,1,0.34,0,0.692,0.537,0.611,0.448,0,0.162,0.006,0.6,0.552,0.351,0.709
Jordan,2006,0.467,0.535,1,0.34,0,0.692,0.537,0.611,0.504,0,0.162,0.006,0.6,0.552,0.351,0.709
Jordan,2007,0.467,0.536,1,0.338,0,0.692,0.537,0.611,0.504,0,0.162,0.006,0.6,0.552,0.351,0.709
Jordan,2008,0.485,0.544,1,0.324,0,0.692,0.537,0.611,0.504,0,0.162,0.006,0.6,0.552,0.351,0.709
Jordan,2009,0.493,0.544,1,0.324,0,0.692,0.537,0.611,0.504,0,0.162,0.006,0.6,0.552,0.351,0.704
Jordan,2010,0.541,0.543,1,0.339,0,0.711,0.526,0.611,0.504,0,0.162,0.006,0.618,0.57,0.351,0.71
Jordan,2011,0.569,0.539,1,0.369,0,0.712,0.526,0.637,0.512,0,0.162,0.006,0.644,0.57,0.391,0.725
Jordan,2012,0.569,0.539,1,0.367,0,0.711,0.519,0.644,0.602,0,0.162,0.006,0.648,0.57,0.407,0.725
Jordan,2013,0.547,0.509,1,0.476,0,0.732,0.526,0.636,0.581,0,0.184,0.022,0.62,0.507,0.451,0.731
Jordan,2014,0.547,0.517,1,0.481,0,0.732,0.526,0.626,0.614,0,0.184,0.022,0.62,0.5,0.451,0.731
Jordan,2015,0.55,0.517,1,0.481,0,0.732,0.526,0.626,0.641,0,0.184,0.022,0.612,0.5,0.434,0.731
Jordan,2016,0.565,0.518,1,0.333,0,0.722,0.586,0.655,0.641,0,0.184,0.048,0.56,0.667,0.426,0.723
Jordan,2017,0.567,0.518,1,0.494,0,0.724,0.639,0.642,0.641,0,0.216,0.1,0.558,0.704,0.445,0.729
Jordan,2018,0.57,0.522,1,0.494,0,0.735,0.643,0.691,0.628,0,0.205,0.1,0.59,0.774,0.472,0.717
Jordan,2019,0.571,0.512,1,0.494,0,0.741,0.643,0.666,0.628,0,0.248,0.1,0.61,0.774,0.472,0.728
Jordan,2020,0.559,0.507,1,0.485,0,0.735,0.683,0.666,0.624,0,0.188,0.1,0.61,0.757,0.434,0.705
Jordan,2021,0.542,0.507,1,0.499,0,0.767,0.715,0.69,0.624,0,0.188,0.1,0.579,0.615,0.437,0.64
Jordan,2022,0.545,0.521,1,0.485,0,0.768,0.679,0.69,0.632,0,0.249,0.1,0.604,0.615,0.361,0.595
Jordan,2023,0.528,0.493,1,0.485,0,0.774,0.664,0.76,0.618,0,0.249,0.1,0.737,0.642,0.361,0.681
Jordan,2024,0.582,0.584,1,0.514,0,0.774,0.718,0.85,0.631,0,0.249,0.1,0.876,0.642,0.41,0.681
Malawi,1950,0.032,0.062,0,0,0,0.047,0.3,0.091,0.043,0,0.258,0,0.068,0.024,0.106,0.024
Malawi,1951,0.032,0.062,0,0,0,0.047,0.3,0.091,0.043,0,0.258,0,0.068,0.024,0.106,0.024
Malawi,1952,0.032,0.062,0,0,0,0.047,0.3,0.091,0.043,0,0.258,0,0.068,0.024,0.106,0.024
Malawi,1953,0.032,0.062,0,0,0,0.047,0.3,0.091,0.043,0,0.258,0,0.049,0.024,0.106,0.024
Malawi,1954,0.028,0.062,0,0,0,0.051,0.3,0.091,0.043,0,0.258,0,0.049,0.024,0.106,0.024
Malawi,1955,0.028,0.062,0.02,0,0,0.052,0.3,0.091,0.043,0,0.258,0,0.049,0.024,0.106,0.024
Malawi,1956,0.028,0.062,0.02,0,0,0.052,0.3,0.091,0.043,0,0.258,0,0.049,0.024,0.106,0.024
Malawi,1957,0.028,0.062,0.02,0,0,0.052,0.3,0.091,0.043,0,0.258,0,0.049,0.024,0.106,0.024
Malawi,1958,0.028,0.065,0.02,0,0,0.052,0.3,0.091,0.043,0,0.258,0,0.049,0.024,0.106,0.024
Malawi,1959,0.028,0.085,0.02,0,0,0.052,0.3,0.091,0.062,0,0.258,0,0.049,0.024,0.106,0.024
Malawi,1960,0.061,0.246,0.02,0,0,0.055,0.3,0.091,0.083,0,0.258,0,0.049,0.027,0.106,0.024
Malawi,1961,0.074,0.55,0.1,0.267,0,0.066,0.292,0.178,0.069,0,0.735,0,0.183,0.197,0.142,0.024
Malawi,1962,0.065,0.593,0.1,0.7,0,0.066,0.292,0.411,0.069,0,0.735,0,0.188,0.197,0.142,0.024
Malawi,1963,0.056,0.622,0.1,0.7,1,0.066,0.329,0.411,0.069,0,0.735,0,0.242,0.197,0.142,0.022
Malawi,1964,0.036,0.407,1,0.7,1,0.146,0.362,0.453,0.144,0,0.735,0,0.293,0.468,0.267,0.282
Malawi,1965,0.03,0.182,1,0.649,1,0.175,0.393,0.134,0.136,0,0.735,0,0.193,0.458,0.268,0.377
Malawi,1966,0.019,0.036,1,0.616,1,0.151,0.393,0.083,0.042,0,0.376,0,0.136,0.458,0.268,0.377
Malawi,1967,0.016,0.036,1,0.616,1,0.151,0.393,0.083,0.042,0,0.376,0,0.136,0.458,0.268,0.377
Malawi,1968,0.016,0.036,1,0.616,1,0.151,0.393,0.083,0.042,0,0.376,0,0.136,0.458,0.268,0.377
Malawi,1969,0.016,0.036,1,0.616,1,0.151,0.41,0.083,0.042,0,0.376,0,0.136,0.458,0.268,0.377
Malawi,1970,0.016,0.036,1,0.616,1,0.151,0.41,0.083,0.042,0,0.376,0,0.136,0.458,0.268,0.377
Malawi,1971,0.016,0.036,1,0.616,1,0.158,0.41,0.072,0.042,0,0.376,0,0.114,0.458,0.268,0.377
Malawi,1972,0.016,0.036,1,0.616,1,0.158,0.41,0.072,0.042,0,0.376,0,0.114,0.458,0.268,0.377
Malawi,1973,0.016,0.036,1,0.616,1,0.158,0.41,0.072,0.042,0,0.376,0,0.114,0.458,0.268,0.377
Malawi,1974,0.017,0.036,1,0.616,1,0.157,0.41,0.072,0.042,0,0.376,0,0.114,0.458,0.268,0.377
Malawi,1975,0.017,0.036,1,0.616,1,0.16,0.41,0.072,0.042,0,0.376,0,0.114,0.458,0.268,0.377
Malawi,1976,0.017,0.027,1,0.396,1,0.16,0.41,0.072,0.042,0,0.376,0,0.114,0.458,0.268,0.377
Malawi,1977,0.017,0.022,1,0.254,1,0.16,0.41,0.072,0.042,0,0.376,0,0.114,0.458,0.268,0.377
Malawi,1978,0.017,0.02,1,0.275,1,0.16,0.41,0.072,0.042,0,0.376,0,0.114,0.458,0.268,0.377
Malawi,1979,0.017,0.019,1,0.296,1,0.16,0.41,0.072,0.042,0,0.376,0,0.114,0.458,0.268,0.377
Malawi,1980,0.017,0.019,1,0.296,1,0.16,0.41,0.072,0.042,0,0.376,0,0.114,0.458,0.268,0.377
Malawi,1981,0.017,0.019,1,0.296,1,0.16,0.41,0.072,0.042,0,0.376,0,0.114,0.458,0.268,0.377
Malawi,1982,0.017,0.019,1,0.296,1,0.16,0.41,0.072,0.042,0,0.376,0,0.114,0.458,0.268,0.377
Malawi,1983,0.017,0.019,1,0.295,1,0.16,0.41,0.072,0.042,0,0.376,0,0.114,0.458,0.268,0.377
Malawi,1984,0.017,0.018,1,0.295,1,0.16,0.41,0.072,0.042,0,0.376,0,0.114,0.458,0.268,0.377
Malawi,1985,0.017,0.018,1,0.295,1,0.16,0.41,0.072,0.042,0,0.376,0,0.114,0.458,0.268,0.377
Malawi,1986,0.017,0.018,1,0.295,1,0.16,0.41,0.072,0.042,0,0.376,0,0.114,0.458,0.268,0.377
Malawi,1987,0.017,0.018,1,0.291,1,0.16,0.41,0.072,0.042,0,0.376,0,0.114,0.458,0.268,0.377
Malawi,1988,0.017,0.018,1,0.289,1,0.16,0.41,0.072,0.042,0,0.376,0,0.114,0.458,0.268,0.377
Malawi,1989,0.017,0.018,1,0.289,1,0.16,0.41,0.072,0.042,0,0.376,0,0.114,0.458,0.268,0.377
Malawi,1990,0.017,0.018,1,0.289,1,0.16,0.41,0.072,0.042,0,0.376,0,0.114,0.458,0.268,0.377
Malawi,1991,0.017,0.018,1,0.289,1,0.161,0.402,0.072,0.042,0,0.376,0,0.114,0.458,0.268,0.377
Malawi,1992,0.026,0.04,1,0.429,1,0.166,0.402,0.114,0.042,0,0.376,0,0.185,0.469,0.268,0.377
Malawi,1993,0.108,0.19,1,0.653,1,0.254,0.402,0.114,0.057,0.1,0.376,0,0.407,0.469,0.38,0.377
Malawi,1994,0.484,0.689,1,0.655,1,0.368,0.59,0.741,0.437,0.013,0.376,0,0.703,0.503,0.55,0.251
Malawi,1995,0.66,0.794,1,0.678,1,0.634,0.767,0.827,0.789,0.013,0.376,0,0.758,0.706,0.613,0.271
Malawi,1996,0.661,0.794,1,0.678,1,0.68,0.767,0.827,0.789,0.013,0.376,0,0.758,0.706,0.613,0.271
Malawi,1997,0.661,0.794,1,0.678,1,0.676,0.767,0.827,0.789,0.013,0.376,0,0.758,0.706,0.613,0.271
Malawi,1998,0.661,0.794,1,0.678,1,0.676,0.767,0.827,0.789,0.013,0.376,0,0.758,0.706,0.613,0.271
Malawi,1999,0.661,0.792,1,0.537,1,0.676,0.767,0.827,0.777,0.013,0.376,0,0.75,0.706,0.612,0.271
Malawi,2000,0.687,0.791,1,0.431,1,0.676,0.767,0.827,0.726,0.013,0.822,0,0.657,0.706,0.669,0.271
Malawi,2001,0.687,0.791,1,0.431,1,0.722,0.767,0.827,0.726,0.013,0.822,0,0.657,0.706,0.669,0.271
Malawi,2002,0.687,0.791,1,0.431,1,0.738,0.767,0.827,0.726,0.013,0.822,0,0.657,0.706,0.669,0.271
Malawi,2003,0.687,0.791,1,0.431,1,0.738,0.767,0.827,0.726,0.013,0.822,0,0.643,0.706,0.669,0.271
Malawi,2004,0.709,0.828,1,0.349,1,0.75,0.767,0.827,0.73,0.013,0.412,0,0.726,0.706,0.646,0.271
Malawi,2005,0.731,0.83,1,0.298,1,0.751,0.767,0.827,0.793,0.013,0.412,0,0.8,0.684,0.646,0.268
Malawi,2006,0.738,0.83,1,0.295,1,0.755,0.775,0.827,0.801,0.013,0.412,0,0.808,0.684,0.646,0.268
Malawi,2007,0.738,0.818,1,0.298,1,0.753,0.758,0.827,0.8,0.013,0.412,0,0.805,0.684,0.646,0.266
Malawi,2008,0.738,0.818,1,0.298,1,0.751,0.78,0.816,0.802,0.013,0.412,0,0.811,0.684,0.646,0.266
Malawi,2009,0.731,0.829,1,0.423,1,0.748,0.769,0.803,0.805,0.013,0.412,0,0.806,0.684,0.627,0.266
Malawi,2010,0.719,0.823,1,0.484,1,0.76,0.763,0.762,0.8,0.013,0.412,0,0.704,0.677,0.642,0.273
Malawi,2011,0.717,0.827,1,0.484,1,0.75,0.767,0.762,0.795,0.013,0.412,0,0.711,0.677,0.642,0.273
Malawi,2012,0.749,0.829,1,0.501,1,0.75,0.759,0.792,0.797,0.013,0.412,0,0.79,0.677,0.64,0.297
Malawi,2013,0.831,0.855,1,0.478,1,0.773,0.757,0.782,0.794,0.013,0.466,0,0.776,0.668,0.647,0.3
Malawi,2014,0.827,0.856,1,0.444,1,0.773,0.759,0.845,0.791,0.013,0.929,0,0.769,0.668,0.644,0.3
Malawi,2015,0.827,0.856,1,0.43,1,0.829,0.765,0.854,0.794,0.013,0.929,0,0.782,0.668,0.615,0.293
Malawi,2016,0.828,0.843,1,0.44,1,0.81,0.727,0.883,0.781,0.013,0.953,0,0.753,0.69,0.591,0.282
Malawi,2017,0.825,0.855,1,0.455,1,0.834,0.728,0.913,0.802,0.013,0.972,0,0.711,0.707,0.612,0.27
Malawi,2018,0.822,0.809,1,0.452,1,0.851,0.715,0.916,0.793,0.013,0.934,0,0.736,0.688,0.578,0.218
Malawi,2019,0.804,0.771,1,0.372,1,0.856,0.719,0.918,0.825,0.013,0.934,0,0.698,0.687,0.509,0.214
Malawi,2020,0.814,0.811,1,0.483,1,0.903,0.765,0.889,0.875,0.013,0.972,0,0.835,0.74,0.538,0.295
Malawi,2021,0.822,0.833,1,0.607,1,0.902,0.818,0.918,0.877,0.013,0.972,0,0.813,0.734,0.532,0.298
Malawi,2022,0.796,0.877,1,0.61,1,0.824,0.772,0.911,0.851,0.013,0.871,0,0.799,0.728,0.565,0.265
Malawi,2023,0.752,0.815,1,0.613,1,0.826,0.825,0.874,0.839,0.013,0.871,0,0.755,0.726,0.461,0.236
Malawi,2024,0.786,0.8,1,0.603,1,0.799,0.768,0.928,0.884,0.013,0.871,0,0.745,0.713,0.571,0.249
Mongolia,1950,0.051,0.038,1,0,0,0.083,0.097,0.175,0.039,0,0.084,0.019,0.123,0.517,0.718,0.689
Mongolia,1951,0.051,0.039,1,0.139,0,0.083,0.097,0.175,0.039,0,0.084,0.019,0.123,0.517,0.718,0.689
Mongolia,1952,0.051,0.039,1,0.247,1,0.083,0.104,0.175,0.039,0,0.084,0.019,0.123,0.517,0.718,0.689
Mongolia,1953,0.051,0.039,1,0.247,1,0.083,0.104,0.175,0.039,0,0.084,0.019,0.132,0.517,0.718,0.689
Mongolia,1954,0.056,0.039,1,0.243,1,0.083,0.104,0.175,0.039,0,0.084,0.019,0.132,0.517,0.718,0.689
Mongolia,1955,0.056,0.039,1,0.239,1,0.083,0.104,0.175,0.039,0,0.084,0.019,0.132,0.517,0.718,0.689
Mongolia,1956,0.056,0.039,1,0.239,1,0.083,0.104,0.175,0.039,0,0.084,0.019,0.122,0.517,0.718,0.689
Mongolia,1957,0.056,0.04,1,0.242,1,0.083,0.104,0.175,0.039,0,0.084,0.019,0.122,0.517,0.718,0.689
Mongolia,1958,0.056,0.04,1,0.244,1,0.083,0.104,0.175,0.039,0,0.084,0.019,0.122,0.517,0.718,0.689
Mongolia,1959,0.056,0.04,1,0.244,1,0.083,0.104,0.175,0.039,0,0.084,0.019,0.122,0.517,0.718,0.689
Mongolia,1960,0.059,0.052,1,0.261,1,0.103,0.104,0.182,0.146,0,0.055,0.019,0.173,0.531,0.744,0.776
Mongolia,1961,0.059,0.053,1,0.275,1,0.115,0.104,0.182,0.16,0,0.055,0.019,0.173,0.531,0.744,0.776
Mongolia,1962,0.059,0.053,1,0.275,1,0.115,0.104,0.182,0.16,0,0.055,0.019,0.173,0.531,0.744,0.776
Mongolia,1963,0.059,0.052,1,0.277,1,0.115,0.104,0.182,0.16,0,0.055,0.019,0.173,0.531,0.744,0.776
Mongolia,1964,0.059,0.051,1,0.278,1,0.115,0.104,0.182,0.16,0,0.055,0.019,0.173,0.531,0.744,0.776
Mongolia,1965,0.059,0.051,1,0.278,1,0.115,0.104,0.182,0.16,0,0.055,0.019,0.173,0.531,0.744,0.776
Mongolia,1966,0.059,0.051,1,0.273,1,0.115,0.104,0.182,0.16,0,0.055,0.019,0.173,0.541,0.744,0.776
Mongolia,1967,0.059,0.052,1,0.269,1,0.115,0.104,0.182,0.16,0,0.055,0.019,0.173,0.541,0.744,0.776
Mongolia,1968,0.059,0.052,1,0.269,1,0.115,0.104,0.182,0.16,0,0.055,0.019,0.173,0.541,0.744,0.776
Mongolia,1969,0.059,0.051,1,0.271,1,0.115,0.104,0.182,0.16,0,0.055,0.019,0.173,0.541,0.744,0.776
Mongolia,1970,0.059,0.051,1,0.273,1,0.115,0.104,0.182,0.16,0,0.055,0.019,0.159,0.541,0.744,0.801
Mongolia,1971,0.059,0.051,1,0.273,1,0.115,0.104,0.182,0.16,0,0.055,0.019,0.159,0.541,0.744,0.801
Mongolia,1972,0.059,0.051,1,0.273,1,0.115,0.104,0.182,0.16,0,0.055,0.019,0.159,0.541,0.744,0.801
Mongolia,1973,0.059,0.052,1,0.292,1,0.115,0.104,0.182,0.16,0,0.055,0.019,0.159,0.541,0.744,0.801
Mongolia,1974,0.059,0.053,1,0.309,1,0.115,0.104,0.182,0.16,0,0.055,0.019,0.159,0.541,0.744,0.801
Mongolia,1975,0.059,0.053,1,0.309,1,0.115,0.104,0.182,0.16,0,0.055,0.019,0.159,0.541,0.744,0.801
Mongolia,1976,0.059,0.053,1,0.309,1,0.115,0.104,0.182,0.16,0,0.055,0.019,0.159,0.541,0.744,0.801
Mongolia,1977,0.059,0.052,1,0.306,1,0.115,0.104,0.182,0.16,0,0.055,0.019,0.159,0.541,0.744,0.801
Mongolia,1978,0.059,0.051,1,0.304,1,0.115,0.104,0.182,0.16,0,0.055,0.019,0.159,0.541,0.744,0.801
Mongolia,1979,0.059,0.051,1,0.304,1,0.115,0.104,0.182,0.16,0,0.055,0.019,0.159,0.541,0.744,0.801
Mongolia,1980,0.059,0.051,1,0.304,1,0.115,0.104,0.182,0.16,0,0.055,0.019,0.159,0.541,0.744,0.801
Mongolia,1981,0.059,0.05,1,0.302,1,0.115,0.104,0.182,0.16,0,0.055,0.019,0.159,0.541,0.744,0.801
Mongolia,1982,0.059,0.05,1,0.301,1,0.115,0.104,0.182,0.16,0,0.055,0.019,0.159,0.541,0.744,0.801
Mongolia,1983,0.059,0.05,1,0.301,1,0.115,0.104,0.182,0.16,0,0.055,0.019,0.159,0.541,0.744,0.801
Mongolia,1984,0.059,0.05,1,0.301,1,0.115,0.104,0.182,0.16,0,0.055,0.019,0.159,0.541,0.744,0.801
Mongolia,1985,0.059,0.05,1,0.301,1,0.115,0.104,0.182,0.16,0,0.055,0.019,0.159,0.541,0.744,0.801
Mongolia,1986,0.061,0.051,1,0.3,1,0.115,0.104,0.182,0.16,0,0.055,0.019,0.159,0.541,0.744,0.801
Mongolia,1987,0.061,0.052,1,0.3,1,0.115,0.104,0.182,0.16,0,0.055,0.019,0.159,0.541,0.744,0.801
Mongolia,1988,0.061,0.052,1,0.3,1,0.115,0.104,0.182,0.16,0,0.055,0.019,0.159,0.541,0.744,0.801
Mongolia,1989,0.082,0.063,1,0.3,1,0.115,0.104,0.182,0.16,0,0.055,0.019,0.18,0.541,0.744,0.815
Mongolia,1990,0.601,0.445,1,0.479,1,0.383,0.649,0.516,0.449,0,0.439,0.202,0.621,0.732,0.774,0.774
Mongolia,1991,0.809,0.736,1,0.593,1,0.479,0.683,0.884,0.542,0,0.439,0.202,0.782,0.783,0.802,0.779
Mongolia,1992,0.933,0.839,1,0.645,1,0.841,0.658,0.885,0.713,0.029,0.7,0.605,0.842,0.901,0.898,0.806
Mongolia,1993,0.925,0.859,1,0.691,1,0.893,0.661,0.865,0.713,0.029,0.7,0.605,0.858,0.901,0.898,0.806
Mongolia,1994,0.925,0.859,1,0.691,1,0.893,0.73,0.865,0.76,0.029,0.7,0.605,0.858,0.901,0.898,0.806
Mongolia,1995,0.925,0.859,1,0.691,1,0.893,0.73,0.865,0.76,0.029,0.7,0.605,0.858,0.901,0.898,0.806
Mongolia,1996,0.925,0.862,1,0.688,1,0.893,0.767,0.887,0.76,0.029,0.7,0.605,0.858,0.891,0.898,0.814
Mongolia,1997,0.938,0.879,1,0.681,1,0.893,0.767,0.887,0.76,0.029,0.7,0.605,0.858,0.891,0.908,0.814
Mongolia,1998,0.938,0.879,1,0.681,1,0.882,0.767,0.906,0.714,0.029,0.7,0.605,0.858,0.891,0.908,0.814
Mongolia,1999,0.938,0.879,1,0.681,1,0.902,0.767,0.906,0.714,0.029,0.7,0.605,0.858,0.891,0.908,0.791
Mongolia,2000,0.902,0.874,1,0.65,1,0.88,0.758,0.807,0.732,0.029,0.7,0.605,0.863,0.891,0.828,0.721
Mongolia,2001,0.902,0.875,1,0.625,1,0.88,0.758,0.807,0.732,0.029,0.7,0.605,0.871,0.891,0.828,0.721
Mongolia,2002,0.902,0.875,1,0.638,1,0.88,0.752,0.83,0.732,0.029,0.7,0.605,0.871,0.891,0.828,0.725
Mongolia,2003,0.902,0.875,1,0.638,1,0.88,0.77,0.83,0.732,0.029,0.7,0.605,0.871,0.891,0.828,0.725
Mongolia,2004,0.902,0.876,1,0.64,1,0.88,0.77,0.83,0.74,0.029,0.7,0.605,0.877,0.891,0.758,0.706
Mongolia,2005,0.902,0.875,1,0.643,1,0.88,0.77,0.83,0.74,0.029,0.7,0.605,0.869,0.891,0.758,0.706
Mongolia,2006,0.9,0.892,1,0.654,1,0.88,0.77,0.83,0.74,0.029,0.7,0.605,0.869,0.891,0.758,0.706
Mongolia,2007,0.9,0.892,1,0.654,1,0.88,0.77,0.83,0.74,0.029,0.7,0.605,0.869,0.891,0.758,0.706
Mongolia,2008,0.894,0.881,1,0.609,1,0.866,0.77,0.816,0.746,0.029,0.7,0.605,0.877,0.891,0.784,0.706
Mongolia,2009,0.9,0.889,1,0.612,1,0.88,0.77,0.816,0.746,0.029,0.7,0.605,0.881,0.891,0.771,0.706
Mongolia,2010,0.901,0.889,1,0.642,1,0.881,0.783,0.836,0.773,0.029,0.7,0.605,0.874,0.891,0.771,0.693
Mongolia,2011,0.901,0.889,1,0.647,1,0.881,0.783,0.836,0.773,0.029,0.7,0.605,0.874,0.891,0.771,0.693
Mongolia,2012,0.901,0.897,1,0.658,1,0.881,0.783,0.833,0.749,0.029,0.7,0.605,0.879,0.891,0.76,0.702
Mongolia,2013,0.893,0.88,1,0.672,1,0.857,0.78,0.801,0.771,0.029,0.7,0.605,0.817,0.86,0.694,0.702
Mongolia,2014,0.893,0.876,1,0.675,1,0.838,0.78,0.801,0.771,0.029,0.7,0.605,0.809,0.86,0.712,0.705
Mongolia,2015,0.89,0.864,1,0.671,1,0.851,0.77,0.809,0.779,0.029,0.535,0.546,0.806,0.86,0.75,0.692
Mongolia,2016,0.895,0.862,1,0.665,1,0.859,0.783,0.792,0.779,0.029,0.535,0.466,0.839,0.866,0.746,0.692
Mongolia,2017,0.868,0.858,1,0.664,1,0.85,0.824,0.776,0.735,0.029,0.591,0.568,0.83,0.866,0.703,0.697
Mongolia,2018,0.855,0.861,1,0.654,1,0.856,0.839,0.77,0.722,0.029,0.591,0.568,0.815,0.824,0.682,0.69
Mongolia,2019,0.863,0.852,1,0.654,1,0.858,0.83,0.827,0.681,0.029,0.591,0.568,0.81,0.824,0.655,0.687
Mongolia,2020,0.835,0.839,1,0.647,1,0.811,0.826,0.834,0.667,0.029,0.52,0.52,0.734,0.824,0.662,0.68
Mongolia,2021,0.802,0.818,1,0.648,1,0.803,0.817,0.777,0.64,0.029,0.52,0.52,0.695,0.824,0.511,0.668
Mongolia,2022,0.772,0.74,1,0.653,1,0.808,0.821,0.739,0.588,0.029,0.52,0.52,0.712,0.767,0.526,0.646
Mongolia,2023,0.722,0.705,1,0.629,1,0.807,0.762,0.739,0.567,0.029,0.52,0.52,0.72,0.767,0.483,0.601
Mongolia,2024,0.693,0.654,1,0.607,1,0.772,0.754,0.706,0.575,0.029,0.52,0.52,0.746,0.787,0.558,0.641
Morocco,1950,0.131,0.268,0,0,0,0.228,0.27,0.482,0.112,0,0,0,0.083,0.282,0.037,0.066
Morocco,1951,0.131,0.268,0,0,0,0.228,0.27,0.482,0.112,0,0,0,0.083,0.282,0.037,0.066
Morocco,1952,0.131,0.268,0,0,0,0.228,0.27,0.482,0.112,0,0,0,0.083,0.282,0.037,0.066
Morocco,1953,0.131,0.268,0,0,0,0.23,0.27,0.482,0.112,0,0,0,0.083,0.282,0.037,0.066
Morocco,1954,0.131,0.268,0,0,0,0.23,0.27,0.482,0.112,0,0,0,0.083,0.282,0.037,0.066
Morocco,1955,0.131,0.268,0,0,0,0.222,0.27,0.482,0.112,0,0,0,0.083,0.282,0.037,0.066
Morocco,1956,0.192,0.303,0,0,0,0.274,0.44,0.482,0.153,0,0,0,0.176,0.325,0.072,0.1
Morocco,1957,0.22,0.307,0,0,0,0.321,0.436,0.482,0.208,0,0,0,0.23,0.383,0.072,0.163
Morocco,1958,0.22,0.307,0,0,0,0.33,0.436,0.482,0.208,0,0,0,0.23,0.383,0.076,0.163
Morocco,1959,0.22,0.295,0,0,0,0.343,0.436,0.482,0.228,0,0,0,0.23,0.458,0.076,0.163
Morocco,1960,0.22,0.351,0,0,0,0.343,0.436,0.482,0.125,0,0.046,0,0.23,0.458,0.076,0.163
Morocco,1961,0.227,0.324,0,0,0,0.385,0.436,0.482,0.178,0,0.046,0,0.236,0.458,0.099,0.16
Morocco,1962,0.227,0.324,0,0,0,0.411,0.495,0.482,0.178,0.1,0.09,0,0.255,0.538,0.099,0.17
Morocco,1963,0.21,0.379,1,0.129,0,0.378,0.495,0.482,0.178,0,0.09,0,0.255,0.538,0.077,0.17
Morocco,1964,0.19,0.413,1,0.219,0,0.359,0.495,0.451,0.178,0,0.09,0,0.255,0.538,0.077,0.17
Morocco,1965,0.142,0.388,1,0.219,0,0.359,0.495,0.451,0.178,0,0.09,0,0.255,0.538,0.077,0.17
Morocco,1966,0.16,0.388,1,0,0,0.359,0.495,0.465,0.178,0,0.09,0,0.255,0.538,0.077,0.17
Morocco,1967,0.164,0.388,1,0,0,0.359,0.495,0.465,0.178,0,0.09,0,0.255,0.538,0.077,0.17
Morocco,1968,0.164,0.388,1,0,0,0.359,0.495,0.465,0.178,0,0.09,0,0.255,0.538,0.077,0.17
Morocco,1969,0.164,0.32,1,0,0,0.359,0.495,0.465,0.178,0,0.09,0,0.255,0.538,0.077,0.17
Morocco,1970,0.162,0.364,1,0.041,0,0.36,0.495,0.465,0.179,0.1,0.09,0,0.255,0.538,0.087,0.17
Morocco,1971,0.162,0.423,1,0.113,0,0.36,0.495,0.504,0.179,0,0.09,0,0.273,0.538,0.087,0.17
Morocco,1972,0.162,0.423,1,0.113,0,0.36,0.495,0.504,0.179,0.213,0.09,0,0.273,0.538,0.087,0.17
Morocco,1973,0.153,0.423,1,0.113,0,0.36,0.495,0.503,0.179,0.213,0.09,0,0.273,0.538,0.087,0.17
Morocco,1974,0.155,0.423,1,0,0,0.36,0.495,0.486,0.179,0.213,0.09,0,0.274,0.538,0.087,0.17
Morocco,1975,0.155,0.385,1,0,0,0.36,0.495,0.486,0.179,0.213,0.09,0,0.274,0.538,0.087,0.17
Morocco,1976,0.155,0.385,1,0,0,0.381,0.495,0.486,0.198,0.213,0.09,0,0.274,0.538,0.126,0.17
Morocco,1977,0.155,0.444,1,0.058,0,0.381,0.495,0.486,0.182,0.201,0.09,0,0.274,0.538,0.126,0.17
Morocco,1978,0.155,0.486,1,0.1,0,0.381,0.495,0.509,0.182,0.189,0.09,0,0.274,0.538,0.126,0.17
Morocco,1979,0.172,0.486,1,0.1,0,0.381,0.495,0.529,0.182,0.177,0.09,0,0.274,0.538,0.126,0.17
Morocco,1980,0.182,0.486,1,0.1,0,0.46,0.495,0.503,0.193,0.213,0.09,0,0.274,0.659,0.126,0.17
Morocco,1981,0.182,0.486,1,0.1,0,0.459,0.495,0.503,0.193,0.213,0.09,0,0.274,0.636,0.126,0.17
Morocco,1982,0.182,0.486,1,0.1,0,0.459,0.495,0.503,0.193,0.213,0.09,0,0.274,0.636,0.126,0.17
Morocco,1983,0.182,0.486,1,0.1,0,0.459,0.495,0.503,0.193,0.213,0.09,0,0.308,0.636,0.126,0.17
Morocco,1984,0.182,0.485,1,0.101,0,0.459,0.495,0.503,0.193,0.213,0.09,0,0.35,0.636,0.126,0.17
Morocco,1985,0.182,0.481,1,0.104,0,0.459,0.495,0.503,0.202,0.213,0.09,0,0.35,0.636,0.126,0.17
Morocco,1986,0.182,0.481,1,0.104,0,0.459,0.495,0.503,0.202,0.213,0.09,0,0.35,0.636,0.126,0.17
Morocco,1987,0.204,0.481,1,0.104,0,0.459,0.495,0.503,0.202,0.213,0.09,0,0.35,0.636,0.126,0.17
Morocco,1988,0.204,0.481,1,0.104,0,0.459,0.495,0.503,0.202,0.213,0.09,0,0.35,0.636,0.126,0.17
Morocco,1989,0.204,0.481,1,0.104,0,0.459,0.495,0.503,0.203,0.213,0.09,0,0.35,0.636,0.126,0.17
Morocco,1990,0.243,0.492,1,0.104,0,0.486,0.495,0.678,0.452,0.213,0.09,0,0.35,0.636,0.126,0.17
Morocco,1991,0.25,0.492,1,0.104,0,0.513,0.495,0.729,0.481,0.213,0.09,0,0.35,0.636,0.126,0.211
Morocco,1992,0.321,0.514,1,0.135,0,0.526,0.495,0.688,0.481,0.213,0.09,0,0.35,0.651,0.126,0.211
Morocco,1993,0.336,0.533,1,0.133,0,0.559,0.495,0.688,0.481,0.213,0.09,0,0.35,0.651,0.126,0.211
Morocco,1994,0.336,0.533,1,0.148,0,0.558,0.534,0.688,0.481,0.213,0.09,0,0.35,0.668,0.126,0.211
Morocco,1995,0.336,0.533,1,0.148,0,0.558,0.534,0.688,0.481,0.213,0.09,0,0.35,0.668,0.126,0.211
Morocco,1996,0.336,0.533,1,0.148,0,0.558,0.534,0.774,0.481,0.213,0.09,0,0.35,0.668,0.126,0.211
Morocco,1997,0.336,0.58,1,0.188,0,0.558,0.534,0.724,0.487,0.213,0.115,0.159,0.358,0.668,0.135,0.298
Morocco,1998,0.37,0.564,1,0.262,0,0.558,0.534,0.724,0.487,0.213,0.115,0.159,0.463,0.668,0.178,0.324
Morocco,1999,0.376,0.564,1,0.262,0,0.558,0.534,0.724,0.487,0.213,0.115,0.159,0.485,0.668,0.24,0.315
Morocco,2000,0.557,0.577,1,0.262,0,0.658,0.51,0.724,0.584,0.213,0.118,0.159,0.624,0.695,0.375,0.337
Morocco,2001,0.57,0.577,1,0.262,0,0.658,0.51,0.765,0.624,0.201,0.118,0.159,0.624,0.695,0.375,0.337
Morocco,2002,0.57,0.577,1,0.29,0,0.658,0.51,0.765,0.624,0.189,0.118,0.159,0.624,0.695,0.438,0.337
Morocco,2003,0.57,0.576,1,0.369,0,0.658,0.522,0.722,0.624,0.177,0.118,0.159,0.624,0.695,0.438,0.345
Morocco,2004,0.57,0.576,1,0.369,0,0.658,0.522,0.722,0.624,0.165,0.118,0.159,0.624,0.695,0.438,0.345
Morocco,2005,0.57,0.576,1,0.429,0,0.665,0.554,0.722,0.71,0.153,0.118,0.159,0.608,0.695,0.438,0.362
Morocco,2006,0.563,0.558,1,0.429,0,0.665,0.554,0.722,0.71,0.141,0.118,0.159,0.629,0.691,0.438,0.356
Morocco,2007,0.563,0.588,1,0.421,0,0.665,0.554,0.722,0.69,0.129,0.118,0.159,0.629,0.689,0.438,0.356
Morocco,2008,0.563,0.551,1,0.404,0,0.665,0.554,0.741,0.74,0.117,0.118,0.159,0.629,0.693,0.438,0.356
Morocco,2009,0.563,0.556,1,0.404,0,0.665,0.554,0.727,0.734,0.105,0.118,0.159,0.629,0.682,0.438,0.362
Morocco,2010,0.592,0.56,1,0.404,0,0.667,0.554,0.78,0.734,0.093,0.118,0.159,0.633,0.666,0.446,0.362
Morocco,2011,0.602,0.578,1,0.409,0,0.671,0.574,0.759,0.776,0.213,0.118,0.317,0.748,0.647,0.467,0.365
Morocco,2012,0.607,0.584,1,0.423,0,0.671,0.574,0.759,0.813,0.213,0.118,0.317,0.75,0.647,0.467,0.365
Morocco,2013,0.611,0.594,1,0.445,0,0.644,0.559,0.731,0.742,0.213,0.118,0.317,0.748,0.655,0.438,0.383
Morocco,2014,0.613,0.588,1,0.445,0,0.644,0.559,0.731,0.772,0.213,0.118,0.317,0.742,0.655,0.438,0.383
Morocco,2015,0.606,0.581,1,0.424,0,0.65,0.559,0.731,0.752,0.213,0.178,0.428,0.73,0.676,0.465,0.391
Morocco,2016,0.608,0.597,1,0.423,0,0.646,0.559,0.752,0.752,0.201,0.178,0.428,0.73,0.672,0.471,0.391
Morocco,2017,0.578,0.552,1,0.448,0,0.666,0.648,0.752,0.667,0.189,0.178,0.428,0.708,0.672,0.463,0.391
Morocco,2018,0.586,0.552,1,0.448,0,0.683,0.648,0.752,0.681,0.177,0.178,0.428,0.703,0.672,0.463,0.391
Morocco,2019,0.555,0.552,1,0.448,0,0.675,0.648,0.752,0.681,0.165,0.178,0.428,0.703,0.672,0.463,0.391
Morocco,2020,0.56,0.531,1,0.458,0,0.675,0.63,0.713,0.681,0.153,0.178,0.428,0.72,0.657,0.517,0.418
Morocco,2021,0.589,0.553,1,0.457,0,0.675,0.63,0.713,0.669,0.141,0.178,0.428,0.72,0.657,0.545,0.507
Morocco,2022,0.601,0.549,1,0.454,0,0.675,0.736,0.713,0.669,0.129,0.178,0.428,0.72,0.652,0.545,0.507
Morocco,2023,0.601,0.549,1,0.454,0,0.675,0.761,0.713,0.669,0.117,0.178,0.428,0.72,0.656,0.545,0.507
Morocco,2024,0.595,0.549,1,0.454,0,0.675,0.761,0.713,0.75,0.105,0.178,0.428,0.811,0.665,0.454,0.559
Netherlands,1950,0.854,0.852,1,0.926,1,0.958,0.95,0.933,0.83,0.015,0.898,0.91,0.874,0.931,0.765,0.894
Netherlands,1951,0.854,0.852,1,0.926,1,0.958,0.95,0.933,0.83,0.015,0.898,0.91,0.874,0.931,0.765,0.894
Netherlands,1952,0.854,0.852,1,0.913,1,0.958,0.95,0.933,0.83,0.015,0.898,0.91,0.874,0.931,0.765,0.894
Netherlands,1953,0.854,0.852,1,0.901,1,0.962,0.95,0.933,0.83,0.015,0.898,0.91,0.874,0.931,0.765,0.894
Netherlands,1954,0.854,0.852,1,0.901,1,0.962,0.95,0.933,0.83,0.015,0.898,0.91,0.874,0.931,0.765,0.894
Netherlands,1955,0.854,0.841,1,0.901,1,0.962,0.95,0.933,0.83,0.015,0.898,0.91,0.874,0.931,0.765,0.894
Netherlands,1956,0.854,0.85,1,0.93,1,0.962,0.95,0.933,0.83,0.015,0.898,0.91,0.874,0.931,0.783,0.894
Netherlands,1957,0.854,0.85,1,0.946,1,0.965,0.95,0.933,0.83,0.015,0.898,0.91,0.874,0.931,0.786,0.894
Netherlands,1958,0.854,0.85,1,0.946,1,0.965,0.95,0.933,0.83,0.015,0.898,0.91,0.874,0.931,0.786,0.894
Netherlands,1959,0.854,0.85,1,0.945,1,0.965,0.95,0.933,0.83,0.015,0.898,0.91,0.874,0.931,0.786,0.894
Netherlands,1960,0.863,0.853,1,0.945,1,0.974,0.95,0.933,0.83,0.015,0.898,0.91,0.874,0.931,0.825,0.907
Netherlands,1961,0.863,0.853,1,0.945,1,0.974,0.95,0.933,0.83,0.015,0.898,0.91,0.874,0.931,0.85,0.907
Netherlands,1962,0.863,0.853,1,0.945,1,0.974,0.95,0.933,0.83,0.015,0.898,0.91,0.874,0.931,0.85,0.907
Netherlands,1963,0.863,0.852,1,0.945,1,0.974,0.95,0.933,0.83,0.015,0.898,0.91,0.874,0.931,0.85,0.907
Netherlands,1964,0.863,0.852,1,0.946,1,0.974,0.95,0.933,0.83,0.015,0.898,0.91,0.874,0.931,0.85,0.907
Netherlands,1965,0.863,0.852,1,0.946,1,0.974,0.95,0.933,0.83,0.015,0.898,0.91,0.891,0.931,0.85,0.907
Netherlands,1966,0.895,0.859,1,0.946,1,0.974,0.95,0.933,0.842,0.015,0.898,0.91,0.891,0.931,0.85,0.907
Netherlands,1967,0.91,0.861,1,0.947,1,0.974,0.95,0.933,0.842,0.015,0.898,0.91,0.9,0.931,0.871,0.907
Netherlands,1968,0.917,0.861,1,0.947,1,0.977,0.95,0.933,0.853,0.015,0.898,0.91,0.943,0.931,0.871,0.927
Netherlands,1969,0.937,0.861,1,0.947,1,0.977,0.95,0.933,0.843,0.015,0.898,0.91,0.943,0.931,0.869,0.937
Netherlands,1970,0.944,0.861,1,0.947,1,0.977,0.95,0.949,0.923,0.015,0.898,0.91,0.951,0.931,0.869,0.937
Netherlands,1971,0.944,0.861,1,0.946,1,0.977,0.95,0.949,0.923,0.015,0.898,0.91,0.951,0.931,0.869,0.937
Netherlands,1972,0.944,0.861,1,0.951,1,0.977,0.95,0.949,0.923,0.015,0.898,0.91,0.951,0.931,0.893,0.937
Netherlands,1973,0.944,0.863,1,0.951,1,0.977,0.95,0.949,0.923,0.015,0.898,0.91,0.951,0.931,0.884,0.937
Netherlands,1974,0.944,0.863,1,0.951,1,0.977,0.95,0.949,0.926,0.015,0.898,0.91,0.951,0.931,0.884,0.943
Netherlands,1975,0.944,0.863,1,0.951,1,0.977,0.95,0.949,0.926,0.015,0.898,0.91,0.951,0.931,0.884,0.943
Netherlands,1976,0.944,0.863,1,0.951,1,0.977,0.95,0.949,0.926,0.015,0.898,0.91,0.951,0.931,0.884,0.943
Netherlands,1977,0.951,0.853,1,0.952,1,0.977,0.95,0.949,0.926,0.015,0.898,0.91,0.949,0.931,0.884,0.943
Netherlands,1978,0.951,0.852,1,0.953,1,0.977,0.95,0.949,0.904,0.015,0.898,0.91,0.951,0.931,0.894,0.943
Netherlands,1979,0.951,0.874,1,0.953,1,0.977,0.95,0.949,0.904,0.015,0.898,0.91,0.951,0.931,0.894,0.936
Netherlands,1980,0.961,0.874,1,0.953,1,0.977,0.95,0.96,0.869,0.015,0.898,0.911,0.941,0.931,0.894,0.935
Netherlands,1981,0.961,0.874,1,0.952,1,0.977,0.95,0.96,0.869,0.015,0.898,0.911,0.941,0.931,0.894,0.935
Netherlands,1982,0.961,0.874,1,0.952,1,0.977,0.95,0.972,0.869,0.015,0.898,0.911,0.941,0.931,0.894,0.935
Netherlands,1983,0.961,0.872,1,0.954,1,0.977,0.95,0.972,0.869,0.015,0.898,0.911,0.941,0.931,0.907,0.935
Netherlands,1984,0.961,0.872,1,0.954,1,0.977,0.95,0.972,0.861,0.015,0.898,0.911,0.941,0.931,0.907,0.935
Netherlands,1985,0.961,0.872,1,0.954,1,0.977,0.95,0.972,0.861,0.015,0.898,0.911,0.941,0.931,0.907,0.932
Netherlands,1986,0.961,0.873,1,0.953,1,0.977,0.95,0.972,0.861,0.015,0.898,0.911,0.941,0.931,0.907,0.932
Netherlands,1987,0.961,0.873,1,0.953,1,0.977,0.95,0.972,0.888,0.015,0.898,0.911,0.941,0.931,0.907,0.932
Netherlands,1988,0.961,0.873,1,0.953,1,0.977,0.95,0.972,0.888,0.015,0.898,0.911,0.941,0.931,0.907,0.932
Netherlands,1989,0.961,0.873,1,0.953,1,0.977,0.95,0.972,0.888,0.015,0.898,0.911,0.941,0.931,0.907,0.932
Netherlands,1990,0.961,0.872,1,0.953,1,0.977,0.95,0.972,0.876,0.015,0.898,0.911,0.941,0.931,0.907,0.932
Netherlands,1991,0.961,0.872,1,0.953,1,0.977,0.95,0.972,0.876,0.015,0.898,0.911,0.941,0.931,0.907,0.932
Netherlands,1992,0.961,0.872,1,0.953,1,0.977,0.95,0.972,0.876,0.015,0.898,0.911,0.941,0.931,0.907,0.932
Netherlands,1993,0.961,0.872,1,0.953,1,0.977,0.95,0.972,0.876,0.015,0.898,0.911,0.941,0.931,0.919,0.932
Netherlands,1994,0.961,0.873,1,0.953,1,0.977,0.95,0.972,0.876,0.015,0.898,0.911,0.927,0.931,0.932,0.932
Netherlands,1995,0.961,0.873,1,0.952,1,0.977,0.95,0.972,0.876,0.015,0.898,0.911,0.927,0.931,0.947,0.932
Netherlands,1996,0.961,0.873,1,0.952,1,0.977,0.95,0.972,0.876,0.015,0.898,0.911,0.927,0.931,0.947,0.932
Netherlands,1997,0.961,0.862,1,0.952,1,0.977,0.95,0.972,0.876,0.015,0.898,0.911,0.927,0.931,0.947,0.932
Netherlands,1998,0.954,0.859,1,0.953,1,0.977,0.95,0.972,0.876,0.015,0.898,0.911,0.927,0.931,0.947,0.932
Netherlands,1999,0.954,0.883,1,0.953,1,0.977,0.95,0.972,0.876,0.015,0.898,0.911,0.927,0.931,0.947,0.932
Netherlands,2000,0.954,0.876,1,0.953,1,0.977,0.95,0.972,0.876,0.015,0.898,0.911,0.927,0.931,0.947,0.949
Netherlands,2001,0.954,0.876,1,0.953,1,0.977,0.95,0.972,0.876,0.015,0.898,0.911,0.922,0.931,0.947,0.949
Netherlands,2002,0.948,0.873,1,0.947,1,0.977,0.95,0.972,0.85,0.015,0.898,0.911,0.922,0.931,0.947,0.949
Netherlands,2003,0.956,0.871,1,0.951,1,0.977,0.95,0.972,0.85,0.015,0.898,0.911,0.93,0.931,0.924,0.949
Netherlands,2004,0.956,0.871,1,0.951,1,0.977,0.95,0.972,0.85,0.015,0.898,0.911,0.93,0.931,0.924,0.949
Netherlands,2005,0.956,0.871,1,0.951,1,0.977,0.95,0.972,0.85,0.135,0.898,0.911,0.93,0.931,0.924,0.949
Netherlands,2006,0.956,0.871,1,0.957,1,0.977,0.95,0.972,0.85,0.135,0.898,0.911,0.93,0.931,0.924,0.964
Netherlands,2007,0.956,0.874,1,0.968,1,0.976,0.95,0.972,0.895,0.135,0.898,0.911,0.922,0.931,0.924,0.964
Netherlands,2008,0.956,0.874,1,0.968,1,0.976,0.95,0.972,0.895,0.135,0.898,0.911,0.916,0.931,0.924,0.963
Netherlands,2009,0.956,0.874,1,0.968,1,0.976,0.95,0.972,0.895,0.135,0.898,0.911,0.916,0.931,0.924,0.963
Netherlands,2010,0.959,0.875,1,0.968,1,0.976,0.95,0.977,0.847,0.12,0.898,0.911,0.917,0.931,0.924,0.96
Netherlands,2011,0.959,0.871,1,0.972,1,0.976,0.95,0.977,0.847,0.105,0.898,0.911,0.926,0.931,0.924,0.96
Netherlands,2012,0.955,0.87,1,0.972,1,0.975,0.95,0.977,0.883,0.09,0.898,0.911,0.926,0.931,0.924,0.96
Netherlands,2013,0.957,0.877,1,0.973,1,0.969,0.95,0.977,0.872,0.075,0.898,0.911,0.938,0.931,0.914,0.962
Netherlands,2014,0.957,0.883,1,0.973,1,0.966,0.95,0.977,0.872,0.06,0.898,0.911,0.938,0.931,0.914,0.962
Netherlands,2015,0.957,0.883,1,0.973,1,0.966,0.95,0.977,0.872,0.062,0.898,0.911,0.938,0.931,0.899,0.962
Netherlands,2016,0.957,0.883,1,0.973,1,0.966,0.95,0.977,0.872,0.198,0.898,0.911,0.938,0.931,0.899,0.962
Netherlands,2017,0.957,0.883,1,0.971,1,0.968,0.962,0.977,0.872,0.183,0.898,0.911,0.927,0.948,0.914,0.962
Netherlands,2018,0.945,0.896,1,0.971,1,0.962,0.952,0.979,0.859,0.183,0.898,0.911,0.932,0.944,0.889,0.956
Netherlands,2019,0.931,0.882,1,0.971,1,0.967,0.963,0.966,0.885,0.015,0.898,0.911,0.944,0.926,0.889,0.93
Netherlands,2020,0.929,0.882,1,0.964,1,0.959,0.968,0.959,0.885,0.015,0.898,0.911,0.956,0.922,0.889,0.93
Netherlands,2021,0.932,0.899,1,0.953,1,0.956,0.961,0.959,0.885,0.015,0.898,0.922,0.965,0.922,0.931,0.92
Netherlands,2022,0.924,0.893,1,0.948,1,0.951,0.957,0.966,0.885,0.015,0.898,0.925,0.965,0.922,0.902,0.918
Netherlands,2023,0.911,0.893,1,0.949,1,0.949,0.957,0.966,0.911,0.015,0.898,0.925,0.949,0.922,0.888,0.906
Netherlands,2024,0.888,0.872,1,0.955,1,0.949,0.947,0.954,0.911,0.015,0.898,0.925,0.893,0.922,0.908,0.887
Panama,1950,0.549,0.666,1,0.159,1,0.585,0.346,0.245,0.285,0,0.906,0.237,0.293,0.21,0.244,0.361
Panama,1951,0.532,0.666,1,0.055,0,0.565,0.34,0.384,0.285,0,0.906,0.237,0.221,0.21,0.244,0.361
Panama,1952,0.553,0.62,1,0.177,1,0.593,0.354,0.306,0.285,0,0.906,0.237,0.315,0.21,0.244,0.361
Panama,1953,0.553,0.649,1,0.314,1,0.593,0.354,0.306,0.285,0,0.906,0.237,0.315,0.21,0.244,0.361
Panama,1954,0.553,0.649,1,0.314,1,0.593,0.354,0.306,0.285,0,0.906,0.237,0.315,0.21,0.244,0.361
Panama,1955,0.553,0.649,1,0.314,1,0.593,0.354,0.306,0.285,0,0.906,0.237,0.315,0.21,0.244,0.361
Panama,1956,0.553,0.673,1,0.316,1,0.593,0.354,0.306,0.285,0,0.906,0.237,0.315,0.21,0.244,0.361
Panama,1957,0.553,0.669,1,0.318,1,0.593,0.354,0.306,0.285,0,0.906,0.237,0.366,0.21,0.244,0.372
Panama,1958,0.553,0.669,1,0.318,1,0.593,0.354,0.306,0.285,0,0.906,0.237,0.366,0.21,0.244,0.372
Panama,1959,0.553,0.669,1,0.318,1,0.593,0.354,0.306,0.285,0,0.906,0.237,0.366,0.21,0.244,0.372
Panama,1960,0.558,0.665,1,0.346,1,0.593,0.354,0.306,0.285,0,0.906,0.237,0.317,0.306,0.244,0.372
Panama,1961,0.558,0.663,1,0.361,1,0.593,0.354,0.306,0.285,0,0.906,0.237,0.317,0.306,0.244,0.372
Panama,1962,0.558,0.663,1,0.361,1,0.593,0.354,0.306,0.285,0,0.906,0.237,0.317,0.306,0.244,0.372
Panama,1963,0.558,0.663,1,0.361,1,0.593,0.354,0.306,0.285,0,0.906,0.237,0.317,0.354,0.244,0.372
Panama,1964,0.558,0.667,1,0.201,1,0.593,0.354,0.306,0.285,0,0.906,0.237,0.45,0.354,0.244,0.372
Panama,1965,0.558,0.669,1,0.146,1,0.593,0.354,0.306,0.285,0,0.906,0.237,0.322,0.354,0.244,0.372
Panama,1966,0.552,0.669,1,0.146,1,0.593,0.354,0.306,0.285,0,0.906,0.237,0.322,0.354,0.244,0.372
Panama,1967,0.544,0.669,1,0.146,1,0.597,0.354,0.39,0.285,0,0.906,0.237,0.322,0.352,0.244,0.372
Panama,1968,0.17,0.472,1,0.09,0,0.413,0.453,0.031,0.274,0,0.906,0.237,0.446,0.349,0.498,0.573
Panama,1969,0.155,0.068,1,0,0,0.347,0.368,0.035,0.228,0,0.906,0.237,0.357,0.352,0.498,0.563
Panama,1970,0.146,0.068,1,0,0,0.347,0.368,0.035,0.228,0,0.906,0.237,0.352,0.549,0.498,0.563
Panama,1971,0.146,0.068,1,0,0,0.347,0.368,0.035,0.228,0,0.906,0.237,0.352,0.549,0.498,0.563
Panama,1972,0.146,0.069,1,0.033,0,0.359,0.368,0.035,0.228,0.013,0.906,0.237,0.352,0.549,0.498,0.563
Panama,1973,0.146,0.072,1,0.08,0,0.359,0.368,0.029,0.228,0.013,0.906,0.237,0.489,0.549,0.498,0.563
Panama,1974,0.146,0.072,1,0.08,0,0.359,0.368,0.029,0.228,0.013,0.906,0.237,0.489,0.549,0.498,0.563
Panama,1975,0.146,0.072,1,0.08,0,0.359,0.368,0.029,0.228,0.013,0.906,0.237,0.438,0.549,0.498,0.563
Panama,1976,0.146,0.072,1,0.08,0,0.359,0.368,0.029,0.228,0.013,0.906,0.237,0.407,0.549,0.498,0.563
Panama,1977,0.146,0.072,1,0.08,0,0.359,0.368,0.029,0.228,0.131,0.906,0.237,0.472,0.549,0.498,0.563
Panama,1978,0.146,0.073,1,0.101,0,0.359,0.368,0.029,0.228,0.131,0.906,0.237,0.472,0.549,0.498,0.563
Panama,1979,0.146,0.183,1,0.13,0,0.359,0.368,0.029,0.228,0.131,0.906,0.237,0.408,0.549,0.498,0.563
Panama,1980,0.15,0.292,1,0.115,0,0.332,0.368,0.029,0.228,0.131,0.906,0.237,0.408,0.549,0.423,0.563
Panama,1981,0.15,0.265,1,0.069,0,0.332,0.337,0.029,0.2,0.131,0.906,0.237,0.352,0.549,0.423,0.563
Panama,1982,0.125,0.265,1,0.069,0,0.285,0.337,0.029,0.2,0.123,0.906,0.237,0.092,0.549,0.244,0.54
Panama,1983,0.125,0.265,1,0.069,0,0.285,0.337,0.029,0.2,0.131,0.906,0.237,0.092,0.549,0.244,0.54
Panama,1984,0.126,0.374,1,0.049,0,0.311,0.348,0.029,0.2,0.131,0.906,0.237,0.117,0.549,0.244,0.54
Panama,1985,0.126,0.374,1,0.039,0,0.311,0.348,0.029,0.2,0.131,0.906,0.237,0.117,0.549,0.244,0.54
Panama,1986,0.125,0.374,1,0.039,0,0.279,0.337,0.029,0.2,0.131,0.906,0.237,0.097,0.549,0.244,0.54
Panama,1987,0.125,0.374,1,0.039,0,0.279,0.337,0.029,0.2,0.131,0.906,0.237,0.099,0.549,0.244,0.54
Panama,1988,0.125,0.374,1,0.039,0,0.279,0.337,0.029,0.185,0.123,0.906,0.237,0.086,0.549,0.244,0.54
Panama,1989,0.125,0.416,1,0.086,1,0.279,0.337,0.029,0.185,0.116,0.906,0.237,0.08,0.549,0.291,0.527
Panama,1990,0.839,0.784,1,0.338,1,0.779,0.725,0.709,0.691,0.108,0.906,0.237,0.804,0.634,0.608,0.56
Panama,1991,0.839,0.804,1,0.789,1,0.81,0.639,0.709,0.691,0.1,0.906,0.237,0.804,0.634,0.608,0.56
Panama,1992,0.839,0.805,1,0.823,1,0.81,0.639,0.709,0.691,0.118,0.969,0.237,0.789,0.684,0.608,0.56
Panama,1993,0.847,0.805,1,0.823,1,0.81,0.639,0.709,0.691,0.118,0.969,0.237,0.789,0.696,0.608,0.56
Panama,1994,0.852,0.807,1,0.824,1,0.853,0.653,0.709,0.691,0.118,0.969,0.237,0.831,0.696,0.608,0.56
Panama,1995,0.857,0.809,1,0.824,1,0.853,0.653,0.709,0.691,0.118,0.969,0.237,0.826,0.696,0.608,0.56
Panama,1996,0.857,0.809,1,0.824,1,0.853,0.653,0.709,0.691,0.118,0.969,0.237,0.826,0.696,0.608,0.56
Panama,1997,0.857,0.809,1,0.824,1,0.853,0.653,0.709,0.691,0.105,0.969,0.237,0.826,0.645,0.608,0.56
Panama,1998,0.857,0.788,1,0.824,1,0.853,0.653,0.709,0.691,0.118,0.969,0.237,0.826,0.645,0.608,0.56
Panama,1999,0.857,0.788,1,0.821,1,0.853,0.653,0.709,0.691,0.118,0.969,0.237,0.826,0.645,0.608,0.56
Panama,2000,0.858,0.851,1,0.82,1,0.853,0.653,0.709,0.691,0.118,0.969,0.237,0.869,0.645,0.605,0.545
Panama,2001,0.858,0.865,1,0.82,1,0.853,0.653,0.709,0.691,0.118,0.969,0.237,0.869,0.645,0.605,0.545
Panama,2002,0.858,0.865,1,0.82,1,0.853,0.653,0.709,0.691,0.118,0.969,0.237,0.869,0.645,0.605,0.545
Panama,2003,0.858,0.865,1,0.82,1,0.853,0.653,0.709,0.691,0.105,0.969,0.237,0.869,0.645,0.605,0.545
Panama,2004,0.858,0.865,1,0.823,1,0.873,0.653,0.709,0.691,0.092,0.969,0.237,0.875,0.645,0.605,0.545
Panama,2005,0.858,0.865,1,0.825,1,0.882,0.593,0.709,0.691,0.079,0.969,0.237,0.887,0.629,0.605,0.556
Panama,2006,0.858,0.865,1,0.825,1,0.882,0.593,0.709,0.691,0.131,0.969,0.237,0.886,0.629,0.605,0.556
Panama,2007,0.858,0.865,1,0.825,1,0.882,0.593,0.709,0.691,0.131,0.969,0.237,0.882,0.629,0.605,0.556
Panama,2008,0.858,0.865,1,0.825,1,0.882,0.593,0.709,0.691,0.131,0.969,0.237,0.882,0.629,0.605,0.556
Panama,2009,0.833,0.863,1,0.858,1,0.882,0.593,0.709,0.665,0.131,0.969,0.237,0.893,0.629,0.605,0.556
Panama,2010,0.825,0.864,1,0.874,1,0.882,0.593,0.709,0.665,0.131,0.969,0.237,0.884,0.629,0.56,0.556
Panama,2011,0.825,0.864,1,0.874,1,0.882,0.593,0.709,0.665,0.123,0.969,0.237,0.884,0.629,0.56,0.556
Panama,2012,0.825,0.864,1,0.874,1,0.882,0.593,0.709,0.665,0.116,0.969,0.237,0.884,0.629,0.56,0.556
Panama,2013,0.824,0.87,1,0.874,1,0.897,0.493,0.719,0.675,0.108,0.969,0.237,0.826,0.651,0.581,0.588
Panama,2014,0.826,0.87,1,0.861,1,0.897,0.493,0.719,0.675,0.1,0.969,0.237,0.826,0.651,0.581,0.588
Panama,2015,0.844,0.881,1,0.855,1,0.897,0.493,0.719,0.675,0.092,0.969,0.237,0.826,0.651,0.581,0.588
Panama,2016,0.844,0.881,1,0.855,1,0.897,0.493,0.719,0.675,0.084,0.969,0.237,0.826,0.651,0.581,0.588
Panama,2017,0.809,0.881,1,0.855,1,0.891,0.553,0.726,0.698,0.076,0.969,0.237,0.828,0.651,0.564,0.585
Panama,2018,0.803,0.874,1,0.855,1,0.852,0.553,0.726,0.61,0.068,0.969,0.237,0.828,0.546,0.564,0.585
Panama,2019,0.801,0.873,1,0.86,1,0.84,0.553,0.726,0.579,0.06,0.969,0.33,0.789,0.556,0.564,0.585
Panama,2020,0.79,0.875,1,0.866,1,0.838,0.633,0.725,0.612,0.052,0.969,0.33,0.751,0.527,0.564,0.585
Panama,2021,0.803,0.875,1,0.866,1,0.845,0.598,0.721,0.582,0.045,0.969,0.33,0.751,0.564,0.536,0.575
Panama,2022,0.791,0.871,1,0.866,1,0.87,0.633,0.777,0.604,0.037,0.93,0.33,0.751,0.567,0.52,0.575
Panama,2023,0.777,0.877,1,0.866,1,0.845,0.699,0.777,0.624,0.029,0.93,0.33,0.737,0.608,0.483,0.575
Panama,2024,0.801,0.876,1,0.847,1,0.858,0.73,0.824,0.624,0.021,0.95,0.33,0.737,0.62,0.529,0.592
Spain,1950,0.022,0.029,1,0,0,0.266,0.333,0.047,0.03,0.2,0.041,0,0.077,0.495,0.307,0.366
Spain,1951,0.022,0.029,1,0,0,0.266,0.333,0.047,0.03,0.2,0.041,0,0.077,0.495,0.307,0.366
Spain,1952,0.022,0.029,1,0,0,0.266,0.333,0.047,0.03,0.188,0.041,0,0.077,0.495,0.307,0.366
Spain,1953,0.022,0.029,1,0,0,0.266,0.333,0.047,0.03,0.176,0.041,0,0.077,0.495,0.307,0.366
Spain,1954,0.022,0.029,1,0,0,0.266,0.333,0.047,0.03,0.164,0.041,0,0.077,0.495,0.307,0.366
Spain,1955,0.022,0.029,1,0,0,0.266,0.333,0.047,0.03,0.152,0.041,0,0.077,0.495,0.307,0.366
Spain,1956,0.022,0.029,1,0,0,0.266,0.333,0.047,0.03,0.14,0.041,0,0.077,0.527,0.307,0.366
Spain,1957,0.022,0.029,1,0,0,0.266,0.333,0.047,0.03,0.128,0.041,0,0.077,0.527,0.307,0.366
Spain,1958,0.022,0.029,1,0,0,0.288,0.333,0.047,0.03,0.116,0.041,0,0.077,0.527,0.307,0.366
Spain,1959,0.022,0.029,1,0,0,0.288,0.333,0.047,0.03,0.104,0.041,0,0.087,0.527,0.307,0.366
Spain,1960,0.023,0.032,1,0,0,0.323,0.333,0.047,0.032,0.092,0.041,0,0.103,0.558,0.307,0.477
Spain,1961,0.023,0.037,1,0,0,0.323,0.333,0.047,0.032,0.08,0.041,0,0.103,0.558,0.307,0.509
Spain,1962,0.023,0.037,1,0,0,0.323,0.333,0.047,0.032,0.068,0.041,0,0.103,0.558,0.307,0.516
Spain,1963,0.023,0.051,1,0,0,0.323,0.333,0.047,0.032,0.056,0.041,0,0.103,0.558,0.307,0.518
Spain,1964,0.023,0.051,1,0,0,0.323,0.333,0.047,0.032,0.044,0.041,0,0.103,0.558,0.307,0.518
Spain,1965,0.023,0.051,1,0,0,0.323,0.333,0.047,0.032,0.032,0.041,0,0.103,0.558,0.307,0.518
Spain,1966,0.061,0.051,1,0,0,0.323,0.333,0.047,0.032,0.02,0.041,0,0.103,0.558,0.307,0.518
Spain,1967,0.087,0.051,1,0.045,0,0.323,0.333,0.047,0.032,0.02,0.041,0,0.103,0.558,0.307,0.555
Spain,1968,0.092,0.053,1,0.167,0,0.323,0.333,0.047,0.032,0.02,0.041,0,0.103,0.558,0.307,0.573
Spain,1969,0.092,0.053,1,0.167,0,0.323,0.333,0.047,0.032,0.02,0.041,0,0.103,0.558,0.307,0.573
Spain,1970,0.092,0.053,1,0.167,0,0.345,0.333,0.047,0.037,0.02,0.041,0,0.134,0.633,0.307,0.573
Spain,1971,0.092,0.053,1,0.184,0,0.345,0.333,0.047,0.037,0.02,0.041,0,0.102,0.633,0.307,0.573
Spain,1972,0.092,0.053,1,0.233,0,0.345,0.333,0.047,0.037,0.02,0.041,0,0.102,0.633,0.307,0.573
Spain,1973,0.092,0.053,1,0.233,0,0.353,0.333,0.047,0.037,0.02,0.041,0,0.102,0.633,0.307,0.573
Spain,1974,0.092,0.057,1,0.233,0,0.353,0.333,0.047,0.07,0.02,0.041,0,0.102,0.633,0.307,0.573
Spain,1975,0.117,0.068,1,0.233,0,0.373,0.347,0.264,0.07,0.02,0.041,0,0.342,0.633,0.307,0.578
Spain,1976,0.32,0.081,1,0.233,0,0.442,0.363,0.264,0.217,0.02,0.041,0,0.558,0.633,0.394,0.578
Spain,1977,0.614,0.551,1,0.668,1,0.652,0.37,0.715,0.653,0.02,0.041,0,0.82,0.641,0.7,0.823
Spain,1978,0.903,0.849,1,0.849,1,0.887,0.957,0.747,0.755,0.146,0.141,0,0.919,0.932,0.812,0.855
Spain,1979,0.937,0.924,1,0.921,1,0.947,0.974,0.841,0.755,0.146,0.997,0,0.919,0.932,0.812,0.858
Spain,1980,0.937,0.925,1,0.935,1,0.947,0.969,0.841,0.757,0.146,0.997,0.977,0.89,0.932,0.836,0.858
Spain,1981,0.937,0.925,1,0.935,1,0.947,0.969,0.841,0.803,0.146,0.997,0.977,0.89,0.949,0.836,0.858
Spain,1982,0.954,0.925,1,0.937,1,0.947,0.969,0.806,0.855,0.146,0.997,0.993,0.879,0.949,0.835,0.894
Spain,1983,0.954,0.924,1,0.946,1,0.957,0.969,0.806,0.853,0.146,0.997,0.993,0.89,0.949,0.835,0.937
Spain,1984,0.954,0.924,1,0.946,1,0.957,0.969,0.806,0.853,0.146,0.997,0.993,0.89,0.949,0.835,0.937
Spain,1985,0.954,0.924,1,0.946,1,0.957,0.969,0.806,0.853,0.138,0.997,0.993,0.89,0.949,0.835,0.937
Spain,1986,0.958,0.923,1,0.948,1,0.96,0.969,0.806,0.853,0.266,0.997,0.993,0.89,0.949,0.835,0.934
Spain,1987,0.958,0.923,1,0.954,1,0.974,0.969,0.806,0.853,0.258,0.997,0.993,0.914,0.949,0.835,0.934
Spain,1988,0.958,0.923,1,0.954,1,0.974,0.969,0.806,0.853,0.25,0.997,0.993,0.914,0.949,0.835,0.961
Spain,1989,0.958,0.923,1,0.954,1,0.974,0.969,0.806,0.853,0.242,0.997,0.993,0.914,0.949,0.835,0.961
Spain,1990,0.958,0.926,1,0.951,1,0.974,0.969,0.806,0.853,0.234,0.997,0.993,0.914,0.949,0.859,0.961
Spain,1991,0.958,0.926,1,0.951,1,0.974,0.969,0.806,0.853,0.217,0.997,0.993,0.914,0.949,0.859,0.961
Spain,1992,0.958,0.926,1,0.951,1,0.974,0.969,0.806,0.853,0.2,0.997,0.993,0.914,0.949,0.859,0.961
Spain,1993,0.958,0.926,1,0.952,1,0.974,0.969,0.838,0.853,0.183,0.997,0.993,0.9,0.949,0.859,0.961
Spain,1994,0.958,0.926,1,0.952,1,0.974,0.969,0.838,0.853,0.166,0.997,0.993,0.9,0.949,0.859,0.961
Spain,1995,0.958,0.926,1,0.952,1,0.974,0.969,0.838,0.853,0.15,0.997,0.993,0.9,0.949,0.859,0.961
Spain,1996,0.958,0.926,1,0.954,1,0.978,0.969,0.838,0.853,0.133,0.997,0.993,0.885,0.949,0.859,0.961
Spain,1997,0.958,0.926,1,0.954,1,0.978,0.969,0.838,0.853,0.116,0.997,0.993,0.885,0.949,0.859,0.961
Spain,1998,0.958,0.926,1,0.954,1,0.978,0.969,0.838,0.853,0.099,0.997,0.993,0.885,0.949,0.859,0.961
Spain,1999,0.958,0.926,1,0.954,1,0.978,0.969,0.838,0.853,0.082,0.997,0.993,0.885,0.949,0.859,0.961
Spain,2000,0.958,0.924,1,0.955,1,0.978,0.969,0.808,0.853,0.073,0.997,0.993,0.885,0.949,0.881,0.961
Spain,2001,0.958,0.924,1,0.955,1,0.978,0.969,0.797,0.853,0.064,0.997,0.993,0.885,0.949,0.881,0.961
Spain,2002,0.958,0.924,1,0.955,1,0.978,0.969,0.797,0.853,0.055,0.997,0.993,0.885,0.949,0.881,0.961
Spain,2003,0.958,0.897,1,0.955,1,0.978,0.969,0.797,0.853,0.046,0.997,0.993,0.885,0.949,0.881,0.961
Spain,2004,0.958,0.893,1,0.951,1,0.978,0.969,0.852,0.853,0.037,0.997,0.993,0.905,0.949,0.881,0.961
Spain,2005,0.958,0.901,1,0.95,1,0.978,0.969,0.852,0.853,0.163,0.997,0.993,0.909,0.949,0.887,0.961
Spain,2006,0.958,0.899,1,0.95,1,0.979,0.969,0.852,0.853,0.163,0.997,0.993,0.909,0.949,0.887,0.961
Spain,2007,0.958,0.895,1,0.95,1,0.979,0.969,0.852,0.853,0.163,0.997,0.993,0.909,0.949,0.887,0.961
Spain,2008,0.958,0.9,1,0.964,1,0.979,0.969,0.852,0.853,0.163,0.997,0.993,0.908,0.949,0.888,0.953
Spain,2009,0.958,0.901,1,0.967,1,0.979,0.969,0.852,0.868,0.163,0.997,0.993,0.908,0.949,0.888,0.953
Spain,2010,0.958,0.909,1,0.967,1,0.979,0.969,0.852,0.87,0.154,0.997,0.993,0.92,0.949,0.887,0.946
Spain,2011,0.958,0.908,1,0.967,1,0.979,0.965,0.844,0.87,0.145,0.997,0.993,0.908,0.942,0.877,0.934
Spain,2012,0.947,0.915,1,0.967,1,0.971,0.937,0.797,0.853,0.136,0.997,0.993,0.901,0.942,0.877,0.892
Spain,2013,0.932,0.901,1,0.967,1,0.969,0.932,0.783,0.842,0.127,0.997,0.993,0.87,0.903,0.877,0.883
Spain,2014,0.93,0.902,1,0.967,1,0.969,0.932,0.783,0.867,0.118,0.997,0.993,0.87,0.901,0.877,0.883
Spain,2015,0.901,0.902,1,0.966,1,0.97,0.932,0.781,0.868,0.109,0.997,0.993,0.867,0.934,0.877,0.883
Spain,2016,0.901,0.9,1,0.953,1,0.975,0.944,0.835,0.865,0.1,0.997,0.993,0.876,0.947,0.877,0.883
Spain,2017,0.895,0.885,1,0.957,1,0.969,0.942,0.851,0.867,0.091,0.997,0.969,0.879,0.935,0.848,0.866
Spain,2018,0.91,0.895,1,0.96,1,0.969,0.947,0.854,0.861,0.082,0.997,0.989,0.882,0.935,0.878,0.924
Spain,2019,0.923,0.906,1,0.97,1,0.974,0.966,0.859,0.889,0.073,0.997,0.989,0.876,0.935,0.881,0.901
Spain,2020,0.919,0.912,1,0.973,1,0.971,0.966,0.785,0.902,0.064,0.997,0.989,0.875,0.935,0.906,0.917
Spain,2021,0.893,0.903,1,0.972,1,0.97,0.975,0.823,0.902,0.055,0.996,0.989,0.866,0.941,0.864,0.895
Spain,2022,0.903,0.914,1,0.974,1,0.976,0.953,0.812,0.89,0.046,0.996,0.989,0.866,0.819,0.834,0.868
Spain,2023,0.888,0.907,1,0.965,1,0.973,0.944,0.812,0.902,0.037,0.996,0.989,0.825,0.819,0.846,0.888
Spain,2024,0.86,0.912,1,0.955,1,0.974,0.94,0.827,0.881,0.028,0.996,0.989,0.841,0.819,0.846,0.883
Türkiye,1950,0.359,0.379,1,0.624,1,0.46,0.527,0.274,0.27,0,0.738,0.045,0.352,0.521,0.418,0.428
Türkiye,1951,0.532,0.411,1,0.708,1,0.46,0.619,0.291,0.315,0,0.738,0.045,0.379,0.521,0.418,0.455
Türkiye,1952,0.524,0.411,1,0.708,1,0.461,0.619,0.291,0.315,0,0.738,0.045,0.379,0.521,0.418,0.455
Türkiye,1953,0.526,0.411,1,0.708,1,0.487,0.619,0.291,0.315,0,0.738,0.045,0.379,0.521,0.418,0.455
Türkiye,1954,0.526,0.38,1,0.704,1,0.483,0.684,0.291,0.315,0,0.738,0.045,0.367,0.521,0.418,0.455
Türkiye,1955,0.526,0.383,1,0.701,1,0.447,0.602,0.285,0.315,0,0.738,0.045,0.338,0.491,0.418,0.455
Türkiye,1956,0.364,0.383,1,0.701,1,0.463,0.602,0.285,0.315,0,0.738,0.045,0.338,0.523,0.418,0.455
Türkiye,1957,0.364,0.383,1,0.698,1,0.463,0.602,0.285,0.315,0,0.738,0.045,0.338,0.518,0.418,0.455
Türkiye,1958,0.364,0.381,1,0.685,1,0.463,0.602,0.285,0.315,0,0.738,0.045,0.338,0.518,0.418,0.455
Türkiye,1959,0.364,0.381,1,0.685,1,0.463,0.602,0.285,0.315,0,0.738,0.045,0.338,0.518,0.418,0.455
Türkiye,1960,0.299,0.385,1,0.268,0,0.388,0.618,0.185,0.37,0,0.738,0.045,0.113,0.704,0.522,0.588
Türkiye,1961,0.372,0.537,1,0.206,0,0.368,0.528,0.445,0.622,0.1,0.738,0.045,0.389,0.704,0.522,0.592
Türkiye,1962,0.471,0.644,1,0.697,0,0.444,0.777,0.657,0.757,0,0.738,0.045,0.489,0.704,0.522,0.592
Türkiye,1963,0.561,0.644,1,0.697,0,0.546,0.777,0.657,0.757,0,0.83,0.045,0.698,0.704,0.522,0.592
Türkiye,1964,0.681,0.644,1,0.697,0,0.543,0.777,0.657,0.757,0,0.83,0.045,0.681,0.704,0.522,0.592
Türkiye,1965,0.713,0.651,1,0.711,0,0.543,0.808,0.657,0.757,0,0.83,0.045,0.681,0.704,0.522,0.592
Türkiye,1966,0.73,0.676,1,0.761,1,0.558,0.77,0.657,0.757,0,0.83,0.045,0.696,0.704,0.522,0.592
Türkiye,1967,0.73,0.676,1,0.761,1,0.558,0.77,0.657,0.757,0,0.83,0.045,0.696,0.704,0.522,0.592
Türkiye,1968,0.73,0.676,1,0.761,1,0.558,0.77,0.657,0.757,0,0.83,0.045,0.696,0.704,0.522,0.592
Türkiye,1969,0.73,0.676,1,0.76,1,0.558,0.77,0.657,0.757,0,0.83,0.045,0.696,0.704,0.522,0.592
Türkiye,1970,0.657,0.676,1,0.757,1,0.494,0.77,0.657,0.757,0,0.925,0.045,0.454,0.681,0.522,0.592
Türkiye,1971,0.587,0.563,1,0.757,1,0.456,0.511,0.553,0.659,0,0.925,0.045,0.433,0.681,0.522,0.592
Türkiye,1972,0.594,0.619,1,0.757,1,0.456,0.489,0.553,0.659,0,0.925,0.045,0.433,0.681,0.522,0.592
Türkiye,1973,0.651,0.62,1,0.756,1,0.51,0.489,0.553,0.659,0,0.925,0.045,0.666,0.589,0.522,0.592
Türkiye,1974,0.725,0.68,1,0.753,1,0.502,0.732,0.659,0.755,0,0.925,0.045,0.744,0.589,0.522,0.592
Türkiye,1975,0.725,0.68,1,0.753,1,0.502,0.732,0.659,0.755,0,0.925,0.045,0.74,0.589,0.522,0.592
Türkiye,1976,0.725,0.68,1,0.753,1,0.502,0.735,0.659,0.755,0,0.925,0.045,0.74,0.589,0.522,0.592
Türkiye,1977,0.725,0.684,1,0.741,1,0.473,0.735,0.659,0.755,0,0.925,0.045,0.74,0.589,0.522,0.592
Türkiye,1978,0.725,0.687,1,0.733,1,0.477,0.732,0.659,0.755,0,0.925,0.045,0.755,0.589,0.522,0.592
Türkiye,1979,0.725,0.687,1,0.733,1,0.478,0.732,0.659,0.755,0,0.925,0.045,0.741,0.589,0.522,0.592
Türkiye,1980,0.454,0.449,1,0.499,0,0.267,0.734,0.43,0.519,0,0.925,0.045,0.243,0.651,0.397,0.581
Türkiye,1981,0.177,0.228,1,0,0,0.259,0.295,0.407,0.186,0,0.925,0.045,0.062,0.651,0.361,0.578
Türkiye,1982,0.177,0.228,1,0,0,0.259,0.295,0.407,0.186,0.213,0.925,0.088,0.062,0.651,0.361,0.578
Türkiye,1983,0.232,0.291,1,0.104,1,0.332,0.406,0.604,0.186,0.213,0.925,0.088,0.45,0.539,0.361,0.608
Türkiye,1984,0.475,0.494,1,0.681,1,0.416,0.814,0.604,0.325,0.213,0.937,0.088,0.719,0.539,0.361,0.608
Türkiye,1985,0.475,0.495,1,0.681,1,0.416,0.814,0.604,0.325,0.213,0.937,0.088,0.719,0.539,0.361,0.608
Türkiye,1986,0.507,0.497,1,0.681,1,0.424,0.775,0.604,0.354,0.213,0.937,0.088,0.719,0.525,0.361,0.608
Türkiye,1987,0.524,0.508,1,0.694,1,0.435,0.744,0.604,0.384,0.319,0.937,0.088,0.719,0.525,0.361,0.608
Türkiye,1988,0.539,0.59,1,0.82,1,0.444,0.744,0.604,0.429,0.307,0.937,0.088,0.719,0.525,0.361,0.608
Türkiye,1989,0.539,0.59,1,0.82,1,0.444,0.744,0.604,0.429,0.295,0.937,0.088,0.719,0.525,0.368,0.608
Türkiye,1990,0.602,0.59,1,0.829,1,0.526,0.744,0.604,0.504,0.283,0.937,0.088,0.719,0.529,0.431,0.635
Türkiye,1991,0.602,0.596,1,0.836,1,0.549,0.744,0.659,0.504,0.271,0.937,0.088,0.749,0.529,0.447,0.635
Türkiye,1992,0.618,0.61,1,0.862,1,0.549,0.744,0.659,0.526,0.251,0.937,0.088,0.746,0.529,0.447,0.635
Türkiye,1993,0.618,0.598,1,0.862,1,0.55,0.744,0.659,0.526,0.232,0.937,0.088,0.746,0.529,0.447,0.635
Türkiye,1994,0.628,0.598,1,0.862,1,0.55,0.744,0.659,0.526,0.212,0.937,0.088,0.746,0.529,0.447,0.635
Türkiye,1995,0.628,0.607,1,0.862,1,0.55,0.744,0.659,0.526,0.192,0.937,0.088,0.746,0.529,0.448,0.635
Türkiye,1996,0.621,0.629,1,0.864,1,0.56,0.768,0.659,0.526,0.172,0.937,0.088,0.757,0.529,0.448,0.638
Türkiye,1997,0.614,0.645,1,0.864,1,0.566,0.836,0.659,0.526,0.152,0.937,0.088,0.757,0.529,0.448,0.638
Türkiye,1998,0.614,0.636,1,0.864,1,0.566,0.823,0.659,0.526,0.132,0.937,0.088,0.757,0.626,0.448,0.638
Türkiye,1999,0.658,0.646,1,0.879,1,0.601,0.823,0.659,0.526,0.112,0.937,0.088,0.737,0.633,0.448,0.638
Türkiye,2000,0.693,0.648,1,0.886,1,0.626,0.823,0.659,0.537,0.092,0.937,0.088,0.742,0.702,0.448,0.694
Türkiye,2001,0.695,0.645,1,0.886,1,0.635,0.834,0.659,0.578,0.072,0.937,0.088,0.742,0.702,0.448,0.715
Türkiye,2002,0.742,0.691,1,0.89,1,0.753,0.874,0.646,0.667,0.065,0.937,0.088,0.749,0.709,0.471,0.733
Türkiye,2003,0.747,0.713,1,0.91,1,0.777,0.856,0.646,0.677,0.057,0.937,0.088,0.749,0.709,0.669,0.733
Türkiye,2004,0.761,0.719,1,0.91,1,0.782,0.856,0.62,0.677,0.049,0.937,0.088,0.749,0.763,0.669,0.733
Türkiye,2005,0.724,0.719,1,0.91,1,0.763,0.856,0.62,0.677,0.041,0.937,0.088,0.749,0.763,0.669,0.647
Türkiye,2006,0.724,0.719,1,0.91,1,0.76,0.856,0.62,0.677,0.033,0.937,0.088,0.745,0.763,0.669,0.646
Türkiye,2007,0.715,0.73,1,0.841,1,0.743,0.849,0.625,0.683,0.213,0.937,0.047,0.732,0.76,0.699,0.646
Türkiye,2008,0.637,0.733,1,0.757,1,0.707,0.847,0.607,0.658,0.213,0.937,0.047,0.673,0.784,0.705,0.63
Türkiye,2009,0.63,0.718,1,0.757,1,0.701,0.848,0.607,0.686,0.213,0.937,0.047,0.673,0.74,0.705,0.629
Türkiye,2010,0.554,0.75,1,0.756,1,0.646,0.745,0.549,0.666,0.331,0.937,0.047,0.621,0.743,0.691,0.697
Türkiye,2011,0.542,0.755,1,0.739,1,0.646,0.715,0.538,0.666,0.331,0.937,0.047,0.524,0.736,0.698,0.705
Türkiye,2012,0.526,0.757,1,0.724,1,0.644,0.712,0.532,0.64,0.319,0.937,0.047,0.512,0.74,0.698,0.706
Türkiye,2013,0.442,0.73,1,0.719,1,0.537,0.662,0.465,0.569,0.307,0.937,0.047,0.385,0.707,0.649,0.667
Türkiye,2014,0.375,0.72,1,0.652,1,0.539,0.582,0.395,0.569,0.295,0.937,0.047,0.349,0.699,0.656,0.672
Türkiye,2015,0.353,0.704,1,0.536,1,0.51,0.582,0.378,0.566,0.275,0.937,0.047,0.307,0.721,0.656,0.672
Türkiye,2016,0.216,0.564,1,0.456,1,0.358,0.33,0.279,0.391,0.256,0.936,0.047,0.195,0.651,0.618,0.589
Türkiye,2017,0.176,0.539,1,0.439,1,0.319,0.137,0.156,0.361,0.259,0.905,0.047,0.215,0.636,0.641,0.597
Türkiye,2018,0.198,0.56,1,0.427,1,0.317,0.155,0.161,0.365,0.247,0.905,0.047,0.202,0.619,0.657,0.596
Türkiye,2019,0.186,0.558,1,0.422,1,0.328,0.169,0.194,0.431,0.235,0.822,0.047,0.215,0.593,0.62,0.585
Türkiye,2020,0.191,0.549,1,0.422,1,0.343,0.156,0.228,0.431,0.223,0.773,0.047,0.197,0.585,0.605,0.585
Türkiye,2021,0.189,0.52,1,0.408,1,0.34,0.166,0.25,0.432,0.211,0.71,0.047,0.188,0.584,0.583,0.593
Türkiye,2022,0.184,0.542,1,0.4,1,0.332,0.176,0.206,0.403,0.191,0.71,0.047,0.188,0.576,0.459,0.567
Türkiye,2023,0.174,0.55,1,0.408,1,0.354,0.188,0.158,0.395,0.172,0.691,0.047,0.19,0.57,0.436,0.532
Türkiye,2024,0.179,0.558,1,0.411,1,0.349,0.221,0.167,0.395,0.152,0.713,0.047,0.182,0.573,0.502,0.561
United Kingdom,1950,0.911,0.909,1,0.877,1,0.93,0.909,0.788,0.895,0,0.969,0.872,0.77,0.835,0.706,0.916
United Kingdom,1951,0.911,0.91,1,0.877,1,0.93,0.909,0.788,0.895,0,0.969,0.872,0.77,0.835,0.664,0.916
United Kingdom,1952,0.911,0.911,1,0.875,1,0.927,0.909,0.788,0.895,0,0.969,0.872,0.77,0.835,0.664,0.916
United Kingdom,1953,0.911,0.911,1,0.875,1,0.927,0.909,0.788,0.895,0,0.969,0.872,0.77,0.835,0.664,0.916
United Kingdom,1954,0.911,0.911,1,0.875,1,0.927,0.909,0.788,0.895,0,0.969,0.872,0.77,0.835,0.664,0.916
United Kingdom,1955,0.911,0.912,1,0.871,1,0.927,0.909,0.788,0.895,0,0.969,0.872,0.782,0.835,0.664,0.916
United Kingdom,1956,0.911,0.913,1,0.869,1,0.927,0.909,0.788,0.895,0,0.658,0.872,0.782,0.835,0.664,0.916
United Kingdom,1957,0.911,0.913,1,0.869,1,0.927,0.909,0.788,0.895,0,0.658,0.872,0.782,0.835,0.664,0.916
United Kingdom,1958,0.911,0.913,1,0.869,1,0.927,0.909,0.788,0.895,0,0.658,0.872,0.782,0.835,0.664,0.916
United Kingdom,1959,0.911,0.912,1,0.868,1,0.927,0.909,0.788,0.895,0,0.658,0.872,0.782,0.835,0.664,0.916
United Kingdom,1960,0.911,0.908,1,0.866,1,0.927,0.909,0.788,0.911,0,0.658,0.872,0.782,0.835,0.631,0.916
United Kingdom,1961,0.911,0.908,1,0.866,1,0.927,0.909,0.788,0.911,0,0.658,0.872,0.845,0.835,0.648,0.916
United Kingdom,1962,0.911,0.908,1,0.866,1,0.927,0.909,0.788,0.911,0,0.658,0.872,0.845,0.835,0.648,0.916
United Kingdom,1963,0.911,0.908,1,0.866,1,0.927,0.909,0.788,0.911,0,0.658,0.872,0.845,0.835,0.648,0.916
United Kingdom,1964,0.911,0.908,1,0.871,1,0.927,0.909,0.859,0.911,0,0.658,0.872,0.84,0.835,0.658,0.916
United Kingdom,1965,0.918,0.909,1,0.889,1,0.93,0.909,0.859,0.911,0,0.658,0.872,0.84,0.835,0.731,0.916
United Kingdom,1966,0.918,0.909,1,0.891,1,0.93,0.909,0.859,0.922,0,0.658,0.872,0.86,0.835,0.731,0.916
United Kingdom,1967,0.927,0.91,1,0.892,1,0.93,0.909,0.859,0.922,0,0.658,0.872,0.86,0.835,0.731,0.916
United Kingdom,1968,0.908,0.91,1,0.892,1,0.924,0.909,0.859,0.922,0,0.658,0.872,0.86,0.835,0.741,0.916
United Kingdom,1969,0.908,0.91,1,0.892,1,0.928,0.909,0.859,0.922,0,0.658,0.872,0.86,0.843,0.78,0.916
United Kingdom,1970,0.916,0.911,1,0.892,1,0.933,0.909,0.859,0.926,0,0.658,0.872,0.86,0.843,0.78,0.916
United Kingdom,1971,0.916,0.913,1,0.892,1,0.933,0.909,0.882,0.94,0,0.658,0.872,0.86,0.843,0.765,0.916
United Kingdom,1972,0.916,0.913,1,0.892,1,0.933,0.909,0.882,0.94,0,0.658,0.872,0.86,0.843,0.765,0.916
United Kingdom,1973,0.916,0.913,1,0.892,1,0.933,0.909,0.882,0.94,0,0.658,0.872,0.86,0.843,0.765,0.916
United Kingdom,1974,0.916,0.91,1,0.889,1,0.933,0.909,0.903,0.94,0,0.658,0.872,0.866,0.843,0.765,0.916
United Kingdom,1975,0.916,0.91,1,0.889,1,0.933,0.909,0.903,0.94,0.1,0.658,0.872,0.866,0.843,0.765,0.916
United Kingdom,1976,0.916,0.91,1,0.889,1,0.933,0.909,0.903,0.925,0.15,0.658,0.872,0.866,0.921,0.765,0.916
United Kingdom,1977,0.916,0.91,1,0.889,1,0.933,0.909,0.903,0.925,0.15,0.658,0.872,0.866,0.921,0.765,0.916
United Kingdom,1978,0.916,0.91,1,0.889,1,0.933,0.909,0.903,0.925,0.15,0.658,0.872,0.866,0.921,0.765,0.916
United Kingdom,1979,0.905,0.909,1,0.891,1,0.933,0.909,0.877,0.873,0.15,0.658,0.872,0.852,0.921,0.725,0.906
United Kingdom,1980,0.895,0.899,1,0.894,1,0.951,0.909,0.877,0.923,0.141,0.92,0.872,0.819,0.921,0.623,0.862
United Kingdom,1981,0.895,0.899,1,0.894,1,0.951,0.909,0.922,0.923,0.132,0.92,0.872,0.819,0.921,0.623,0.862
United Kingdom,1982,0.895,0.899,1,0.894,1,0.951,0.909,0.922,0.923,0.123,0.92,0.872,0.819,0.921,0.623,0.862
United Kingdom,1983,0.895,0.899,1,0.891,1,0.951,0.909,0.922,0.923,0.114,0.92,0.872,0.819,0.921,0.623,0.862
United Kingdom,1984,0.895,0.9,1,0.889,1,0.951,0.909,0.922,0.923,0.105,0.92,0.872,0.819,0.921,0.623,0.864
United Kingdom,1985,0.895,0.9,1,0.889,1,0.951,0.909,0.922,0.923,0.096,0.92,0.872,0.819,0.921,0.623,0.864
United Kingdom,1986,0.895,0.9,1,0.889,1,0.951,0.909,0.922,0.923,0.087,0.92,0.872,0.819,0.921,0.623,0.864
United Kingdom,1987,0.895,0.9,1,0.89,1,0.951,0.909,0.922,0.923,0.078,0.92,0.872,0.819,0.921,0.623,0.864
United Kingdom,1988,0.895,0.901,1,0.891,1,0.951,0.909,0.922,0.923,0.069,0.92,0.872,0.847,0.921,0.623,0.864
United Kingdom,1989,0.895,0.901,1,0.891,1,0.951,0.909,0.922,0.923,0.06,0.92,0.872,0.847,0.921,0.623,0.864
United Kingdom,1990,0.916,0.901,1,0.891,1,0.957,0.909,0.93,0.954,0.051,0.92,0.872,0.847,0.924,0.623,0.898
United Kingdom,1991,0.916,0.901,1,0.891,1,0.957,0.909,0.93,0.954,0.042,0.92,0.872,0.843,0.924,0.612,0.892
United Kingdom,1992,0.916,0.9,1,0.887,1,0.957,0.909,0.93,0.954,0.033,0.92,0.872,0.843,0.924,0.579,0.892
United Kingdom,1993,0.916,0.9,1,0.886,1,0.957,0.909,0.946,0.954,0.024,0.92,0.872,0.843,0.924,0.579,0.892
United Kingdom,1994,0.916,0.9,1,0.886,1,0.967,0.909,0.95,0.954,0.015,0.92,0.872,0.843,0.924,0.579,0.892
United Kingdom,1995,0.916,0.9,1,0.886,1,0.967,0.909,0.95,0.954,0.015,0.92,0.872,0.843,0.924,0.579,0.892
United Kingdom,1996,0.916,0.9,1,0.886,1,0.967,0.909,0.95,0.954,0.015,0.92,0.872,0.843,0.924,0.579,0.892
United Kingdom,1997,0.916,0.9,1,0.883,1,0.967,0.909,0.947,0.954,0.015,0.92,0.872,0.869,0.925,0.622,0.898
United Kingdom,1998,0.916,0.9,1,0.886,1,0.974,0.909,0.947,0.954,0.015,0.92,0.872,0.869,0.925,0.689,0.898
United Kingdom,1999,0.944,0.9,1,0.894,1,0.979,0.909,0.947,0.954,0.015,0.92,0.872,0.869,0.917,0.689,0.898
United Kingdom,2000,0.956,0.9,1,0.91,1,0.98,0.909,0.947,0.954,0.015,0.92,0.971,0.892,0.917,0.773,0.929
United Kingdom,2001,0.961,0.899,1,0.919,1,0.97,0.909,0.947,0.954,0.015,0.92,0.971,0.892,0.917,0.773,0.929
United Kingdom,2002,0.961,0.899,1,0.922,1,0.969,0.909,0.954,0.954,0.015,0.92,0.971,0.892,0.917,0.773,0.929
United Kingdom,2003,0.961,0.899,1,0.922,1,0.969,0.909,0.954,0.954,0.015,0.92,0.971,0.892,0.917,0.773,0.929
United Kingdom,2004,0.961,0.899,1,0.922,1,0.969,0.909,0.954,0.954,0.015,0.92,0.971,0.867,0.917,0.773,0.929
United Kingdom,2005,0.961,0.899,1,0.928,1,0.969,0.909,0.954,0.954,0.015,0.92,0.971,0.867,0.917,0.8,0.929
United Kingdom,2006,0.964,0.898,1,0.931,1,0.969,0.909,0.952,0.947,0.015,0.92,0.971,0.867,0.896,0.786,0.929
United Kingdom,2007,0.964,0.898,1,0.931,1,0.969,0.909,0.952,0.947,0.015,0.92,0.971,0.867,0.896,0.784,0.929
United Kingdom,2008,0.964,0.898,1,0.931,1,0.969,0.909,0.952,0.947,0.015,0.92,0.971,0.867,0.896,0.784,0.929
United Kingdom,2009,0.964,0.898,1,0.931,1,0.969,0.909,0.952,0.947,0.015,0.92,0.971,0.867,0.896,0.784,0.929
United Kingdom,2010,0.961,0.899,1,0.932,1,0.964,0.909,0.952,0.947,0.015,0.92,0.971,0.854,0.892,0.777,0.93
United Kingdom,2011,0.961,0.899,1,0.932,1,0.964,0.909,0.955,0.947,0.135,0.92,0.971,0.857,0.892,0.777,0.925
United Kingdom,2012,0.963,0.899,1,0.932,1,0.957,0.912,0.955,0.956,0.135,0.92,0.971,0.857,0.857,0.818,0.921
United Kingdom,2013,0.954,0.902,1,0.932,1,0.937,0.924,0.955,0.955,0.135,0.942,0.971,0.842,0.841,0.818,0.921
United Kingdom,2014,0.949,0.902,1,0.934,1,0.937,0.924,0.955,0.955,0.135,0.942,0.971,0.842,0.841,0.818,0.921
United Kingdom,2015,0.949,0.901,1,0.923,1,0.937,0.924,0.955,0.955,0.135,0.942,0.971,0.844,0.841,0.818,0.921
United Kingdom,2016,0.949,0.901,1,0.92,1,0.937,0.924,0.955,0.955,0.135,0.942,0.971,0.844,0.841,0.806,0.921
United Kingdom,2017,0.961,0.9,1,0.93,1,0.951,0.924,0.955,0.955,0.135,0.942,0.971,0.844,0.906,0.806,0.911
United Kingdom,2018,0.961,0.9,1,0.942,1,0.949,0.924,0.955,0.952,0.135,0.942,0.971,0.844,0.853,0.811,0.887
United Kingdom,2019,0.958,0.873,1,0.937,1,0.933,0.916,0.964,0.94,0.135,0.942,0.971,0.83,0.83,0.811,0.883
United Kingdom,2020,0.957,0.896,1,0.947,1,0.919,0.926,0.953,0.952,0.135,0.902,0.971,0.854,0.854,0.821,0.869
United Kingdom,2021,0.941,0.896,1,0.94,1,0.903,0.926,0.943,0.94,0.12,0.945,0.994,0.895,0.769,0.821,0.883
United Kingdom,2022,0.931,0.884,1,0.937,1,0.909,0.93,0.936,0.948,0.105,0.815,0.948,0.869,0.798,0.821,0.87
United Kingdom,2023,0.936,0.895,1,0.93,1,0.904,0.911,0.945,0.919,0.09,0.965,0.965,0.846,0.808,0.814,0.853
United Kingdom,2024,0.914,0.887,1,0.929,1,0.875,0.941,0.937,0.899,0.075,0.86,0.944,0.867,0.758,0.833,0.818
Algeria,1950,0.096,0.274,0.45,0.139,0,0.081,0.302,0.652,0.112,0,0.373,0.183,0.148,0.309,0.038,0.1
Algeria,1951,0.096,0.274,0.45,0.139,0,0.081,0.302,0.652,0.112,0,0.373,0.183,0.148,0.309,0.038,0.115
Algeria,1952,0.096,0.285,0.45,0.213,0,0.073,0.302,0.652,0.112,0,0.373,0.183,0.148,0.309,0.038,0.115
Algeria,1953,0.096,0.286,0.45,0,0,0.081,0.302,0.652,0.112,0,0.373,0.183,0.148,0.309,0.038,0.115
Algeria,1954,0.105,0.286,0.45,0,0,0.067,0.302,0.652,0.112,0,0.373,0.183,0.192,0.271,0.038,0.11
Algeria,1955,0.106,0.256,0.45,0.11,0,0.054,0.298,0.652,0.112,0,0.373,0.183,0.187,0.248,0.115,0.124
Algeria,1956,0.106,0.267,0.45,0.057,0,0.054,0.298,0.652,0.112,0,0.373,0.183,0.187,0.248,0.115,0.124
Algeria,1957,0.106,0.267,0.45,0,0,0.054,0.298,0.83,0.112,0,0.373,0.183,0.177,0.248,0.115,0.124
Algeria,1958,0.106,0.267,0.45,0,0,0.054,0.298,0.83,0.112,0,0.373,0.183,0.177,0.248,0.115,0.124
Algeria,1959,0.106,0.267,0.45,0,0,0.054,0.298,0.83,0.112,0,0.373,0.183,0.177,0.248,0.115,0.124
Algeria,1960,0.104,0.267,0.45,0,0,0.054,0.298,0.83,0.112,0,0.373,0.183,0.301,0.248,0.115,0.116
Algeria,1961,0.104,0.267,0.45,0,0,0.054,0.298,0.83,0.112,0,0.045,0.183,0.289,0.248,0.115,0.116
Algeria,1962,0.057,0.097,0.45,0.095,1,0.115,0.265,0.628,0.127,0.1,0.045,0.011,0.525,0.396,0.42,0.276
Algeria,1963,0.108,0.08,1,0.316,1,0.371,0.273,0.114,0.102,0.231,0.045,0.011,0.425,0.722,0.655,0.693
Algeria,1964,0.102,0.08,1,0.292,1,0.385,0.255,0.114,0.102,0.131,0.045,0.011,0.425,0.722,0.655,0.693
Algeria,1965,0.088,0.078,1,0.138,0,0.406,0.255,0.114,0.102,0.131,0.045,0.011,0.405,0.722,0.655,0.693
Algeria,1966,0.088,0.078,1,0,0,0.406,0.255,0.099,0.102,0.123,0.045,0.011,0.405,0.722,0.655,0.693
Algeria,1967,0.088,0.078,1,0,0,0.406,0.255,0.099,0.102,0.116,0.045,0.011,0.405,0.722,0.655,0.693
Algeria,1968,0.088,0.078,1,0,0,0.406,0.255,0.099,0.102,0.108,0.045,0.011,0.405,0.722,0.655,0.693
Algeria,1969,0.088,0.078,1,0,0,0.406,0.255,0.099,0.102,0.1,0.045,0.021,0.405,0.722,0.655,0.693
Algeria,1970,0.088,0.078,1,0,0,0.406,0.255,0.099,0.102,0.092,0.045,0.021,0.372,0.722,0.655,0.697
Algeria,1971,0.088,0.078,1,0,0,0.406,0.255,0.099,0.102,0.084,0.045,0.021,0.372,0.722,0.655,0.705
Algeria,1972,0.088,0.078,1,0,0,0.406,0.255,0.099,0.102,0.076,0.045,0.021,0.372,0.722,0.655,0.705
Algeria,1973,0.088,0.078,1,0,0,0.406,0.255,0.099,0.102,0.068,0.045,0.021,0.372,0.722,0.655,0.705
Algeria,1974,0.088,0.078,1,0,0,0.406,0.255,0.099,0.102,0.06,0.045,0.021,0.372,0.722,0.655,0.705
Algeria,1975,0.088,0.078,1,0,0,0.406,0.255,0.099,0.102,0.052,0.045,0.021,0.372,0.722,0.655,0.705
Algeria,1976,0.088,0.077,1,0.022,0.5,0.406,0.255,0.099,0.102,0.015,0.045,0.021,0.372,0.722,0.655,0.705
Algeria,1977,0.088,0.074,1,0.365,1,0.406,0.255,0.277,0.102,0.015,0.045,0.021,0.372,0.722,0.655,0.705
Algeria,1978,0.088,0.074,1,0.365,1,0.406,0.255,0.174,0.102,0.015,0.045,0.021,0.372,0.722,0.655,0.705
Algeria,1979,0.092,0.077,1,0.352,1,0.45,0.229,0.174,0.102,0.015,0.045,0.021,0.42,0.722,0.655,0.704
Algeria,1980,0.108,0.083,1,0.352,1,0.45,0.254,0.174,0.113,0.015,0.045,0.021,0.456,0.709,0.633,0.704
Algeria,1981,0.108,0.083,1,0.352,1,0.456,0.254,0.174,0.113,0.015,0.045,0.021,0.456,0.709,0.633,0.716
Algeria,1982,0.108,0.083,1,0.418,1,0.456,0.254,0.174,0.113,0.015,0.045,0.021,0.456,0.709,0.633,0.716
Algeria,1983,0.108,0.083,1,0.432,1,0.456,0.254,0.174,0.113,0.015,0.045,0.021,0.456,0.709,0.633,0.705
Algeria,1984,0.125,0.08,1,0.419,1,0.456,0.254,0.174,0.113,0.015,0.045,0.021,0.456,0.709,0.633,0.705
Algeria,1985,0.125,0.08,1,0.418,1,0.468,0.254,0.174,0.113,0.015,0.045,0.021,0.456,0.709,0.633,0.705
Algeria,1986,0.125,0.08,1,0.418,1,0.468,0.254,0.174,0.113,0.015,0.045,0.021,0.428,0.709,0.633,0.705
Algeria,1987,0.125,0.082,1,0.424,1,0.468,0.254,0.174,0.113,0.015,0.045,0.021,0.429,0.709,0.633,0.705
Algeria,1988,0.125,0.075,1,0.425,1,0.49,0.275,0.174,0.113,0.015,0.045,0.021,0.429,0.709,0.633,0.705
Algeria,1989,0.166,0.13,1,0.436,1,0.48,0.275,0.212,0.227,0.146,0.045,0.021,0.628,0.693,0.624,0.673
Algeria,1990,0.557,0.394,1,0.466,1,0.434,0.275,0.212,0.313,0.146,0.172,0.269,0.743,0.693,0.664,0.708
Algeria,1991,0.555,0.396,1,0.466,1,0.381,0.275,0.212,0.313,0.146,0.172,0.269,0.818,0.693,0.647,0.708
Algeria,1992,0.543,0.456,1,0.004,0,0.381,0.275,0.212,0.275,0.146,0.172,0.269,0.821,0.699,0.647,0.708
Algeria,1993,0.535,0.36,1,0,0,0.397,0.279,0.273,0.275,0.146,0.172,0.138,0.726,0.699,0.637,0.708
Algeria,1994,0.562,0.39,1,0,0,0.397,0.279,0.264,0.275,0.138,0.172,0.138,0.726,0.699,0.637,0.708
Algeria,1995,0.562,0.4,1,0.041,1,0.397,0.279,0.259,0.275,0.13,0.172,0.269,0.726,0.711,0.637,0.708
Algeria,1996,0.562,0.47,1,0.323,1,0.397,0.279,0.259,0.275,0.146,0.172,0.269,0.726,0.711,0.637,0.708
Algeria,1997,0.562,0.494,1,0.265,1,0.397,0.279,0.259,0.275,0.146,0.172,0.269,0.726,0.711,0.637,0.708
Algeria,1998,0.571,0.512,1,0.221,1,0.397,0.279,0.259,0.275,0.146,0.172,0.269,0.726,0.711,0.637,0.708
Algeria,1999,0.602,0.52,1,0.225,1,0.565,0.153,0.259,0.275,0.331,0.172,0.269,0.72,0.711,0.55,0.719
Algeria,2000,0.662,0.442,1,0.226,1,0.532,0.153,0.289,0.328,0.331,0.172,0.269,0.6,0.711,0.55,0.699
Algeria,2001,0.662,0.442,1,0.226,1,0.532,0.153,0.289,0.328,0.323,0.172,0.269,0.6,0.711,0.55,0.699
Algeria,2002,0.662,0.411,1,0.262,1,0.532,0.153,0.289,0.328,0.316,0.172,0.269,0.6,0.711,0.55,0.714
Algeria,2003,0.662,0.411,1,0.286,1,0.532,0.153,0.289,0.328,0.308,0.172,0.269,0.6,0.711,0.55,0.714
Algeria,2004,0.662,0.414,1,0.29,1,0.532,0.153,0.289,0.328,0.288,0.172,0.269,0.6,0.711,0.55,0.714
Algeria,2005,0.666,0.415,1,0.292,1,0.559,0.153,0.289,0.328,0.292,0.172,0.269,0.6,0.707,0.55,0.714
Algeria,2006,0.666,0.415,1,0.292,1,0.559,0.153,0.289,0.326,0.284,0.172,0.269,0.6,0.708,0.55,0.714
Algeria,2007,0.663,0.392,1,0.295,1,0.559,0.153,0.289,0.326,0.276,0.172,0.269,0.6,0.708,0.55,0.714
Algeria,2008,0.666,0.379,1,0.296,1,0.559,0.153,0.289,0.326,0.268,0.172,0.269,0.597,0.701,0.55,0.714
Algeria,2009,0.667,0.375,1,0.287,1,0.559,0.153,0.289,0.326,0.26,0.172,0.269,0.602,0.709,0.564,0.714
Algeria,2010,0.667,0.363,1,0.283,1,0.559,0.151,0.289,0.326,0.24,0.172,0.269,0.606,0.712,0.564,0.715
Algeria,2011,0.665,0.378,1,0.283,1,0.564,0.151,0.289,0.326,0.221,0.172,0.269,0.609,0.712,0.576,0.715
Algeria,2012,0.668,0.371,1,0.29,1,0.589,0.165,0.289,0.334,0.201,0.172,0.269,0.598,0.707,0.58,0.739
Algeria,2013,0.67,0.377,1,0.28,1,0.585,0.165,0.308,0.378,0.181,0.052,0.126,0.576,0.703,0.58,0.744
Algeria,2014,0.666,0.373,1,0.276,1,0.598,0.165,0.307,0.361,0.161,0.052,0.126,0.574,0.703,0.584,0.754
Algeria,2015,0.667,0.386,1,0.275,1,0.602,0.165,0.307,0.361,0.141,0.052,0.126,0.574,0.703,0.584,0.752
Algeria,2016,0.569,0.365,1,0.273,1,0.605,0.165,0.307,0.339,0.129,0.052,0.126,0.559,0.696,0.584,0.773
Algeria,2017,0.571,0.378,1,0.276,1,0.587,0.123,0.325,0.318,0.117,0.052,0.126,0.582,0.753,0.584,0.777
Algeria,2018,0.587,0.387,1,0.245,1,0.586,0.14,0.325,0.395,0.105,0.052,0.126,0.547,0.635,0.59,0.776
Algeria,2019,0.513,0.383,1,0.23,1,0.557,0.117,0.328,0.343,0.093,0.052,0.126,0.504,0.744,0.59,0.743
Algeria,2020,0.522,0.317,1,0.221,1,0.578,0.147,0.328,0.353,0.199,0.052,0.126,0.501,0.75,0.684,0.721
Algeria,2021,0.504,0.299,1,0.256,1,0.508,0.147,0.26,0.321,0.187,0.052,0.126,0.479,0.769,0.726,0.738
Algeria,2022,0.416,0.298,1,0.274,1,0.458,0.111,0.222,0.328,0.175,0.052,0.126,0.473,0.769,0.689,0.738
Algeria,2023,0.398,0.302,1,0.274,1,0.478,0.119,0.189,0.328,0.163,0.052,0.126,0.446,0.781,0.689,0.747
Algeria,2024,0.343,0.303,1,0.295,1,0.48,0.128,0.189,0.312,0.151,0.052,0.126,0.445,0.702,0.739,0.617
China,1950,0.052,0.046,1,0,0,0.053,0.228,0.212,0.112,0,0.04,0.003,0.237,0.643,0.579,0.408
China,1951,0.052,0.044,1,0,0,0.053,0.228,0.212,0.112,0,0.04,0.003,0.237,0.648,0.579,0.408
China,1952,0.052,0.044,1,0,0,0.053,0.228,0.212,0.112,0,0.04,0.003,0.237,0.648,0.579,0.408
China,1953,0.052,0.044,1,0,0,0.053,0.228,0.212,0.112,0,0.04,0.003,0.237,0.648,0.579,0.408
China,1954,0.052,0.044,0.98,0,0,0.053,0.228,0.087,0.112,0,0.04,0.006,0.237,0.648,0.579,0.411
China,1955,0.052,0.044,0.98,0,0,0.056,0.228,0.087,0.112,0,0.04,0.006,0.234,0.648,0.579,0.411
China,1956,0.047,0.044,0.98,0,0,0.051,0.228,0.087,0.112,0,0.04,0.006,0.179,0.645,0.579,0.411
China,1957,0.034,0.027,0.98,0,0,0.032,0.228,0.087,0.065,0,0.04,0.006,0.123,0.614,0.579,0.411
China,1958,0.034,0.027,0.98,0,0,0.028,0.228,0.087,0.065,0,0.04,0.006,0.073,0.619,0.579,0.39
China,1959,0.034,0.027,0.98,0,0,0.027,0.228,0.087,0.065,0,0.04,0.006,0.069,0.627,0.579,0.375
China,1960,0.034,0.027,0.98,0,0,0.028,0.228,0.087,0.065,0,0.04,0.006,0.075,0.627,0.579,0.375
China,1961,0.036,0.027,0.98,0,0,0.028,0.228,0.087,0.065,0,0.04,0.006,0.075,0.627,0.579,0.396
China,1962,0.036,0.027,0.98,0,0,0.031,0.228,0.087,0.065,0,0.04,0.006,0.087,0.618,0.579,0.426
China,1963,0.036,0.027,0.98,0,0,0.031,0.228,0.087,0.065,0,0.04,0.006,0.087,0.618,0.579,0.426
China,1964,0.036,0.027,0.98,0,0,0.031,0.228,0.087,0.065,0,0.04,0.006,0.087,0.618,0.579,0.426
China,1965,0.035,0.027,0.98,0,0,0.027,0.228,0.087,0.065,0,0.04,0.006,0.087,0.621,0.579,0.426
China,1966,0.034,0.036,0.98,0,0,0.018,0.216,0.087,0.077,0,0.04,0.003,0.064,0.613,0.671,0.394
China,1967,0.028,0.046,0.98,0,0,0.016,0.216,0.087,0.077,0,0.04,0.003,0.037,0.621,0.671,0.394
China,1968,0.026,0.046,0.98,0,0,0.016,0.216,0.087,0.077,0,0.04,0.003,0.037,0.621,0.671,0.423
China,1969,0.018,0.039,0.98,0,0,0.016,0.216,0.087,0.06,0,0.04,0.003,0.037,0.621,0.671,0.439
China,1970,0.018,0.033,0.98,0,0,0.016,0.216,0.087,0.06,0,0.04,0.003,0.037,0.621,0.671,0.439
China,1971,0.018,0.033,0.98,0,0,0.016,0.216,0.087,0.06,0,0.04,0.003,0.037,0.621,0.671,0.439
China,1972,0.021,0.033,0.98,0,0,0.017,0.216,0.087,0.06,0,0.04,0.003,0.037,0.621,0.671,0.439
China,1973,0.025,0.039,0.98,0,0,0.017,0.216,0.087,0.077,0,0.04,0.003,0.037,0.621,0.671,0.439
China,1974,0.025,0.039,0.98,0,0,0.017,0.216,0.087,0.077,0,0.04,0.003,0.037,0.621,0.671,0.439
China,1975,0.025,0.039,0.98,0,0,0.018,0.216,0.087,0.077,0,0.04,0.006,0.037,0.621,0.671,0.439
China,1976,0.025,0.039,0.98,0,0,0.018,0.216,0.087,0.077,0,0.04,0.006,0.037,0.621,0.671,0.439
China,1977,0.028,0.028,0.98,0,0,0.025,0.234,0.087,0.062,0,0.04,0.006,0.083,0.621,0.671,0.44
China,1978,0.076,0.036,0.98,0,0,0.064,0.252,0.087,0.077,0,0.04,0.006,0.178,0.57,0.525,0.432
China,1979,0.193,0.055,0.98,0,0,0.175,0.276,0.114,0.15,0,0.04,0.006,0.305,0.38,0.504,0.436
China,1980,0.218,0.059,1,0,0,0.226,0.273,0.114,0.205,0,0.04,0.015,0.442,0.413,0.527,0.426
China,1981,0.217,0.063,1,0,0,0.24,0.273,0.114,0.205,0,0.04,0.006,0.446,0.418,0.527,0.426
China,1982,0.217,0.063,1,0,0,0.24,0.273,0.114,0.205,0,0.046,0.008,0.446,0.415,0.527,0.426
China,1983,0.217,0.063,1,0,0,0.24,0.273,0.114,0.205,0,0.046,0.017,0.446,0.41,0.527,0.426
China,1984,0.217,0.063,1,0,0,0.24,0.273,0.114,0.205,0,0.046,0.017,0.461,0.422,0.527,0.426
China,1985,0.217,0.063,1,0,0,0.24,0.273,0.114,0.205,0,0.046,0.017,0.461,0.42,0.527,0.426
China,1986,0.252,0.063,1,0,0,0.24,0.277,0.114,0.205,0,0.046,0.017,0.467,0.43,0.466,0.42
China,1987,0.259,0.065,1,0,0,0.24,0.277,0.114,0.242,0,0.046,0.017,0.467,0.42,0.466,0.42
China,1988,0.259,0.065,1,0,0,0.24,0.277,0.114,0.242,0,0.046,0.017,0.445,0.417,0.466,0.42
China,1989,0.233,0.069,1,0,0,0.226,0.277,0.114,0.2,0,0.046,0.017,0.43,0.418,0.477,0.418
China,1990,0.186,0.055,1,0,0,0.225,0.277,0.114,0.257,0,0.046,0.017,0.38,0.424,0.426,0.392
China,1991,0.186,0.058,1,0,0,0.225,0.277,0.114,0.243,0,0.046,0.034,0.386,0.426,0.426,0.383
China,1992,0.203,0.06,1,0,0,0.234,0.277,0.114,0.304,0,0.046,0.034,0.403,0.419,0.433,0.383
China,1993,0.242,0.06,1,0,0,0.239,0.277,0.114,0.286,0,0.046,0.034,0.443,0.395,0.409,0.383
China,1994,0.242,0.061,1,0,0,0.242,0.277,0.114,0.286,0,0.046,0.034,0.443,0.402,0.409,0.383
China,1995,0.242,0.062,1,0,0,0.252,0.277,0.114,0.289,0,0.046,0.034,0.465,0.405,0.409,0.383
China,1996,0.242,0.065,1,0,0,0.257,0.277,0.114,0.322,0,0.046,0.034,0.465,0.405,0.409,0.383
China,1997,0.242,0.065,1,0,0,0.262,0.277,0.114,0.322,0,0.023,0.034,0.465,0.404,0.404,0.39
China,1998,0.242,0.065,1,0,0,0.263,0.277,0.114,0.322,0,0.023,0.034,0.465,0.362,0.404,0.385
China,1999,0.242,0.065,1,0,0,0.263,0.277,0.114,0.303,0,0.023,0.034,0.465,0.369,0.404,0.385
China,2000,0.233,0.065,1,0,0,0.272,0.277,0.114,0.345,0,0.023,0.034,0.507,0.324,0.404,0.393
China,2001,0.234,0.065,1,0,0,0.284,0.277,0.114,0.345,0,0.023,0.034,0.534,0.325,0.404,0.388
China,2002,0.244,0.068,1,0,0,0.293,0.293,0.114,0.366,0,0.023,0.034,0.565,0.33,0.426,0.388
China,2003,0.244,0.068,1,0,0,0.294,0.293,0.114,0.477,0,0.023,0.034,0.595,0.324,0.426,0.404
China,2004,0.249,0.068,1,0,0,0.295,0.293,0.114,0.477,0,0.023,0.034,0.613,0.327,0.387,0.421
China,2005,0.183,0.062,1,0,0,0.297,0.105,0.124,0.46,0,0.023,0.034,0.578,0.338,0.368,0.401
China,2006,0.183,0.062,1,0,0,0.297,0.105,0.124,0.46,0,0.023,0.034,0.587,0.334,0.368,0.405
China,2007,0.186,0.062,1,0,0,0.299,0.105,0.12,0.46,0,0.023,0.021,0.591,0.343,0.368,0.4
China,2008,0.185,0.065,1,0,0,0.299,0.105,0.13,0.451,0,0.023,0.021,0.592,0.347,0.368,0.4
China,2009,0.183,0.065,1,0,0,0.295,0.106,0.13,0.451,0,0.032,0.021,0.597,0.341,0.368,0.443
China,2010,0.182,0.064,1,0,0,0.296,0.106,0.119,0.425,0,0.032,0.021,0.592,0.327,0.348,0.429
China,2011,0.18,0.064,1,0,0,0.292,0.106,0.119,0.425,0,0.03,0.028,0.6,0.334,0.348,0.433
China,2012,0.181,0.061,1,0,0,0.295,0.097,0.127,0.438,0,0.03,0.022,0.598,0.337,0.348,0.44
China,2013,0.133,0.051,1,0,0,0.281,0.099,0.123,0.373,0,0.03,0.016,0.56,0.339,0.287,0.415
China,2014,0.119,0.051,1,0,0,0.27,0.102,0.127,0.373,0,0.03,0.016,0.563,0.329,0.271,0.395
China,2015,0.102,0.045,1,0,0,0.285,0.095,0.127,0.347,0,0.026,0.021,0.55,0.334,0.292,0.396
China,2016,0.089,0.042,1,0,0,0.282,0.088,0.127,0.344,0,0.026,0.021,0.55,0.337,0.3,0.42
China,2017,0.072,0.046,1,0,0,0.271,0.082,0.126,0.338,0,0.045,0.017,0.518,0.335,0.309,0.401
China,2018,0.062,0.046,1,0,0,0.257,0.085,0.137,0.325,0,0.045,0.017,0.479,0.321,0.291,0.402
China,2019,0.053,0.042,1,0,0,0.24,0.078,0.137,0.324,0,0.045,0.017,0.439,0.313,0.291,0.402
China,2020,0.059,0.04,1,0,0,0.219,0.043,0.137,0.322,0,0.045,0.017,0.436,0.344,0.257,0.373
China,2021,0.059,0.048,1,0,0,0.229,0.043,0.137,0.302,0,0.047,0.027,0.436,0.346,0.249,0.389
China,2022,0.052,0.043,1,0,0,0.215,0.046,0.137,0.297,0,0.056,0.031,0.349,0.355,0.203,0.316
China,2023,0.048,0.036,1,0,0,0.213,0.046,0.084,0.259,0,0.056,0.031,0.37,0.345,0.195,0.324
China,2024,0.044,0.036,1,0,0,0.242,0.03,0.077,0.227,0,0.056,0.031,0.227,0.346,0.214,0.306
Democratic Republic of the Congo,1950,0.045,0.023,0,0,0,0.009,0.505,0.389,0.137,0,0.076,0.095,0.041,0.014,0.089,0.14
Democratic Republic of the Congo,1951,0.052,0.023,0,0,0,0.009,0.505,0.389,0.137,0,0.076,0.095,0.041,0.014,0.089,0.116
Democratic Republic of the Congo,1952,0.052,0.023,0,0,0,0.009,0.505,0.389,0.137,0,0.076,0.095,0.041,0.014,0.089,0.116
Democratic Republic of the Congo,1953,0.052,0.023,0,0,0,0.009,0.505,0.389,0.137,0,0.076,0.095,0.041,0.014,0.089,0.116
Democratic Republic of the Congo,1954,0.052,0.023,0,0,0,0.009,0.505,0.389,0.137,0,0.076,0.095,0.041,0.014,0.089,0.127
Democratic Republic of the Congo,1955,0.064,0.086,0,0,0,0.009,0.505,0.389,0.137,0,0.076,0.095,0.041,0.014,0.089,0.127
Democratic Republic of the Congo,1956,0.064,0.087,0,0,0,0.009,0.505,0.389,0.137,0,0.076,0.095,0.041,0.014,0.089,0.127
Democratic Republic of the Congo,1957,0.069,0.113,0,0,0,0.009,0.505,0.389,0.163,0,0.149,0.095,0.095,0.014,0.089,0.127
Democratic Republic of the Congo,1958,0.094,0.155,0,0,0,0.009,0.505,0.389,0.163,0,0.149,0.095,0.105,0.014,0.089,0.127
Democratic Republic of the Congo,1959,0.094,0.197,0,0,0,0.011,0.505,0.389,0.204,0,0.149,0.095,0.11,0.014,0.089,0.127
Democratic Republic of the Congo,1960,0.386,0.488,0.5,0.328,1,0.066,0.603,0.389,0.234,0,0.708,0.829,0.425,0.067,0.357,0.194
Democratic Republic of the Congo,1961,0.39,0.491,0.5,0.487,1,0.099,0.603,0.468,0.239,0,0.708,0.829,0.348,0.184,0.357,0.204
Democratic Republic of the Congo,1962,0.39,0.491,0.5,0.487,1,0.106,0.603,0.468,0.239,0,0.708,0.829,0.419,0.184,0.357,0.204
Democratic Republic of the Congo,1963,0.39,0.491,0.5,0.487,1,0.106,0.603,0.322,0.243,0,0.708,0.829,0.419,0.184,0.335,0.202
Democratic Republic of the Congo,1964,0.39,0.491,0.5,0.487,1,0.106,0.603,0.239,0.243,0.1,0.708,0.829,0.398,0.184,0.335,0.202
Democratic Republic of the Congo,1965,0.387,0.206,0.5,0.299,0,0.106,0.574,0.164,0.243,0,0.768,0.415,0.281,0.184,0.351,0.21
Democratic Republic of the Congo,1966,0.208,0.118,0.5,0.163,0,0.104,0.374,0.062,0.179,0,0.755,0.023,0.077,0.137,0.348,0.188
Democratic Republic of the Congo,1967,0.107,0.058,1,0.169,0,0.098,0.198,0.062,0.163,0.213,0.755,0.023,0.075,0.095,0.314,0.188
Democratic Republic of the Congo,1968,0.098,0.058,1,0.164,0,0.097,0.198,0.062,0.163,0.213,0.755,0.023,0.088,0.095,0.298,0.205
Democratic Republic of the Congo,1969,0.098,0.058,1,0.164,0,0.097,0.198,0.062,0.163,0.213,0.755,0.023,0.088,0.095,0.298,0.205
Democratic Republic of the Congo,1970,0.087,0.058,1,0.151,1,0.104,0.045,0.062,0.148,0.331,0.755,0.023,0.097,0.095,0.287,0.149
Democratic Republic of the Congo,1971,0.084,0.044,1,0.041,1,0.104,0.033,0.062,0.148,0.331,0.755,0.023,0.093,0.135,0.287,0.163
Democratic Republic of the Congo,1972,0.084,0.044,1,0.041,1,0.104,0.033,0.062,0.148,0.319,0.755,0.023,0.093,0.135,0.287,0.163
Democratic Republic of the Congo,1973,0.088,0.044,1,0.041,1,0.104,0.033,0.062,0.148,0.307,0.755,0.023,0.093,0.135,0.287,0.163
Democratic Republic of the Congo,1974,0.088,0.044,1,0.041,1,0.101,0.033,0.062,0.148,0.295,0.755,0.023,0.093,0.135,0.287,0.163
Democratic Republic of the Congo,1975,0.088,0.044,1,0.041,1,0.101,0.033,0.062,0.148,0.275,0.755,0.023,0.093,0.135,0.287,0.163
Democratic Republic of the Congo,1976,0.088,0.043,1,0.028,1,0.101,0.033,0.062,0.148,0.256,0.755,0.023,0.093,0.135,0.287,0.138
Democratic Republic of the Congo,1977,0.088,0.044,1,0.031,1,0.093,0.033,0.062,0.148,0.259,0.755,0.023,0.096,0.135,0.287,0.141
Democratic Republic of the Congo,1978,0.088,0.045,1,0.035,1,0.094,0.033,0.09,0.148,0.247,0.755,0.023,0.096,0.135,0.287,0.141
Democratic Republic of the Congo,1979,0.089,0.045,1,0.035,1,0.096,0.033,0.09,0.148,0.235,0.755,0.023,0.096,0.135,0.287,0.141
Democratic Republic of the Congo,1980,0.103,0.045,1,0.038,1,0.087,0.033,0.102,0.148,0.223,0.755,0.023,0.103,0.113,0.337,0.123
Democratic Republic of the Congo,1981,0.103,0.045,1,0.038,1,0.087,0.033,0.102,0.148,0.211,0.755,0.023,0.095,0.113,0.337,0.123
Democratic Republic of the Congo,1982,0.103,0.046,1,0.038,1,0.087,0.033,0.086,0.148,0.191,0.755,0.023,0.095,0.113,0.337,0.123
Democratic Republic of the Congo,1983,0.103,0.046,1,0.039,1,0.087,0.033,0.086,0.148,0.172,0.755,0.023,0.095,0.113,0.337,0.123
Democratic Republic of the Congo,1984,0.103,0.045,1,0.037,1,0.087,0.033,0.086,0.148,0.175,0.755,0.023,0.095,0.113,0.337,0.123
Democratic Republic of the Congo,1985,0.103,0.044,1,0.035,1,0.087,0.033,0.086,0.148,0.163,0.755,0.023,0.104,0.113,0.337,0.123
Democratic Republic of the Congo,1986,0.103,0.044,1,0.035,1,0.087,0.033,0.086,0.148,0.151,0.755,0.023,0.104,0.113,0.337,0.123
Democratic Republic of the Congo,1987,0.103,0.045,1,0.039,1,0.087,0.033,0.086,0.148,0.331,0.755,0.023,0.104,0.113,0.337,0.123
Democratic Republic of the Congo,1988,0.103,0.046,1,0.046,1,0.094,0.033,0.086,0.148,0.331,0.755,0.023,0.113,0.113,0.337,0.123
Democratic Republic of the Congo,1989,0.103,0.046,1,0.046,1,0.094,0.033,0.086,0.148,0.323,0.755,0.023,0.107,0.113,0.337,0.123
Democratic Republic of the Congo,1990,0.174,0.181,1,0.046,1,0.111,0.103,0.15,0.224,0.116,0.755,0.023,0.167,0.146,0.394,0.159
Democratic Republic of the Congo,1991,0.285,0.265,1,0.042,1,0.111,0.103,0.15,0.244,0.108,0.755,0.103,0.221,0.146,0.394,0.159
Democratic Republic of the Congo,1992,0.322,0.265,1,0.038,0.5,0.111,0.103,0.15,0.318,0.1,0.755,0.206,0.331,0.161,0.394,0.159
Democratic Republic of the Congo,1993,0.369,0.265,1,0,0.5,0.111,0.103,0.165,0.318,0.092,0.755,0.206,0.349,0.161,0.431,0.184
Democratic Republic of the Congo,1994,0.389,0.265,1,0,0.5,0.111,0.103,0.165,0.318,0.084,0.755,0.206,0.331,0.161,0.431,0.184
Democratic Republic of the Congo,1995,0.389,0.265,1,0,0.5,0.116,0.103,0.165,0.318,0.076,0.755,0.103,0.311,0.161,0.431,0.184
Democratic Republic of the Congo,1996,0.389,0.265,1,0,0.5,0.115,0.103,0.165,0.318,0.068,0.755,0.103,0.311,0.161,0.431,0.154
Democratic Republic of the Congo,1997,0.359,0.064,1,0,0,0.108,0.07,0.165,0.282,0.06,0.755,0.025,0.136,0.139,0.403,0.153
Democratic Republic of the Congo,1998,0.566,0.121,1,0,0,0.142,0.12,0.165,0.568,0.052,0.314,0.025,0.179,0.152,0.509,0.175
Democratic Republic of the Congo,1999,0.573,0.121,1,0,0,0.186,0.12,0.165,0.568,0.045,0.314,0.025,0.179,0.467,0.509,0.175
Democratic Republic of the Congo,2000,0.575,0.126,1,0,0,0.205,0.23,0.288,0.568,0.037,0.314,0.025,0.192,0.491,0.509,0.22
Democratic Republic of the Congo,2001,0.575,0.187,1,0,0,0.207,0.229,0.288,0.568,0.029,0.314,0.025,0.26,0.491,0.509,0.22
Democratic Republic of the Congo,2002,0.575,0.237,1,0,0,0.207,0.229,0.288,0.568,0.021,0.314,0.368,0.293,0.491,0.509,0.22
Democratic Republic of the Congo,2003,0.575,0.393,1,0,0,0.207,0.247,0.326,0.568,0.013,0.314,0.368,0.353,0.491,0.509,0.22
Democratic Republic of the Congo,2004,0.598,0.413,1,0,0,0.216,0.25,0.338,0.568,0.013,0.314,0.368,0.353,0.497,0.509,0.22
Democratic Republic of the Congo,2005,0.647,0.449,1,0,0,0.216,0.25,0.338,0.568,0.131,0.314,0.368,0.353,0.497,0.509,0.22
Democratic Republic of the Congo,2006,0.653,0.531,1,0.116,1,0.214,0.261,0.389,0.575,0.151,0.404,0.767,0.491,0.497,0.523,0.226
Democratic Republic of the Congo,2007,0.649,0.594,1,0.271,1,0.219,0.233,0.376,0.572,0.151,0.404,0.767,0.456,0.497,0.523,0.235
Democratic Republic of the Congo,2008,0.665,0.583,1,0.271,1,0.219,0.233,0.376,0.572,0.151,0.404,0.767,0.468,0.497,0.523,0.235
Democratic Republic of the Congo,2009,0.664,0.602,1,0.271,1,0.238,0.233,0.393,0.587,0.151,0.404,0.767,0.468,0.48,0.549,0.235
Democratic Republic of the Congo,2010,0.688,0.575,1,0.248,1,0.259,0.244,0.383,0.65,0.143,0.404,0.803,0.458,0.501,0.566,0.196
Democratic Republic of the Congo,2011,0.684,0.559,1,0.242,1,0.259,0.244,0.383,0.65,0.136,0.404,0.803,0.458,0.501,0.598,0.196
Democratic Republic of the Congo,2012,0.684,0.521,1,0.174,1,0.259,0.244,0.377,0.65,0.128,0.404,0.803,0.448,0.501,0.571,0.196
Democratic Republic of the Congo,2013,0.67,0.525,1,0.159,1,0.264,0.221,0.272,0.613,0.12,0.404,0.793,0.407,0.541,0.583,0.186
Democratic Republic of the Congo,2014,0.686,0.531,1,0.163,1,0.264,0.221,0.28,0.613,0.112,0.404,0.793,0.393,0.541,0.583,0.186
Democratic Republic of the Congo,2015,0.691,0.502,1,0.156,1,0.265,0.22,0.272,0.613,0.104,0.404,0.793,0.295,0.541,0.583,0.183
Democratic Republic of the Congo,2016,0.687,0.467,1,0.156,1,0.263,0.22,0.272,0.672,0.096,0.404,0.793,0.253,0.535,0.583,0.183
Democratic Republic of the Congo,2017,0.657,0.493,1,0.152,1,0.245,0.192,0.236,0.658,0.088,0.404,0.793,0.268,0.5,0.594,0.176
Democratic Republic of the Congo,2018,0.655,0.509,1,0.159,1,0.29,0.212,0.21,0.658,0.08,0.404,0.793,0.274,0.567,0.594,0.15
Democratic Republic of the Congo,2019,0.68,0.604,1,0.195,1,0.369,0.226,0.218,0.675,0.072,0.485,0.76,0.655,0.587,0.562,0.193
Democratic Republic of the Congo,2020,0.71,0.6,1,0.199,1,0.363,0.264,0.26,0.623,0.065,0.485,0.76,0.698,0.626,0.538,0.162
Democratic Republic of the Congo,2021,0.702,0.557,1,0.201,1,0.32,0.201,0.302,0.53,0.057,0.485,0.76,0.637,0.54,0.534,0.165
Democratic Republic of the Congo,2022,0.68,0.568,1,0.199,1,0.35,0.226,0.316,0.486,0.049,0.485,0.76,0.586,0.438,0.522,0.153
Democratic Republic of the Congo,2023,0.688,0.53,1,0.2,1,0.336,0.189,0.212,0.479,0.041,0.485,0.76,0.558,0.38,0.464,0.164
Democratic Republic of the Congo,2024,0.641,0.529,1,0.195,1,0.331,0.222,0.212,0.324,0.033,0.485,0.772,0.549,0.525,0.483,0.205
Djibouti,1950,0.154,0.038,0.1,0.117,0,0.039,0.186,0.048,0.06,0,0,0.044,0.062,0.042,0.113,0.091
Djibouti,1951,0.154,0.038,0.1,0.117,0,0.039,0.186,0.048,0.06,0,0,0.044,0.078,0.042,0.113,0.091
Djibouti,1952,0.154,0.038,0.2,0.117,0,0.039,0.186,0.048,0.06,0,0,0.044,0.078,0.042,0.113,0.091
Djibouti,1953,0.154,0.038,0.2,0.117,0,0.039,0.186,0.048,0.06,0,0,0.044,0.078,0.042,0.113,0.091
Djibouti,1954,0.154,0.038,0.2,0.117,0,0.039,0.186,0.048,0.06,0,0,0.044,0.078,0.042,0.113,0.091
Djibouti,1955,0.154,0.038,0.2,0.117,0,0.039,0.186,0.048,0.06,0,0,0.044,0.078,0.042,0.113,0.091
Djibouti,1956,0.154,0.038,0.2,0.117,0,0.039,0.186,0.048,0.06,0,0,0.044,0.078,0.042,0.113,0.091
Djibouti,1957,0.154,0.039,1,0.109,0,0.039,0.186,0.048,0.06,0,0,0.044,0.078,0.042,0.113,0.091
Djibouti,1958,0.154,0.039,1,0.109,0,0.039,0.186,0.048,0.06,0,0,0.044,0.078,0.042,0.113,0.091
Djibouti,1959,0.154,0.039,1,0.109,0,0.039,0.186,0.048,0.06,0,0,0.044,0.126,0.042,0.113,0.091
Djibouti,1960,0.163,0.039,1,0.109,0,0.043,0.186,0.048,0.06,0,0,0.044,0.126,0.042,0.113,0.091
Djibouti,1961,0.163,0.039,1,0.109,0,0.043,0.186,0.048,0.06,0,0,0.044,0.126,0.042,0.113,0.091
Djibouti,1962,0.163,0.039,1,0.109,0,0.043,0.186,0.048,0.06,0,0,0.044,0.126,0.042,0.113,0.091
Djibouti,1963,0.163,0.039,1,0.11,0,0.043,0.186,0.048,0.06,0,0,0.044,0.126,0.042,0.113,0.091
Djibouti,1964,0.163,0.04,1,0.119,0,0.043,0.186,0.048,0.06,0,0,0.044,0.126,0.042,0.113,0.091
Djibouti,1965,0.163,0.04,1,0.119,0,0.043,0.186,0.048,0.06,0,0,0.044,0.126,0.042,0.113,0.091
Djibouti,1966,0.163,0.04,1,0.119,0,0.043,0.186,0.048,0.06,0,0,0.044,0.126,0.042,0.113,0.091
Djibouti,1967,0.145,0.04,1,0.119,0,0.034,0.186,0.048,0.06,0.1,0,0.044,0.126,0.042,0.113,0.091
Djibouti,1968,0.168,0.042,1,0.12,0,0.055,0.186,0.048,0.06,0,0,0.044,0.136,0.043,0.113,0.091
Djibouti,1969,0.167,0.041,1,0.126,0,0.055,0.186,0.048,0.06,0,0,0.044,0.136,0.085,0.113,0.091
Djibouti,1970,0.136,0.049,1,0.126,0,0.059,0.186,0.048,0.06,0,0.017,0.044,0.107,0.085,0.113,0.081
Djibouti,1971,0.12,0.049,1,0.126,0,0.024,0.186,0.048,0.047,0,0.017,0.044,0.075,0.031,0.113,0.071
Djibouti,1972,0.109,0.049,1,0.126,0,0.022,0.186,0.048,0.047,0,0.017,0.044,0.075,0.031,0.113,0.071
Djibouti,1973,0.109,0.049,1,0.125,0,0.022,0.186,0.048,0.047,0,0.017,0.044,0.075,0.031,0.113,0.071
Djibouti,1974,0.109,0.053,1,0.115,0,0.022,0.183,0.067,0.047,0,0.017,0.044,0.075,0.031,0.113,0.071
Djibouti,1975,0.109,0.056,1,0.115,0,0.022,0.183,0.067,0.047,0,0.017,0.044,0.075,0.031,0.113,0.071
Djibouti,1976,0.109,0.056,1,0.115,0,0.023,0.183,0.067,0.047,0,0.017,0.044,0.075,0.031,0.113,0.071
Djibouti,1977,0.106,0.065,1,0.116,1,0.051,0.264,0.067,0.047,0.1,0.017,0.044,0.075,0.067,0.157,0.071
Djibouti,1978,0.2,0.106,1,0.117,1,0.323,0.243,0.079,0.118,0,0.017,0.121,0.097,0.322,0.284,0.351
Djibouti,1979,0.2,0.106,1,0.117,1,0.356,0.243,0.079,0.118,0,0.017,0.121,0.097,0.322,0.284,0.351
Djibouti,1980,0.187,0.106,1,0.117,1,0.359,0.243,0.079,0.118,0,0.017,0.121,0.097,0.341,0.25,0.351
Djibouti,1981,0.187,0.105,1,0.121,1,0.359,0.243,0.079,0.118,0,0.017,0.121,0.097,0.341,0.25,0.351
Djibouti,1982,0.187,0.09,1,0.124,1,0.359,0.243,0.079,0.118,0,0.017,0.121,0.097,0.341,0.25,0.351
Djibouti,1983,0.187,0.09,1,0.124,1,0.359,0.243,0.079,0.118,0,0.017,0.121,0.097,0.341,0.25,0.351
Djibouti,1984,0.187,0.09,1,0.124,1,0.359,0.243,0.079,0.118,0,0.017,0.121,0.097,0.341,0.25,0.351
Djibouti,1985,0.187,0.09,1,0.124,1,0.359,0.243,0.079,0.118,0,0.017,0.121,0.097,0.341,0.25,0.351
Djibouti,1986,0.187,0.09,1,0.124,1,0.359,0.243,0.079,0.118,0,0.017,0.121,0.097,0.341,0.25,0.351
Djibouti,1987,0.187,0.09,1,0.128,1,0.359,0.243,0.079,0.118,0,0.017,0.121,0.097,0.341,0.25,0.351
Djibouti,1988,0.187,0.091,1,0.129,1,0.359,0.243,0.079,0.118,0,0.017,0.121,0.097,0.341,0.25,0.351
Djibouti,1989,0.187,0.091,1,0.129,1,0.359,0.243,0.079,0.118,0,0.017,0.121,0.097,0.341,0.25,0.351
Djibouti,1990,0.182,0.091,1,0.129,1,0.392,0.243,0.079,0.118,0,0.017,0.121,0.097,0.361,0.25,0.351
Djibouti,1991,0.167,0.091,1,0.129,1,0.353,0.238,0.079,0.118,0,0.017,0.121,0.101,0.294,0.25,0.334
Djibouti,1992,0.269,0.263,1,0.21,1,0.471,0.2,0.118,0.287,0.1,0.266,0.121,0.172,0.542,0.312,0.416
Djibouti,1993,0.269,0.347,1,0.216,1,0.488,0.2,0.118,0.393,0.213,0.266,0.121,0.172,0.542,0.312,0.416
Djibouti,1994,0.269,0.347,1,0.216,1,0.484,0.2,0.118,0.393,0.213,0.266,0.121,0.172,0.542,0.312,0.416
Djibouti,1995,0.269,0.347,1,0.216,1,0.484,0.2,0.118,0.393,0.213,0.266,0.121,0.318,0.542,0.312,0.386
Djibouti,1996,0.269,0.347,1,0.216,1,0.484,0.2,0.118,0.393,0.213,0.266,0.121,0.318,0.542,0.312,0.386
Djibouti,1997,0.269,0.347,1,0.217,1,0.484,0.2,0.118,0.393,0.201,0.266,0.121,0.318,0.542,0.312,0.386
Djibouti,1998,0.269,0.351,1,0.242,1,0.484,0.23,0.12,0.393,0.189,0.266,0.121,0.318,0.542,0.312,0.386
Djibouti,1999,0.273,0.351,1,0.236,1,0.484,0.23,0.12,0.393,0.177,0.266,0.121,0.318,0.542,0.312,0.386
Djibouti,2000,0.273,0.395,1,0.241,1,0.492,0.23,0.12,0.436,0.165,0.266,0.121,0.393,0.542,0.312,0.399
Djibouti,2001,0.275,0.395,1,0.241,1,0.492,0.23,0.12,0.436,0.153,0.266,0.121,0.393,0.542,0.312,0.399
Djibouti,2002,0.274,0.484,1,0.241,1,0.496,0.23,0.12,0.462,0.141,0.266,0.121,0.379,0.574,0.418,0.328
Djibouti,2003,0.274,0.442,1,0.253,1,0.492,0.23,0.12,0.462,0.129,0.266,0.121,0.379,0.558,0.418,0.328
Djibouti,2004,0.286,0.443,1,0.254,1,0.492,0.23,0.12,0.462,0.117,0.266,0.121,0.379,0.558,0.418,0.328
Djibouti,2005,0.285,0.406,1,0.203,1,0.492,0.23,0.12,0.462,0.105,0.266,0.121,0.379,0.558,0.418,0.328
Djibouti,2006,0.279,0.392,1,0.185,1,0.492,0.23,0.12,0.462,0.093,0.531,0.242,0.379,0.558,0.418,0.328
Djibouti,2007,0.279,0.392,1,0.185,1,0.492,0.23,0.12,0.462,0.081,0.531,0.242,0.379,0.558,0.418,0.328
Djibouti,2008,0.279,0.387,1,0.183,1,0.492,0.23,0.12,0.462,0.069,0.531,0.242,0.379,0.558,0.418,0.328
Djibouti,2009,0.28,0.392,1,0.182,1,0.487,0.23,0.12,0.462,0.057,0.531,0.242,0.379,0.558,0.418,0.328
Djibouti,2010,0.267,0.395,1,0.185,1,0.487,0.23,0.12,0.462,0.052,0.531,0.242,0.379,0.558,0.418,0.328
Djibouti,2011,0.267,0.394,1,0.199,1,0.487,0.23,0.12,0.462,0.04,0.531,0.242,0.379,0.558,0.418,0.328
Djibouti,2012,0.267,0.394,1,0.203,1,0.487,0.23,0.12,0.462,0.04,0.531,0.242,0.379,0.558,0.418,0.328
Djibouti,2013,0.267,0.384,1,0.195,1,0.487,0.23,0.12,0.472,0.04,0.531,0.242,0.379,0.552,0.438,0.297
Djibouti,2014,0.267,0.383,1,0.197,1,0.487,0.23,0.12,0.472,0.04,0.531,0.242,0.379,0.552,0.438,0.297
Djibouti,2015,0.267,0.383,1,0.197,1,0.487,0.23,0.12,0.472,0.04,0.531,0.242,0.379,0.552,0.438,0.297
Djibouti,2016,0.267,0.384,1,0.204,1,0.487,0.23,0.12,0.472,0.04,0.531,0.242,0.379,0.552,0.438,0.297
Djibouti,2017,0.276,0.39,1,0.209,1,0.446,0.23,0.12,0.472,0.04,0.531,0.242,0.379,0.552,0.454,0.297
Djibouti,2018,0.349,0.392,1,0.18,1,0.453,0.23,0.12,0.454,0.04,0.531,0.242,0.406,0.544,0.53,0.316
Djibouti,2019,0.348,0.392,1,0.177,1,0.457,0.281,0.15,0.454,0.04,0.531,0.242,0.374,0.545,0.594,0.313
Djibouti,2020,0.342,0.392,1,0.173,1,0.454,0.281,0.15,0.454,0.04,0.531,0.242,0.334,0.526,0.633,0.313
Djibouti,2021,0.342,0.383,1,0.18,1,0.454,0.281,0.15,0.454,0.04,0.531,0.242,0.378,0.529,0.633,0.415
Djibouti,2022,0.342,0.39,1,0.183,1,0.454,0.281,0.15,0.454,0.04,0.646,0.242,0.378,0.553,0.633,0.415
Djibouti,2023,0.342,0.393,1,0.172,1,0.451,0.281,0.15,0.454,0.04,0.646,0.242,0.378,0.542,0.633,0.415
Djibouti,2024,0.342,0.394,1,0.17,1,0.451,0.281,0.15,0.448,0.04,0.646,0.242,0.378,0.56,0.637,0.447
The Gambia,1950,0.323,0.341,0.1,0.562,0,0.575,0.698,0.105,0.192,0,0.044,0.02,0.247,0.532,0.062,0.1
The Gambia,1951,0.323,0.355,0.1,0.557,0,0.575,0.698,0.105,0.165,0,0.044,0.02,0.247,0.532,0.062,0.1
The Gambia,1952,0.323,0.354,0.1,0.535,0,0.575,0.698,0.105,0.165,0,0.044,0.02,0.247,0.532,0.062,0.1
The Gambia,1953,0.323,0.354,0.1,0.535,0,0.578,0.698,0.105,0.165,0,0.044,0.02,0.247,0.532,0.062,0.1
The Gambia,1954,0.323,0.353,0.1,0.538,0,0.578,0.698,0.105,0.165,0,0.044,0.02,0.247,0.532,0.062,0.1
The Gambia,1955,0.323,0.348,0.1,0.547,0,0.578,0.698,0.105,0.165,0,0.044,0.02,0.247,0.532,0.062,0.1
The Gambia,1956,0.323,0.348,0.1,0.547,0,0.588,0.698,0.105,0.165,0,0.044,0.02,0.247,0.532,0.062,0.1
The Gambia,1957,0.323,0.348,0.1,0.547,0,0.588,0.698,0.105,0.165,0,0.044,0.02,0.247,0.532,0.062,0.1
The Gambia,1958,0.323,0.348,0.1,0.547,0,0.588,0.698,0.105,0.165,0,0.044,0.02,0.247,0.532,0.062,0.1
The Gambia,1959,0.323,0.348,0.1,0.547,0,0.588,0.698,0.105,0.172,0,0.044,0.02,0.247,0.532,0.062,0.1
The Gambia,1960,0.323,0.385,1,0.603,0,0.605,0.709,0.105,0.299,0,0.044,0.02,0.256,0.55,0.076,0.1
The Gambia,1961,0.331,0.392,1,0.605,0,0.616,0.811,0.105,0.31,0,0.082,0.02,0.256,0.55,0.076,0.1
The Gambia,1962,0.331,0.451,1,0.61,0.8,0.618,0.811,0.163,0.318,0,0.082,0.02,0.256,0.55,0.076,0.1
The Gambia,1963,0.331,0.48,1,0.613,0.8,0.62,0.811,0.163,0.318,0,0.082,0.02,0.256,0.55,0.076,0.1
The Gambia,1964,0.331,0.48,1,0.613,0.8,0.628,0.811,0.163,0.318,0,0.164,0.02,0.256,0.556,0.076,0.1
The Gambia,1965,0.427,0.603,1,0.585,0.458,0.747,0.811,0.199,0.353,0.1,0.261,0.095,0.283,0.7,0.151,0.224
The Gambia,1966,0.527,0.692,1,0.598,0.915,0.795,0.818,0.199,0.358,0,0.261,0.108,0.332,0.7,0.285,0.222
The Gambia,1967,0.527,0.694,1,0.622,0.915,0.795,0.818,0.199,0.358,0,0.261,0.108,0.332,0.7,0.371,0.222
The Gambia,1968,0.527,0.694,1,0.622,0.915,0.795,0.818,0.199,0.358,0,0.261,0.108,0.332,0.7,0.371,0.222
The Gambia,1969,0.527,0.694,1,0.622,0.915,0.795,0.818,0.199,0.358,0,0.261,0.108,0.332,0.7,0.371,0.222
The Gambia,1970,0.576,0.811,1,0.622,0.915,0.803,0.81,0.344,0.376,0.1,0.261,0.108,0.401,0.722,0.337,0.236
The Gambia,1971,0.576,0.811,1,0.622,0.915,0.815,0.81,0.344,0.439,0,0.261,0.241,0.401,0.736,0.337,0.236
The Gambia,1972,0.576,0.811,1,0.562,0.915,0.815,0.81,0.344,0.439,0,0.261,0.241,0.401,0.741,0.337,0.236
The Gambia,1973,0.576,0.811,1,0.544,0.915,0.815,0.81,0.344,0.439,0,0.261,0.241,0.401,0.741,0.337,0.236
The Gambia,1974,0.576,0.811,1,0.544,0.915,0.815,0.81,0.344,0.439,0,0.261,0.241,0.401,0.741,0.337,0.236
The Gambia,1975,0.576,0.811,1,0.544,0.915,0.815,0.81,0.344,0.439,0,0.261,0.241,0.401,0.741,0.337,0.236
The Gambia,1976,0.576,0.811,1,0.544,0.915,0.815,0.81,0.344,0.439,0,0.261,0.241,0.401,0.741,0.337,0.236
The Gambia,1977,0.576,0.793,1,0.522,0.914,0.815,0.797,0.344,0.439,0,0.261,0.241,0.401,0.741,0.349,0.236
The Gambia,1978,0.576,0.793,1,0.514,0.914,0.815,0.797,0.344,0.439,0,0.261,0.241,0.401,0.741,0.349,0.236
The Gambia,1979,0.576,0.793,1,0.514,0.914,0.815,0.797,0.344,0.439,0,0.261,0.241,0.401,0.741,0.349,0.236
The Gambia,1980,0.576,0.789,1,0.514,0.914,0.815,0.797,0.344,0.439,0,0.261,0.241,0.401,0.741,0.349,0.236
The Gambia,1981,0.58,0.772,1,0.514,0.914,0.784,0.785,0.344,0.439,0,0.261,0.241,0.401,0.741,0.349,0.422
The Gambia,1982,0.58,0.771,1,0.511,0.955,0.784,0.785,0.344,0.439,0,0.261,0.241,0.401,0.741,0.349,0.422
The Gambia,1983,0.58,0.771,1,0.509,0.955,0.802,0.785,0.344,0.439,0,0.261,0.241,0.401,0.741,0.349,0.422
The Gambia,1984,0.58,0.771,1,0.509,0.955,0.806,0.785,0.344,0.439,0,0.261,0.241,0.401,0.741,0.349,0.422
The Gambia,1985,0.58,0.785,1,0.509,0.955,0.823,0.785,0.344,0.439,0,0.261,0.241,0.401,0.741,0.349,0.422
The Gambia,1986,0.58,0.785,1,0.509,0.955,0.823,0.785,0.344,0.424,0,0.261,0.241,0.401,0.741,0.349,0.422
The Gambia,1987,0.58,0.788,1,0.541,0.959,0.823,0.785,0.344,0.424,0,0.261,0.241,0.401,0.741,0.349,0.422
The Gambia,1988,0.58,0.788,1,0.548,0.959,0.823,0.785,0.344,0.424,0,0.261,0.241,0.401,0.741,0.349,0.422
The Gambia,1989,0.58,0.788,1,0.548,0.959,0.823,0.785,0.344,0.424,0,0.261,0.241,0.401,0.741,0.349,0.422
The Gambia,1990,0.58,0.788,1,0.548,0.959,0.826,0.785,0.344,0.424,0,0.261,0.241,0.402,0.741,0.349,0.389
The Gambia,1991,0.58,0.788,1,0.548,0.959,0.826,0.785,0.344,0.424,0,0.261,0.241,0.402,0.75,0.349,0.389
The Gambia,1992,0.58,0.789,1,0.526,0.959,0.826,0.785,0.344,0.427,0,0.261,0.231,0.402,0.75,0.349,0.389
The Gambia,1993,0.58,0.705,1,0.515,0.959,0.826,0.785,0.344,0.427,0,0.261,0.231,0.402,0.75,0.349,0.389
The Gambia,1994,0.352,0.174,1,0.259,0,0.573,0.434,0.281,0.25,0,0.214,0.231,0.221,0.677,0.359,0.475
The Gambia,1995,0.232,0.06,1,0,0,0.45,0.32,0.202,0.216,0,0.156,0.231,0.165,0.63,0.377,0.475
The Gambia,1996,0.216,0.198,1,0.047,0.5,0.45,0.32,0.202,0.216,0.183,0.81,0.231,0.156,0.63,0.377,0.416
The Gambia,1997,0.223,0.426,1,0.266,0.95,0.45,0.32,0.174,0.2,0.183,0.81,0.231,0.171,0.63,0.377,0.427
The Gambia,1998,0.226,0.498,1,0.266,0.95,0.45,0.317,0.174,0.215,0.183,0.81,0.231,0.171,0.63,0.377,0.427
The Gambia,1999,0.225,0.498,1,0.266,0.95,0.439,0.317,0.174,0.215,0.183,0.81,0.231,0.171,0.63,0.377,0.427
The Gambia,2000,0.212,0.496,1,0.266,0.95,0.411,0.317,0.174,0.215,0.183,0.81,0.231,0.146,0.64,0.377,0.427
The Gambia,2001,0.212,0.491,1,0.263,0.95,0.413,0.317,0.174,0.215,0.173,0.81,0.231,0.146,0.64,0.377,0.427
The Gambia,2002,0.212,0.487,1,0.264,0.955,0.413,0.303,0.174,0.215,0.162,0.878,0.231,0.146,0.64,0.377,0.427
The Gambia,2003,0.212,0.488,1,0.267,0.955,0.413,0.281,0.174,0.215,0.152,0.878,0.231,0.146,0.64,0.377,0.427
The Gambia,2004,0.212,0.488,1,0.267,0.955,0.408,0.251,0.174,0.215,0.141,0.878,0.231,0.146,0.64,0.377,0.427
The Gambia,2005,0.212,0.488,1,0.267,0.955,0.408,0.251,0.174,0.215,0.131,0.878,0.231,0.146,0.64,0.377,0.427
The Gambia,2006,0.212,0.477,1,0.244,0.955,0.4,0.251,0.174,0.218,0.12,0.878,0.231,0.146,0.64,0.377,0.427
The Gambia,2007,0.212,0.488,1,0.184,0.955,0.411,0.251,0.174,0.218,0.11,0.878,0.231,0.146,0.64,0.377,0.427
The Gambia,2008,0.212,0.488,1,0.184,0.955,0.407,0.251,0.174,0.222,0.099,0.878,0.231,0.146,0.64,0.377,0.427
The Gambia,2009,0.212,0.488,1,0.184,0.955,0.407,0.251,0.174,0.222,0.089,0.878,0.231,0.146,0.64,0.377,0.427
The Gambia,2010,0.216,0.488,1,0.184,0.955,0.407,0.251,0.174,0.222,0.078,0.878,0.231,0.146,0.64,0.377,0.427
The Gambia,2011,0.216,0.489,1,0.185,0.955,0.407,0.251,0.174,0.222,0.068,0.878,0.231,0.146,0.64,0.377,0.427
The Gambia,2012,0.215,0.479,1,0.192,0.955,0.401,0.251,0.174,0.222,0.057,0.878,0.231,0.146,0.64,0.377,0.427
The Gambia,2013,0.191,0.483,1,0.189,0.955,0.337,0.238,0.174,0.21,0.047,0.878,0.231,0.187,0.63,0.377,0.427
The Gambia,2014,0.191,0.49,1,0.197,0.955,0.342,0.238,0.174,0.221,0.036,0.878,0.231,0.187,0.674,0.377,0.427
The Gambia,2015,0.191,0.49,1,0.197,0.955,0.347,0.238,0.174,0.221,0.026,0.878,0.231,0.187,0.671,0.377,0.427
The Gambia,2016,0.191,0.492,1,0.233,0.955,0.339,0.234,0.195,0.24,0.026,0.878,0.231,0.189,0.673,0.377,0.427
The Gambia,2017,0.819,0.766,1,0.444,0.955,0.846,0.871,0.515,0.742,0.026,0.894,0.282,0.636,0.808,0.566,0.499
The Gambia,2018,0.833,0.777,1,0.513,0.955,0.862,0.871,0.54,0.825,0.026,0.912,0.282,0.661,0.842,0.62,0.513
The Gambia,2019,0.8,0.769,1,0.516,0.955,0.859,0.857,0.632,0.819,0.026,0.912,0.282,0.69,0.844,0.638,0.538
The Gambia,2020,0.785,0.693,1,0.516,0.955,0.875,0.868,0.632,0.789,0.026,0.912,0.288,0.719,0.846,0.684,0.498
The Gambia,2021,0.74,0.727,1,0.551,0.955,0.891,0.882,0.632,0.814,0.026,0.912,0.317,0.73,0.815,0.679,0.482
The Gambia,2022,0.774,0.763,1,0.79,0.955,0.904,0.84,0.639,0.801,0.026,0.939,0.317,0.724,0.812,0.685,0.455
The Gambia,2023,0.803,0.772,1,0.788,0.955,0.902,0.852,0.653,0.831,0.026,0.939,0.317,0.736,0.799,0.681,0.534
The Gambia,2024,0.807,0.772,1,0.772,0.955,0.903,0.852,0.618,0.831,0.026,0.939,0.317,0.751,0.799,0.681,0.534
Jamaica,1950,0.686,0.877,1,0.401,0,0.575,0.766,0.473,0.484,0,0.918,0,0.442,0.11,0.768,0.444
Jamaica,1951,0.686,0.877,1,0.401,0,0.575,0.766,0.473,0.484,0,0.918,0,0.442,0.11,0.768,0.444
Jamaica,1952,0.687,0.877,1,0.401,0,0.575,0.766,0.473,0.484,0,0.918,0,0.442,0.11,0.768,0.444
Jamaica,1953,0.687,0.877,1,0.401,1,0.575,0.783,0.499,0.484,0,0.918,0,0.45,0.11,0.768,0.444
Jamaica,1954,0.687,0.877,1,0.401,1,0.575,0.783,0.538,0.484,0,0.918,0,0.45,0.11,0.768,0.444
Jamaica,1955,0.704,0.877,1,0.408,1,0.575,0.783,0.562,0.484,0,0.918,0,0.45,0.11,0.768,0.444
Jamaica,1956,0.704,0.877,1,0.477,1,0.575,0.783,0.562,0.484,0,0.918,0,0.459,0.11,0.768,0.444
Jamaica,1957,0.704,0.877,1,0.477,1,0.575,0.783,0.562,0.513,0,0.918,0,0.459,0.11,0.768,0.444
Jamaica,1958,0.704,0.877,1,0.477,1,0.575,0.783,0.562,0.513,0,0.918,0,0.459,0.11,0.768,0.444
Jamaica,1959,0.704,0.877,1,0.454,1,0.575,0.783,0.562,0.513,0,0.918,0,0.459,0.11,0.768,0.444
Jamaica,1960,0.72,0.877,1,0.436,1,0.652,0.791,0.562,0.513,0,0.918,0,0.452,0.211,0.768,0.477
Jamaica,1961,0.72,0.877,1,0.436,1,0.652,0.791,0.562,0.513,0.1,0.918,0,0.477,0.211,0.768,0.477
Jamaica,1962,0.794,0.882,1,0.461,1,0.691,0.894,0.561,0.671,0.013,0.979,0,0.528,0.238,0.782,0.637
Jamaica,1963,0.794,0.882,1,0.473,1,0.715,0.884,0.561,0.671,0.013,0.979,0,0.609,0.269,0.787,0.651
Jamaica,1964,0.794,0.882,1,0.473,1,0.715,0.884,0.561,0.671,0.013,0.979,0,0.609,0.269,0.787,0.651
Jamaica,1965,0.777,0.882,1,0.473,1,0.712,0.884,0.561,0.671,0.013,0.979,0,0.609,0.269,0.787,0.651
Jamaica,1966,0.777,0.882,1,0.473,1,0.712,0.884,0.561,0.671,0.013,0.979,0,0.609,0.269,0.787,0.651
Jamaica,1967,0.774,0.869,1,0.434,1,0.67,0.884,0.561,0.671,0.013,0.979,0,0.609,0.269,0.787,0.651
Jamaica,1968,0.767,0.868,1,0.428,1,0.67,0.884,0.561,0.671,0.013,0.979,0,0.609,0.269,0.787,0.651
Jamaica,1969,0.767,0.868,1,0.429,1,0.67,0.884,0.561,0.671,0.013,0.979,0,0.609,0.269,0.787,0.651
Jamaica,1970,0.782,0.868,1,0.429,1,0.725,0.884,0.561,0.671,0.013,0.979,0,0.609,0.28,0.787,0.651
Jamaica,1971,0.782,0.868,1,0.429,1,0.725,0.884,0.561,0.671,0.013,0.979,0,0.609,0.28,0.787,0.651
Jamaica,1972,0.784,0.875,1,0.426,1,0.732,0.884,0.561,0.671,0.013,0.979,0,0.651,0.28,0.787,0.77
Jamaica,1973,0.747,0.889,1,0.426,1,0.788,0.884,0.561,0.674,0.013,0.979,0,0.695,0.613,0.855,0.815
Jamaica,1974,0.751,0.889,1,0.413,1,0.784,0.884,0.561,0.674,0.013,0.979,0,0.695,0.613,0.855,0.815
Jamaica,1975,0.753,0.889,1,0.413,1,0.785,0.884,0.561,0.674,0.013,0.979,0,0.695,0.613,0.855,0.815
Jamaica,1976,0.757,0.888,1,0.41,1,0.785,0.884,0.561,0.674,0.013,0.979,0,0.695,0.613,0.855,0.743
Jamaica,1977,0.757,0.878,1,0.344,1,0.785,0.884,0.561,0.674,0.013,0.979,0,0.695,0.613,0.855,0.743
Jamaica,1978,0.757,0.878,1,0.317,1,0.785,0.884,0.561,0.674,0.013,0.979,0,0.695,0.613,0.855,0.743
Jamaica,1979,0.757,0.878,1,0.338,1,0.785,0.884,0.561,0.674,0.013,0.979,0,0.695,0.613,0.855,0.743
Jamaica,1980,0.767,0.891,1,0.382,1,0.774,0.884,0.561,0.717,0.013,0.979,0,0.698,0.613,0.849,0.733
Jamaica,1981,0.809,0.895,1,0.295,1,0.787,0.884,0.561,0.717,0.013,0.979,0,0.68,0.613,0.883,0.71
Jamaica,1982,0.809,0.895,1,0.295,1,0.787,0.884,0.561,0.717,0.013,0.979,0,0.68,0.613,0.883,0.71
Jamaica,1983,0.809,0.894,1,0.301,1,0.787,0.884,0.561,0.717,0.013,0.979,0,0.68,0.613,0.883,0.71
Jamaica,1984,0.808,0.877,1,0.431,1,0.787,0.884,0.561,0.717,0.013,0.979,0,0.68,0.613,0.883,0.71
Jamaica,1985,0.813,0.877,1,0.431,1,0.787,0.884,0.561,0.717,0.013,0.979,0,0.68,0.613,0.883,0.699
Jamaica,1986,0.813,0.877,1,0.431,1,0.787,0.884,0.561,0.717,0.013,0.979,0,0.68,0.613,0.883,0.699
Jamaica,1987,0.813,0.877,1,0.431,1,0.787,0.884,0.561,0.717,0.013,0.979,0,0.68,0.613,0.883,0.699
Jamaica,1988,0.813,0.877,1,0.431,1,0.807,0.884,0.561,0.717,0.013,0.979,0,0.68,0.613,0.883,0.699
Jamaica,1989,0.813,0.904,1,0.467,1,0.807,0.884,0.561,0.717,0.013,0.979,0,0.68,0.613,0.883,0.699
Jamaica,1990,0.858,0.907,1,0.469,1,0.826,0.884,0.572,0.717,0.013,0.979,0,0.773,0.613,0.883,0.699
Jamaica,1991,0.858,0.907,1,0.469,1,0.826,0.884,0.572,0.717,0.013,0.979,0,0.773,0.613,0.883,0.699
Jamaica,1992,0.858,0.907,1,0.469,1,0.826,0.884,0.588,0.717,0.013,0.979,0,0.779,0.613,0.883,0.699
Jamaica,1993,0.858,0.909,1,0.54,1,0.826,0.884,0.588,0.717,0.013,0.979,0,0.779,0.613,0.883,0.699
Jamaica,1994,0.867,0.909,1,0.562,1,0.826,0.884,0.588,0.717,0.013,0.979,0,0.779,0.613,0.883,0.699
Jamaica,1995,0.882,0.909,1,0.562,1,0.826,0.884,0.588,0.717,0.013,0.979,0,0.779,0.613,0.883,0.699
Jamaica,1996,0.888,0.909,1,0.562,1,0.826,0.884,0.588,0.717,0.013,0.979,0,0.779,0.613,0.883,0.699
Jamaica,1997,0.888,0.911,1,0.583,1,0.826,0.884,0.588,0.717,0.013,0.979,0,0.779,0.613,0.883,0.699
Jamaica,1998,0.888,0.913,1,0.639,1,0.826,0.884,0.588,0.717,0.013,0.979,0,0.779,0.613,0.883,0.699
Jamaica,1999,0.888,0.913,1,0.639,1,0.826,0.884,0.588,0.717,0.013,0.979,0,0.779,0.613,0.883,0.699
Jamaica,2000,0.901,0.913,1,0.639,1,0.841,0.884,0.739,0.717,0.013,0.979,0,0.802,0.613,0.883,0.699
Jamaica,2001,0.901,0.913,1,0.639,1,0.841,0.884,0.739,0.717,0.013,0.979,0,0.802,0.613,0.883,0.699
Jamaica,2002,0.901,0.913,1,0.672,1,0.841,0.884,0.739,0.717,0.013,0.979,0,0.802,0.613,0.883,0.699
Jamaica,2003,0.901,0.91,1,0.765,1,0.841,0.884,0.777,0.717,0.013,0.979,0,0.802,0.613,0.883,0.699
Jamaica,2004,0.901,0.91,1,0.765,1,0.841,0.884,0.777,0.717,0.013,0.979,0,0.802,0.613,0.883,0.699
Jamaica,2005,0.904,0.91,1,0.775,1,0.841,0.884,0.806,0.781,0.013,0.979,0,0.809,0.613,0.883,0.699
Jamaica,2006,0.909,0.91,1,0.783,1,0.841,0.884,0.806,0.781,0.013,0.979,0,0.809,0.613,0.905,0.699
Jamaica,2007,0.909,0.911,1,0.789,1,0.841,0.884,0.827,0.781,0.013,0.979,0,0.809,0.613,0.905,0.698
Jamaica,2008,0.909,0.913,1,0.802,1,0.841,0.884,0.827,0.781,0.013,0.979,0,0.809,0.613,0.905,0.711
Jamaica,2009,0.909,0.913,1,0.802,1,0.841,0.884,0.827,0.781,0.013,0.979,0,0.809,0.613,0.905,0.711
Jamaica,2010,0.909,0.913,1,0.802,1,0.843,0.884,0.832,0.781,0.013,0.979,0,0.82,0.613,0.906,0.698
Jamaica,2011,0.909,0.913,1,0.799,1,0.851,0.884,0.832,0.819,0.013,0.979,0,0.82,0.613,0.906,0.698
Jamaica,2012,0.909,0.914,1,0.824,1,0.851,0.884,0.835,0.819,0.013,0.979,0,0.82,0.613,0.906,0.698
Jamaica,2013,0.939,0.913,1,0.828,1,0.863,0.867,0.835,0.85,0.013,0.979,0,0.848,0.609,0.893,0.698
Jamaica,2014,0.939,0.913,1,0.828,1,0.863,0.867,0.835,0.864,0.013,0.979,0,0.867,0.609,0.893,0.701
Jamaica,2015,0.939,0.913,1,0.828,1,0.863,0.867,0.835,0.864,0.013,0.979,0,0.867,0.609,0.905,0.711
Jamaica,2016,0.939,0.913,1,0.841,1,0.863,0.867,0.835,0.864,0.013,0.979,0,0.867,0.609,0.905,0.711
Jamaica,2017,0.942,0.913,1,0.848,1,0.866,0.902,0.835,0.896,0.013,0.979,0,0.868,0.619,0.928,0.758
Jamaica,2018,0.935,0.913,1,0.848,1,0.866,0.892,0.815,0.89,0.013,0.979,0,0.859,0.582,0.928,0.758
Jamaica,2019,0.942,0.886,1,0.871,1,0.907,0.892,0.834,0.87,0.013,0.979,0,0.858,0.731,0.89,0.758
Jamaica,2020,0.943,0.887,1,0.87,1,0.905,0.894,0.834,0.856,0.013,0.979,0,0.828,0.763,0.86,0.764
Jamaica,2021,0.931,0.888,1,0.868,1,0.9,0.887,0.834,0.818,0.013,0.978,0,0.79,0.785,0.902,0.794
Jamaica,2022,0.923,0.888,1,0.868,1,0.912,0.887,0.847,0.853,0.013,0.978,0,0.846,0.751,0.902,0.818
Jamaica,2023,0.923,0.888,1,0.868,1,0.886,0.887,0.8,0.793,0.013,0.978,0,0.812,0.772,0.937,0.825
Jamaica,2024,0.923,0.888,1,0.868,1,0.899,0.887,0.781,0.854,0.013,0.978,0,0.731,0.779,0.921,0.716
Laos,1950,0.414,0.372,0.4,0.291,0.5,0.212,0.476,0.33,0.126,0,0.007,0.036,0.246,0.155,0.072,0.06
Laos,1951,0.434,0.394,0.4,0.291,0.5,0.212,0.476,0.33,0.126,0,0.007,0.036,0.246,0.155,0.072,0.06
Laos,1952,0.426,0.408,0.4,0.292,0.5,0.212,0.476,0.33,0.126,0,0.007,0.036,0.246,0.155,0.072,0.06
Laos,1953,0.465,0.434,0.4,0.292,0.5,0.292,0.365,0.33,0.145,0,0.314,0.036,0.311,0.172,0.104,0.113
Laos,1954,0.489,0.443,0.4,0.292,0.5,0.292,0.361,0.33,0.154,0,0.314,0.036,0.317,0.172,0.13,0.102
Laos,1955,0.511,0.514,0.4,0.294,0.5,0.292,0.339,0.33,0.3,0,0.314,0.036,0.329,0.172,0.239,0.102
Laos,1956,0.514,0.524,0.4,0.281,0.5,0.292,0.339,0.33,0.3,0,0.314,0.036,0.329,0.172,0.239,0.102
Laos,1957,0.514,0.524,0.85,0.281,0.5,0.28,0.339,0.434,0.3,0,0.314,0.036,0.329,0.172,0.239,0.102
Laos,1958,0.543,0.522,0.85,0.27,1,0.28,0.339,0.434,0.3,0,0.314,0.036,0.329,0.172,0.259,0.102
Laos,1959,0.529,0.468,0.85,0.247,1,0.28,0.339,0.434,0.225,0,0.314,0.036,0.329,0.172,0.259,0.102
Laos,1960,0.49,0.446,0.85,0.172,1,0.228,0.339,0.434,0.225,0,0.314,0.036,0.31,0.158,0.259,0.089
Laos,1961,0.434,0.434,0.85,0.138,0.5,0.228,0.339,0.349,0.225,0,0.314,0.036,0.31,0.158,0.259,0.089
Laos,1962,0.434,0.435,0.85,0.138,0.5,0.228,0.339,0.349,0.225,0,0.314,0.036,0.31,0.158,0.259,0.089
Laos,1963,0.427,0.435,0.85,0.138,0.5,0.227,0.339,0.349,0.225,0,0.314,0.036,0.31,0.158,0.259,0.089
Laos,1964,0.424,0.47,0.85,0.138,0.5,0.22,0.339,0.349,0.225,0,0.314,0.036,0.31,0.158,0.259,0.089
Laos,1965,0.417,0.469,0.03,0.163,0.5,0.22,0.339,0.349,0.225,0,0.314,0.036,0.31,0.158,0.274,0.089
Laos,1966,0.405,0.471,0.03,0.193,0.5,0.22,0.339,0.349,0.225,0,0.314,0.036,0.31,0.167,0.274,0.089
Laos,1967,0.405,0.475,1,0.191,0.5,0.22,0.339,0.349,0.225,0,0.314,0.036,0.31,0.167,0.274,0.089
Laos,1968,0.405,0.475,1,0.191,0.5,0.22,0.339,0.349,0.225,0,0.314,0.036,0.31,0.167,0.274,0.089
Laos,1969,0.405,0.475,1,0.191,0.5,0.22,0.339,0.349,0.225,0,0.314,0.036,0.31,0.167,0.274,0.089
Laos,1970,0.409,0.475,1,0.191,0.5,0.22,0.339,0.349,0.225,0,0.314,0.036,0.31,0.167,0.274,0.089
Laos,1971,0.402,0.475,1,0.191,0.5,0.22,0.339,0.349,0.225,0,0.314,0.036,0.31,0.167,0.274,0.089
Laos,1972,0.402,0.426,1,0.227,0.5,0.22,0.339,0.349,0.225,0,0.314,0.019,0.31,0.167,0.274,0.089
Laos,1973,0.402,0.421,1,0.227,0.5,0.22,0.339,0.349,0.225,0,0.314,0.019,0.31,0.167,0.291,0.089
Laos,1974,0.383,0.405,1,0.227,0.5,0.22,0.339,0.349,0.225,0,0.282,0.019,0.31,0.167,0.291,0.089
Laos,1975,0.089,0.227,1,0.203,0,0.089,0.491,0.46,0.072,0,0.552,0.019,0.123,0.143,0.323,0.184
Laos,1976,0.017,0.028,1,0,0,0.069,0.518,0.46,0.077,0,0.912,0.019,0.08,0.279,0.649,0.353
Laos,1977,0.017,0.028,1,0,0,0.072,0.518,0.46,0.077,0,0.912,0.019,0.08,0.279,0.649,0.353
Laos,1978,0.017,0.028,1,0,0,0.072,0.518,0.46,0.077,0,0.912,0.019,0.08,0.279,0.649,0.353
Laos,1979,0.017,0.028,1,0,0,0.072,0.518,0.46,0.077,0,0.912,0.019,0.08,0.279,0.649,0.353
Laos,1980,0.017,0.028,1,0,0,0.072,0.518,0.46,0.077,0,0.912,0.019,0.08,0.279,0.649,0.353
Laos,1981,0.017,0.028,1,0,0,0.072,0.518,0.46,0.077,0,0.912,0.019,0.08,0.279,0.612,0.353
Laos,1982,0.017,0.028,1,0,0,0.072,0.518,0.46,0.077,0,0.912,0.019,0.08,0.279,0.612,0.353
Laos,1983,0.017,0.028,1,0,0,0.072,0.518,0.46,0.077,0,0.912,0.019,0.08,0.279,0.612,0.353
Laos,1984,0.017,0.028,1,0,0,0.072,0.518,0.46,0.077,0,0.912,0.019,0.08,0.279,0.612,0.353
Laos,1985,0.017,0.028,1,0,0,0.072,0.518,0.46,0.077,0,0.912,0.019,0.08,0.279,0.572,0.353
Laos,1986,0.015,0.034,1,0,0,0.098,0.518,0.46,0.077,0,0.912,0.019,0.091,0.279,0.539,0.373
Laos,1987,0.017,0.035,1,0,0,0.101,0.518,0.46,0.077,0,0.912,0.019,0.091,0.279,0.539,0.373
Laos,1988,0.017,0.035,1,0,0,0.101,0.518,0.46,0.077,0,0.912,0.019,0.091,0.215,0.539,0.373
Laos,1989,0.017,0.038,1,0.086,0.5,0.101,0.518,0.142,0.077,0,0.912,0.019,0.091,0.215,0.514,0.373
Laos,1990,0.017,0.038,1,0.111,0.5,0.101,0.515,0.142,0.077,0,0.912,0.019,0.091,0.215,0.514,0.459
Laos,1991,0.017,0.038,1,0.11,0,0.114,0.485,0.142,0.077,0,0.912,0.019,0.091,0.215,0.514,0.459
Laos,1992,0.017,0.038,1,0.111,0,0.106,0.485,0.105,0.077,0,0.912,0.019,0.091,0.215,0.514,0.459
Laos,1993,0.017,0.037,1,0.114,0,0.103,0.485,0.149,0.077,0,0.912,0.019,0.091,0.215,0.514,0.459
Laos,1994,0.017,0.037,1,0.114,0,0.097,0.485,0.163,0.077,0,0.912,0.019,0.091,0.215,0.514,0.459
Laos,1995,0.017,0.037,1,0.114,0,0.101,0.485,0.163,0.077,0,0.912,0.019,0.101,0.215,0.514,0.459
Laos,1996,0.017,0.037,1,0.114,0,0.111,0.485,0.163,0.077,0,0.912,0.019,0.101,0.215,0.514,0.444
Laos,1997,0.017,0.045,1,0.115,0,0.111,0.485,0.163,0.077,0,0.912,0.019,0.101,0.215,0.514,0.444
Laos,1998,0.017,0.045,1,0.131,0,0.111,0.485,0.163,0.077,0,0.912,0.019,0.132,0.215,0.448,0.444
Laos,1999,0.017,0.045,1,0.131,0,0.11,0.485,0.163,0.077,0,0.912,0.019,0.132,0.215,0.448,0.444
Laos,2000,0.019,0.044,1,0.131,0,0.114,0.485,0.163,0.077,0,0.912,0.019,0.132,0.215,0.448,0.444
Laos,2001,0.019,0.044,1,0.131,0,0.114,0.485,0.163,0.077,0,0.912,0.019,0.132,0.215,0.448,0.444
Laos,2002,0.019,0.044,1,0.153,0,0.113,0.485,0.163,0.077,0,0.912,0.019,0.132,0.215,0.448,0.444
Laos,2003,0.019,0.044,1,0.157,0,0.116,0.485,0.163,0.077,0,0.912,0.019,0.132,0.215,0.448,0.444
Laos,2004,0.019,0.044,1,0.157,0,0.116,0.485,0.163,0.091,0,0.912,0.019,0.132,0.215,0.448,0.444
Laos,2005,0.019,0.044,1,0.157,0,0.116,0.485,0.163,0.091,0,0.912,0.019,0.132,0.215,0.361,0.421
Laos,2006,0.019,0.045,1,0.15,0,0.114,0.485,0.163,0.091,0,0.912,0.019,0.132,0.215,0.369,0.43
Laos,2007,0.019,0.045,1,0.147,0,0.118,0.485,0.163,0.091,0,0.912,0.019,0.132,0.215,0.369,0.43
Laos,2008,0.022,0.045,1,0.147,0,0.119,0.485,0.163,0.091,0,0.912,0.019,0.132,0.215,0.369,0.43
Laos,2009,0.025,0.045,1,0.147,0,0.119,0.485,0.163,0.111,0,0.912,0.019,0.132,0.215,0.369,0.43
Laos,2010,0.025,0.05,1,0.145,0,0.119,0.485,0.163,0.19,0,0.912,0.019,0.132,0.215,0.369,0.43
Laos,2011,0.025,0.049,1,0.136,0,0.118,0.485,0.163,0.19,0,0.912,0.019,0.132,0.215,0.369,0.43
Laos,2012,0.025,0.048,1,0.137,0,0.118,0.485,0.163,0.19,0,0.912,0.019,0.132,0.215,0.369,0.43
Laos,2013,0.03,0.049,1,0.137,0,0.123,0.485,0.163,0.17,0,0.912,0.019,0.154,0.264,0.369,0.424
Laos,2014,0.03,0.049,1,0.137,0,0.125,0.485,0.163,0.17,0,0.912,0.019,0.154,0.266,0.369,0.424
Laos,2015,0.024,0.049,1,0.137,0,0.125,0.485,0.163,0.17,0,0.912,0.019,0.154,0.271,0.369,0.424
Laos,2016,0.024,0.049,1,0.159,0,0.128,0.485,0.163,0.17,0,0.912,0.183,0.191,0.267,0.369,0.424
Laos,2017,0.022,0.049,1,0.165,0.5,0.138,0.479,0.162,0.167,0,0.912,0.183,0.215,0.292,0.409,0.324
Laos,2018,0.021,0.06,1,0.165,0.5,0.147,0.432,0.162,0.223,0,0.912,0.183,0.215,0.292,0.409,0.334
Laos,2019,0.022,0.07,1,0.165,0.5,0.181,0.415,0.338,0.226,0,0.811,0.183,0.216,0.415,0.386,0.345
Laos,2020,0.03,0.054,1,0.162,0.5,0.187,0.383,0.172,0.243,0,0.894,0.183,0.214,0.516,0.452,0.333
Laos,2021,0.04,0.054,1,0.214,0.5,0.179,0.404,0.299,0.303,0,0.944,0.183,0.189,0.451,0.413,0.305
Laos,2022,0.027,0.046,1,0.228,0.5,0.196,0.353,0.46,0.239,0,0.94,0.183,0.164,0.481,0.39,0.351
Laos,2023,0.035,0.046,1,0.211,0.5,0.185,0.352,0.342,0.239,0,0.94,0.183,0.182,0.436,0.392,0.492
Laos,2024,0.038,0.046,1,0.222,0.5,0.201,0.384,0.411,0.247,0,0.94,0.183,0.164,0.471,0.456,0.348
Sri Lanka,1950,0.827,0.834,1,0.795,0.94,0.832,0.81,0.671,0.367,0,0.663,0.269,0.623,0.643,0.181,0.544
Sri Lanka,1951,0.827,0.834,1,0.795,0.94,0.832,0.81,0.671,0.367,0,0.663,0.269,0.623,0.643,0.181,0.625
Sri Lanka,1952,0.827,0.825,1,0.751,0.94,0.832,0.81,0.671,0.42,0,0.663,0.269,0.623,0.643,0.319,0.715
Sri Lanka,1953,0.827,0.82,1,0.722,0.94,0.832,0.81,0.671,0.42,0,0.663,0.269,0.623,0.643,0.319,0.715
Sri Lanka,1954,0.821,0.82,1,0.722,0.94,0.832,0.81,0.671,0.42,0,0.663,0.269,0.623,0.643,0.319,0.715
Sri Lanka,1955,0.821,0.82,1,0.728,0.94,0.831,0.81,0.671,0.42,0,0.663,0.269,0.623,0.643,0.319,0.715
Sri Lanka,1956,0.806,0.823,1,0.723,0.94,0.795,0.793,0.671,0.42,0,0.663,0.269,0.623,0.621,0.423,0.715
Sri Lanka,1957,0.806,0.827,1,0.722,0.94,0.796,0.808,0.671,0.42,0,0.663,0.269,0.623,0.625,0.442,0.715
Sri Lanka,1958,0.82,0.811,1,0.722,0.94,0.785,0.808,0.671,0.42,0,0.663,0.269,0.623,0.625,0.442,0.715
Sri Lanka,1959,0.82,0.811,1,0.722,0.94,0.794,0.808,0.595,0.42,0,0.663,0.269,0.623,0.625,0.476,0.715
Sri Lanka,1960,0.859,0.814,1,0.736,0.96,0.794,0.808,0.595,0.42,0,0.663,0.269,0.623,0.625,0.535,0.734
Sri Lanka,1961,0.863,0.81,1,0.739,0.96,0.794,0.808,0.595,0.42,0,0.663,0.269,0.623,0.625,0.535,0.734
Sri Lanka,1962,0.864,0.81,1,0.739,0.96,0.794,0.808,0.595,0.42,0,0.663,0.269,0.623,0.625,0.535,0.734
Sri Lanka,1963,0.864,0.81,1,0.739,0.96,0.794,0.808,0.595,0.42,0,0.663,0.269,0.623,0.625,0.535,0.734
Sri Lanka,1964,0.864,0.81,1,0.739,0.96,0.794,0.808,0.595,0.42,0,0.663,0.269,0.623,0.625,0.535,0.734
Sri Lanka,1965,0.857,0.814,1,0.739,0.96,0.794,0.808,0.595,0.42,0,0.663,0.269,0.623,0.625,0.535,0.742
Sri Lanka,1966,0.863,0.815,1,0.738,0.96,0.798,0.808,0.595,0.42,0,0.663,0.269,0.623,0.647,0.535,0.742
Sri Lanka,1967,0.863,0.815,1,0.738,0.96,0.798,0.808,0.595,0.42,0,0.663,0.269,0.623,0.647,0.535,0.742
Sri Lanka,1968,0.863,0.815,1,0.738,0.96,0.798,0.808,0.595,0.42,0,0.663,0.269,0.623,0.647,0.535,0.742
Sri Lanka,1969,0.863,0.815,1,0.738,0.96,0.798,0.808,0.595,0.42,0,0.663,0.269,0.623,0.647,0.535,0.742
Sri Lanka,1970,0.809,0.813,1,0.722,1,0.758,0.808,0.595,0.443,0,0.663,0.269,0.54,0.649,0.535,0.704
Sri Lanka,1971,0.799,0.754,1,0.711,1,0.668,0.808,0.595,0.443,0,0.663,0.269,0.54,0.649,0.535,0.704
Sri Lanka,1972,0.758,0.766,1,0.711,1,0.695,0.78,0.595,0.443,0,0.663,0.269,0.54,0.623,0.535,0.704
Sri Lanka,1973,0.749,0.766,1,0.711,1,0.694,0.78,0.595,0.497,0,0.663,0.269,0.487,0.632,0.535,0.704
Sri Lanka,1974,0.754,0.766,1,0.711,1,0.706,0.78,0.595,0.497,0,0.663,0.269,0.487,0.632,0.535,0.704
Sri Lanka,1975,0.756,0.766,1,0.711,1,0.727,0.78,0.595,0.497,0,0.663,0.269,0.487,0.632,0.535,0.704
Sri Lanka,1976,0.756,0.766,1,0.711,1,0.727,0.78,0.595,0.497,0,0.663,0.269,0.487,0.632,0.535,0.704
Sri Lanka,1977,0.757,0.734,1,0.677,1,0.708,0.78,0.595,0.497,0,0.663,0.269,0.487,0.632,0.486,0.722
Sri Lanka,1978,0.734,0.753,1,0.634,1,0.697,0.722,0.414,0.494,0.031,0.663,0.269,0.512,0.574,0.486,0.722
Sri Lanka,1979,0.734,0.716,1,0.634,1,0.707,0.722,0.414,0.443,0.031,0.663,0.269,0.512,0.574,0.486,0.722
Sri Lanka,1980,0.662,0.716,1,0.634,1,0.612,0.722,0.414,0.498,0.031,0.663,0.269,0.512,0.568,0.486,0.758
Sri Lanka,1981,0.662,0.716,1,0.634,1,0.612,0.722,0.414,0.498,0.031,0.663,0.269,0.512,0.568,0.486,0.758
Sri Lanka,1982,0.662,0.713,1,0.621,1,0.612,0.722,0.414,0.498,0.149,0.663,0.269,0.495,0.568,0.486,0.768
Sri Lanka,1983,0.653,0.657,1,0.59,1,0.549,0.722,0.414,0.498,0.149,0.663,0.269,0.495,0.547,0.486,0.713
Sri Lanka,1984,0.653,0.657,1,0.59,1,0.536,0.722,0.414,0.498,0.149,0.663,0.269,0.495,0.547,0.486,0.713
Sri Lanka,1985,0.653,0.657,1,0.59,1,0.536,0.722,0.414,0.498,0.149,0.663,0.269,0.495,0.547,0.486,0.713
Sri Lanka,1986,0.64,0.657,1,0.59,1,0.511,0.722,0.414,0.498,0.149,0.663,0.269,0.495,0.547,0.486,0.713
Sri Lanka,1987,0.624,0.645,1,0.59,1,0.445,0.722,0.414,0.498,0.141,0.663,0.525,0.495,0.547,0.486,0.713
Sri Lanka,1988,0.616,0.639,1,0.587,1,0.416,0.722,0.414,0.498,0.133,0.663,0.686,0.495,0.527,0.486,0.713
Sri Lanka,1989,0.616,0.653,1,0.497,1,0.408,0.722,0.414,0.498,0.125,0.663,0.686,0.495,0.527,0.486,0.713
Sri Lanka,1990,0.612,0.676,1,0.496,1,0.429,0.722,0.414,0.498,0.118,0.663,0.686,0.495,0.543,0.526,0.698
Sri Lanka,1991,0.612,0.676,1,0.496,1,0.432,0.722,0.414,0.498,0.11,0.663,0.686,0.495,0.543,0.526,0.698
Sri Lanka,1992,0.619,0.676,1,0.496,1,0.484,0.722,0.414,0.498,0.102,0.663,0.686,0.495,0.543,0.526,0.698
Sri Lanka,1993,0.633,0.676,1,0.496,1,0.484,0.722,0.436,0.498,0.094,0.663,0.686,0.495,0.543,0.526,0.698
Sri Lanka,1994,0.661,0.71,1,0.56,1,0.558,0.722,0.436,0.655,0.086,0.663,0.686,0.482,0.543,0.526,0.698
Sri Lanka,1995,0.722,0.715,1,0.663,1,0.57,0.722,0.411,0.72,0.078,0.663,0.686,0.482,0.543,0.531,0.698
Sri Lanka,1996,0.722,0.715,1,0.663,1,0.57,0.722,0.411,0.72,0.07,0.663,0.686,0.482,0.543,0.531,0.698
Sri Lanka,1997,0.722,0.715,1,0.663,1,0.57,0.722,0.411,0.72,0.062,0.663,0.686,0.482,0.543,0.531,0.698
Sri Lanka,1998,0.673,0.715,1,0.663,1,0.57,0.722,0.411,0.72,0.055,0.663,0.686,0.482,0.543,0.531,0.698
Sri Lanka,1999,0.673,0.715,1,0.661,1,0.57,0.722,0.411,0.72,0.047,0.663,0.686,0.482,0.543,0.531,0.698
Sri Lanka,2000,0.646,0.723,1,0.573,1,0.57,0.722,0.411,0.72,0.039,0.839,0.686,0.482,0.543,0.531,0.698
Sri Lanka,2001,0.646,0.713,1,0.586,1,0.57,0.722,0.417,0.788,0.031,0.839,0.686,0.482,0.543,0.531,0.698
Sri Lanka,2002,0.685,0.727,1,0.648,1,0.57,0.722,0.417,0.788,0.031,0.839,0.686,0.482,0.543,0.531,0.698
Sri Lanka,2003,0.685,0.727,1,0.648,1,0.57,0.722,0.417,0.788,0.031,0.839,0.686,0.482,0.543,0.531,0.698
Sri Lanka,2004,0.685,0.717,1,0.605,1,0.565,0.722,0.417,0.788,0.031,0.839,0.686,0.422,0.543,0.531,0.707
Sri Lanka,2005,0.509,0.649,1,0.579,1,0.535,0.722,0.393,0.462,0.031,0.839,0.686,0.422,0.543,0.531,0.714
Sri Lanka,2006,0.423,0.616,1,0.492,1,0.496,0.702,0.393,0.462,0.031,0.839,0.716,0.398,0.543,0.574,0.748
Sri Lanka,2007,0.399,0.628,1,0.492,1,0.466,0.702,0.393,0.442,0.031,0.839,0.716,0.382,0.543,0.574,0.748
Sri Lanka,2008,0.382,0.622,1,0.485,1,0.466,0.707,0.393,0.442,0.031,0.839,0.716,0.379,0.543,0.574,0.748
Sri Lanka,2009,0.373,0.619,1,0.485,1,0.454,0.707,0.393,0.442,0.031,0.839,0.716,0.379,0.543,0.574,0.748
Sri Lanka,2010,0.478,0.613,1,0.487,1,0.538,0.634,0.381,0.515,0.031,0.839,0.716,0.439,0.548,0.546,0.734
Sri Lanka,2011,0.479,0.602,1,0.492,1,0.538,0.634,0.381,0.515,0.031,0.839,0.716,0.425,0.548,0.578,0.743
Sri Lanka,2012,0.484,0.601,1,0.482,1,0.556,0.619,0.381,0.515,0.031,0.839,0.716,0.417,0.548,0.578,0.755
Sri Lanka,2013,0.557,0.642,1,0.497,1,0.587,0.667,0.393,0.596,0.031,0.874,0.652,0.414,0.507,0.581,0.731
Sri Lanka,2014,0.552,0.642,1,0.501,1,0.592,0.662,0.393,0.587,0.031,0.874,0.652,0.41,0.507,0.581,0.731
Sri Lanka,2015,0.701,0.792,1,0.598,1,0.679,0.849,0.519,0.829,0.031,0.961,0.714,0.716,0.486,0.552,0.756
Sri Lanka,2016,0.817,0.793,1,0.599,1,0.728,0.886,0.566,0.844,0.031,0.961,0.714,0.751,0.49,0.582,0.789
Sri Lanka,2017,0.795,0.814,1,0.599,1,0.73,0.865,0.6,0.831,0.031,0.961,0.714,0.782,0.527,0.582,0.756
Sri Lanka,2018,0.826,0.841,1,0.599,1,0.795,0.879,0.652,0.773,0.031,0.961,0.714,0.674,0.525,0.582,0.751
Sri Lanka,2019,0.699,0.802,1,0.626,1,0.739,0.876,0.63,0.672,0.031,0.99,0.688,0.632,0.543,0.622,0.811
Sri Lanka,2020,0.657,0.755,1,0.767,1,0.635,0.654,0.452,0.574,0.031,0.99,0.758,0.479,0.503,0.606,0.758
Sri Lanka,2021,0.677,0.747,1,0.734,1,0.608,0.796,0.498,0.62,0.031,0.99,0.814,0.463,0.482,0.583,0.75
Sri Lanka,2022,0.707,0.77,1,0.754,1,0.681,0.79,0.615,0.619,0.031,0.99,0.932,0.491,0.565,0.615,0.702
Sri Lanka,2023,0.744,0.724,1,0.706,1,0.719,0.753,0.576,0.675,0.031,0.99,0.974,0.597,0.581,0.637,0.687
Sri Lanka,2024,0.857,0.74,1,0.791,1,0.754,0.826,0.537,0.767,0.031,0.99,0.974,0.617,0.608,0.671,0.743
Trinidad and Tobago,1950,0.505,0.643,1,0.759,0,0.8,0.857,0.493,0.325,0,0.726,0,0.232,0.706,0.159,0.164
Trinidad and Tobago,1951,0.529,0.668,1,0.76,0,0.8,0.857,0.493,0.325,0,0.726,0,0.232,0.706,0.159,0.164
Trinidad and Tobago,1952,0.529,0.668,1,0.76,0,0.799,0.857,0.493,0.333,0,0.726,0,0.232,0.706,0.159,0.164
Trinidad and Tobago,1953,0.529,0.668,1,0.76,0,0.799,0.857,0.493,0.333,0,0.726,0,0.232,0.706,0.159,0.164
Trinidad and Tobago,1954,0.529,0.668,1,0.76,0,0.799,0.857,0.493,0.333,0,0.726,0,0.232,0.706,0.159,0.164
Trinidad and Tobago,1955,0.529,0.668,1,0.778,0,0.799,0.857,0.493,0.333,0,0.726,0,0.232,0.706,0.159,0.186
Trinidad and Tobago,1956,0.529,0.694,1,0.769,0.77,0.799,0.857,0.493,0.415,0,0.726,0,0.286,0.706,0.19,0.22
Trinidad and Tobago,1957,0.544,0.744,1,0.727,0.77,0.799,0.857,0.493,0.433,0,0.726,0,0.286,0.706,0.19,0.232
Trinidad and Tobago,1958,0.544,0.744,1,0.727,0.77,0.799,0.857,0.493,0.433,0,0.726,0,0.286,0.706,0.19,0.232
Trinidad and Tobago,1959,0.544,0.744,1,0.727,0.77,0.799,0.857,0.493,0.433,0,0.726,0,0.286,0.706,0.19,0.232
Trinidad and Tobago,1960,0.57,0.744,1,0.727,0.77,0.81,0.85,0.493,0.442,0,0.808,0,0.333,0.706,0.213,0.245
Trinidad and Tobago,1961,0.588,0.743,1,0.715,1,0.81,0.85,0.517,0.442,0,0.808,0,0.333,0.706,0.213,0.245
Trinidad and Tobago,1962,0.688,0.778,1,0.581,1,0.879,0.84,0.725,0.497,0,0.808,0,0.541,0.81,0.326,0.37
Trinidad and Tobago,1963,0.734,0.789,1,0.581,1,0.879,0.84,0.725,0.517,0,0.808,0,0.541,0.81,0.393,0.399
Trinidad and Tobago,1964,0.732,0.789,1,0.581,1,0.879,0.84,0.725,0.517,0,0.808,0,0.541,0.81,0.393,0.399
Trinidad and Tobago,1965,0.732,0.789,1,0.581,1,0.879,0.84,0.725,0.517,0,0.808,0,0.541,0.81,0.393,0.408
Trinidad and Tobago,1966,0.732,0.789,1,0.591,1,0.879,0.84,0.725,0.517,0,0.808,0,0.549,0.81,0.393,0.408
Trinidad and Tobago,1967,0.732,0.785,1,0.649,1,0.879,0.84,0.725,0.538,0,0.808,0,0.549,0.81,0.393,0.408
Trinidad and Tobago,1968,0.731,0.785,1,0.649,1,0.879,0.84,0.725,0.538,0,0.808,0,0.549,0.81,0.393,0.408
Trinidad and Tobago,1969,0.741,0.785,1,0.649,1,0.879,0.84,0.725,0.481,0,0.808,0,0.549,0.81,0.393,0.424
Trinidad and Tobago,1970,0.745,0.802,1,0.649,1,0.889,0.84,0.725,0.503,0,0.808,0,0.634,0.827,0.465,0.542
Trinidad and Tobago,1971,0.764,0.776,1,0.625,1,0.889,0.84,0.705,0.503,0,0.808,0,0.634,0.827,0.465,0.568
Trinidad and Tobago,1972,0.764,0.76,1,0.61,1,0.889,0.84,0.73,0.503,0,0.808,0,0.634,0.827,0.465,0.568
Trinidad and Tobago,1973,0.767,0.76,1,0.61,1,0.889,0.84,0.73,0.503,0,0.808,0,0.634,0.827,0.465,0.568
Trinidad and Tobago,1974,0.767,0.76,1,0.61,1,0.889,0.84,0.73,0.503,0,0.808,0,0.634,0.827,0.465,0.59
Trinidad and Tobago,1975,0.756,0.76,1,0.61,1,0.889,0.84,0.73,0.523,0,0.808,0,0.634,0.827,0.465,0.59
Trinidad and Tobago,1976,0.767,0.804,1,0.658,1,0.889,0.84,0.76,0.606,0,0.808,0,0.634,0.827,0.465,0.59
Trinidad and Tobago,1977,0.769,0.887,1,0.707,1,0.889,0.84,0.76,0.606,0,0.808,0,0.634,0.827,0.465,0.59
Trinidad and Tobago,1978,0.769,0.887,1,0.72,1,0.884,0.84,0.76,0.606,0,0.808,0,0.734,0.841,0.465,0.605
Trinidad and Tobago,1979,0.769,0.887,1,0.72,1,0.89,0.84,0.76,0.606,0,0.808,0,0.734,0.841,0.465,0.605
Trinidad and Tobago,1980,0.793,0.887,1,0.72,1,0.888,0.84,0.765,0.606,0,0.808,0,0.734,0.841,0.465,0.644
Trinidad and Tobago,1981,0.802,0.878,1,0.727,1,0.888,0.84,0.765,0.618,0,0.808,0,0.734,0.841,0.501,0.685
Trinidad and Tobago,1982,0.78,0.876,1,0.766,1,0.888,0.84,0.765,0.618,0,0.808,0,0.734,0.846,0.586,0.717
Trinidad and Tobago,1983,0.78,0.876,1,0.766,1,0.888,0.84,0.765,0.618,0,0.808,0,0.734,0.846,0.587,0.717
Trinidad and Tobago,1984,0.787,0.876,1,0.766,1,0.888,0.84,0.765,0.618,0,0.808,0,0.734,0.846,0.587,0.717
Trinidad and Tobago,1985,0.787,0.876,1,0.766,1,0.888,0.84,0.765,0.636,0,0.808,0,0.734,0.846,0.587,0.717
Trinidad and Tobago,1986,0.811,0.876,1,0.768,1,0.888,0.84,0.765,0.698,0,0.808,0,0.734,0.846,0.685,0.757
Trinidad and Tobago,1987,0.826,0.882,1,0.812,1,0.888,0.84,0.765,0.794,0,0.808,0,0.734,0.846,0.715,0.757
Trinidad and Tobago,1988,0.826,0.882,1,0.812,1,0.888,0.84,0.765,0.736,0,0.808,0,0.734,0.846,0.715,0.757
Trinidad and Tobago,1989,0.826,0.882,1,0.812,1,0.888,0.84,0.765,0.736,0,0.808,0,0.734,0.846,0.715,0.757
Trinidad and Tobago,1990,0.84,0.882,1,0.812,1,0.892,0.84,0.765,0.82,0,0.859,0,0.734,0.846,0.715,0.816
Trinidad and Tobago,1991,0.855,0.898,1,0.813,1,0.892,0.84,0.765,0.82,0,0.859,0,0.734,0.846,0.759,0.816
Trinidad and Tobago,1992,0.86,0.901,1,0.838,1,0.892,0.84,0.765,0.82,0,0.859,0,0.734,0.846,0.759,0.816
Trinidad and Tobago,1993,0.86,0.901,1,0.838,1,0.892,0.84,0.765,0.828,0,0.859,0,0.734,0.846,0.759,0.816
Trinidad and Tobago,1994,0.86,0.901,1,0.84,1,0.892,0.84,0.765,0.828,0,0.859,0,0.734,0.846,0.759,0.816
Trinidad and Tobago,1995,0.849,0.901,1,0.841,1,0.892,0.84,0.765,0.807,0,0.859,0,0.734,0.846,0.759,0.816
Trinidad and Tobago,1996,0.85,0.9,1,0.844,1,0.895,0.84,0.765,0.807,0,0.859,0,0.734,0.846,0.759,0.816
Trinidad and Tobago,1997,0.85,0.9,1,0.844,1,0.895,0.84,0.765,0.807,0,0.859,0,0.734,0.846,0.759,0.816
Trinidad and Tobago,1998,0.85,0.9,1,0.844,1,0.895,0.84,0.765,0.807,0,0.859,0,0.734,0.846,0.759,0.816
Trinidad and Tobago,1999,0.85,0.9,1,0.844,1,0.895,0.84,0.765,0.807,0,0.859,0,0.734,0.846,0.759,0.816
Trinidad and Tobago,2000,0.865,0.9,1,0.84,1,0.895,0.84,0.775,0.86,0,0.859,0,0.833,0.846,0.779,0.841
Trinidad and Tobago,2001,0.865,0.899,1,0.778,1,0.895,0.84,0.775,0.86,0,0.859,0,0.833,0.846,0.779,0.855
Trinidad and Tobago,2002,0.865,0.899,1,0.796,1,0.895,0.84,0.775,0.86,0,0.859,0,0.833,0.846,0.779,0.855
Trinidad and Tobago,2003,0.871,0.899,1,0.818,1,0.895,0.84,0.81,0.86,0,0.859,0,0.833,0.846,0.779,0.855
Trinidad and Tobago,2004,0.871,0.899,1,0.818,1,0.895,0.84,0.81,0.86,0,0.859,0,0.833,0.846,0.779,0.855
Trinidad and Tobago,2005,0.869,0.899,1,0.818,1,0.899,0.84,0.81,0.86,0,0.859,0,0.833,0.846,0.779,0.892
Trinidad and Tobago,2006,0.879,0.899,1,0.818,1,0.899,0.84,0.81,0.86,0,0.859,0,0.833,0.846,0.779,0.892
Trinidad and Tobago,2007,0.873,0.899,1,0.821,1,0.899,0.84,0.81,0.86,0,0.859,0,0.833,0.846,0.779,0.892
Trinidad and Tobago,2008,0.869,0.898,1,0.835,1,0.899,0.84,0.81,0.86,0,0.859,0,0.833,0.846,0.779,0.904
Trinidad and Tobago,2009,0.869,0.898,1,0.835,1,0.899,0.84,0.81,0.86,0,0.859,0,0.822,0.846,0.779,0.906
Trinidad and Tobago,2010,0.877,0.891,1,0.855,1,0.898,0.84,0.81,0.855,0,0.859,0,0.801,0.837,0.829,0.884
Trinidad and Tobago,2011,0.877,0.892,1,0.867,1,0.898,0.84,0.81,0.855,0,0.859,0,0.801,0.837,0.829,0.884
Trinidad and Tobago,2012,0.877,0.892,1,0.867,1,0.898,0.84,0.81,0.855,0,0.859,0,0.826,0.837,0.829,0.884
Trinidad and Tobago,2013,0.84,0.865,1,0.859,1,0.905,0.84,0.81,0.872,0,0.881,0,0.821,0.837,0.731,0.789
Trinidad and Tobago,2014,0.84,0.865,1,0.859,1,0.899,0.84,0.81,0.872,0,0.881,0,0.821,0.837,0.731,0.801
Trinidad and Tobago,2015,0.85,0.879,1,0.87,1,0.907,0.84,0.81,0.872,0,0.881,0,0.821,0.837,0.733,0.801
Trinidad and Tobago,2016,0.845,0.877,1,0.853,1,0.913,0.84,0.81,0.872,0,0.881,0,0.91,0.844,0.735,0.81
Trinidad and Tobago,2017,0.846,0.88,1,0.849,1,0.896,0.84,0.828,0.872,0,0.881,0,0.923,0.805,0.735,0.841
Trinidad and Tobago,2018,0.852,0.88,1,0.832,1,0.903,0.84,0.808,0.872,0,0.881,0,0.92,0.808,0.735,0.847
Trinidad and Tobago,2019,0.859,0.88,1,0.831,1,0.904,0.84,0.839,0.855,0,0.881,0,0.925,0.805,0.735,0.876
Trinidad and Tobago,2020,0.867,0.88,1,0.831,1,0.886,0.84,0.807,0.831,0,0.881,0,0.925,0.807,0.735,0.888
Trinidad and Tobago,2021,0.914,0.879,1,0.821,1,0.862,0.84,0.807,0.863,0,0.881,0,0.925,0.78,0.701,0.912
Trinidad and Tobago,2022,0.898,0.864,1,0.821,1,0.86,0.84,0.807,0.875,0,0.881,0,0.925,0.788,0.733,0.921
Trinidad and Tobago,2023,0.898,0.864,1,0.821,1,0.86,0.84,0.807,0.875,0,0.881,0,0.925,0.781,0.711,0.921
Trinidad and Tobago,2024,0.898,0.864,1,0.821,1,0.86,0.84,0.807,0.875,0,0.881,0,0.925,0.781,0.711,0.921
Austria,1950,0.883,0.814,1,0.913,1,0.845,0.92,0.644,0.945,0.033,0.981,0.978,0.606,0.864,0.812,0.868
Austria,1951,0.883,0.813,1,0.911,1,0.845,0.92,0.644,0.945,0.033,0.981,0.978,0.606,0.864,0.812,0.868
Austria,1952,0.883,0.813,1,0.91,1,0.845,0.92,0.644,0.945,0.033,0.981,0.978,0.606,0.864,0.812,0.872
Austria,1953,0.883,0.814,1,0.91,1,0.845,0.92,0.644,0.945,0.033,0.981,0.978,0.606,0.864,0.812,0.872
Austria,1954,0.883,0.815,1,0.909,1,0.845,0.92,0.644,0.945,0.033,0.981,0.978,0.606,0.864,0.812,0.92
Austria,1955,0.883,0.815,1,0.909,1,0.867,0.92,0.644,0.945,0.033,0.981,0.978,0.606,0.864,0.812,0.92
Austria,1956,0.934,0.864,1,0.922,1,0.935,0.915,0.644,0.945,0.033,0.981,0.978,0.664,0.882,0.812,0.92
Austria,1957,0.934,0.851,1,0.921,1,0.935,0.915,0.644,0.945,0.033,0.981,0.978,0.664,0.882,0.812,0.92
Austria,1958,0.934,0.851,1,0.921,1,0.935,0.915,0.644,0.945,0.033,0.981,0.978,0.664,0.882,0.812,0.92
Austria,1959,0.934,0.852,1,0.92,1,0.935,0.915,0.644,0.945,0.033,0.981,0.978,0.664,0.882,0.812,0.92
Austria,1960,0.934,0.864,1,0.919,1,0.935,0.915,0.644,0.945,0.033,0.981,0.978,0.674,0.882,0.812,0.92
Austria,1961,0.934,0.864,1,0.919,1,0.935,0.915,0.644,0.947,0.033,0.981,0.978,0.674,0.882,0.812,0.921
Austria,1962,0.934,0.865,1,0.92,1,0.935,0.915,0.644,0.947,0.033,0.981,0.978,0.714,0.882,0.812,0.921
Austria,1963,0.934,0.867,1,0.922,1,0.935,0.915,0.644,0.947,0.033,0.981,0.978,0.714,0.882,0.812,0.921
Austria,1964,0.934,0.867,1,0.922,1,0.935,0.915,0.644,0.947,0.033,0.981,0.978,0.714,0.882,0.812,0.924
Austria,1965,0.934,0.865,1,0.922,1,0.93,0.915,0.644,0.947,0.033,0.981,0.978,0.714,0.882,0.812,0.924
Austria,1966,0.934,0.863,1,0.922,1,0.937,0.915,0.651,0.947,0.033,0.981,0.978,0.714,0.882,0.812,0.924
Austria,1967,0.942,0.863,1,0.922,1,0.937,0.915,0.667,0.947,0.033,0.981,0.978,0.714,0.882,0.812,0.924
Austria,1968,0.942,0.863,1,0.922,1,0.937,0.915,0.667,0.947,0.033,0.981,0.978,0.714,0.882,0.812,0.924
Austria,1969,0.942,0.863,1,0.922,1,0.937,0.915,0.667,0.947,0.033,0.981,0.978,0.714,0.882,0.812,0.924
Austria,1970,0.942,0.864,1,0.923,1,0.942,0.915,0.724,0.947,0.033,0.981,0.978,0.714,0.882,0.823,0.938
Austria,1971,0.942,0.862,1,0.923,1,0.954,0.915,0.724,0.947,0.033,0.981,0.978,0.714,0.962,0.856,0.938
Austria,1972,0.945,0.879,1,0.923,1,0.954,0.915,0.724,0.947,0.033,0.981,0.978,0.753,0.962,0.856,0.938
Austria,1973,0.953,0.879,1,0.923,1,0.954,0.915,0.761,0.947,0.033,0.981,0.978,0.753,0.962,0.856,0.938
Austria,1974,0.953,0.889,1,0.922,1,0.954,0.915,0.761,0.947,0.033,0.981,0.978,0.753,0.962,0.866,0.938
Austria,1975,0.953,0.889,1,0.921,1,0.957,0.915,0.761,0.947,0.033,0.981,0.978,0.772,0.962,0.842,0.938
Austria,1976,0.961,0.891,1,0.922,1,0.964,0.915,0.767,0.947,0.033,0.981,0.978,0.802,0.962,0.881,0.938
Austria,1977,0.961,0.891,1,0.922,1,0.964,0.915,0.767,0.947,0.033,0.981,0.978,0.802,0.962,0.881,0.943
Austria,1978,0.961,0.891,1,0.922,1,0.964,0.915,0.767,0.947,0.193,0.981,0.978,0.811,0.962,0.881,0.943
Austria,1979,0.961,0.89,1,0.925,1,0.964,0.915,0.767,0.947,0.193,0.981,0.978,0.811,0.962,0.881,0.943
Austria,1980,0.961,0.891,1,0.924,1,0.96,0.915,0.767,0.957,0.193,0.981,0.978,0.888,0.962,0.891,0.926
Austria,1981,0.961,0.892,1,0.923,1,0.964,0.915,0.834,0.957,0.193,0.981,0.978,0.888,0.962,0.891,0.926
Austria,1982,0.961,0.892,1,0.923,1,0.964,0.915,0.834,0.957,0.193,0.981,0.978,0.888,0.962,0.891,0.926
Austria,1983,0.961,0.889,1,0.923,1,0.964,0.915,0.834,0.957,0.173,0.981,0.978,0.888,0.962,0.891,0.926
Austria,1984,0.961,0.888,1,0.922,1,0.964,0.915,0.834,0.957,0.153,0.981,0.978,0.896,0.962,0.891,0.926
Austria,1985,0.962,0.888,1,0.922,1,0.964,0.915,0.834,0.957,0.133,0.981,0.978,0.896,0.962,0.891,0.926
Austria,1986,0.962,0.888,1,0.922,1,0.966,0.915,0.834,0.96,0.113,0.981,0.978,0.896,0.962,0.835,0.926
Austria,1987,0.962,0.888,1,0.921,1,0.966,0.915,0.895,0.96,0.093,0.981,0.978,0.896,0.962,0.835,0.926
Austria,1988,0.962,0.886,1,0.921,1,0.966,0.915,0.909,0.96,0.073,0.981,0.978,0.896,0.962,0.835,0.926
Austria,1989,0.962,0.894,1,0.921,1,0.966,0.915,0.909,0.96,0.053,0.981,0.978,0.896,0.962,0.835,0.926
Austria,1990,0.965,0.893,1,0.921,1,0.966,0.915,0.893,0.96,0.033,0.981,0.978,0.897,0.962,0.835,0.932
Austria,1991,0.965,0.891,1,0.921,1,0.966,0.915,0.893,0.96,0.033,0.981,0.978,0.897,0.962,0.835,0.932
Austria,1992,0.965,0.891,1,0.923,1,0.966,0.915,0.893,0.96,0.033,0.981,0.978,0.897,0.962,0.789,0.932
Austria,1993,0.965,0.891,1,0.924,1,0.966,0.915,0.893,0.96,0.033,0.981,0.978,0.897,0.962,0.789,0.932
Austria,1994,0.965,0.892,1,0.924,1,0.966,0.915,0.893,0.96,0.151,0.981,0.978,0.897,0.962,0.789,0.932
Austria,1995,0.965,0.893,1,0.925,1,0.962,0.915,0.893,0.96,0.151,0.981,0.978,0.915,0.962,0.804,0.932
Austria,1996,0.965,0.89,1,0.92,1,0.966,0.915,0.893,0.938,0.151,0.981,0.978,0.915,0.962,0.804,0.932
Austria,1997,0.965,0.89,1,0.92,1,0.966,0.915,0.893,0.938,0.151,0.981,0.978,0.915,0.962,0.804,0.937
Austria,1998,0.965,0.891,1,0.921,1,0.966,0.915,0.893,0.938,0.151,0.981,0.978,0.915,0.962,0.804,0.937
Austria,1999,0.965,0.892,1,0.922,1,0.966,0.915,0.893,0.938,0.143,0.981,0.978,0.915,0.962,0.804,0.937
Austria,2000,0.965,0.893,1,0.924,1,0.966,0.915,0.913,0.894,0.136,0.981,0.978,0.9,0.962,0.804,0.937
Austria,2001,0.965,0.893,1,0.924,1,0.966,0.915,0.913,0.894,0.128,0.981,0.978,0.898,0.962,0.804,0.937
Austria,2002,0.965,0.893,1,0.924,1,0.966,0.915,0.913,0.894,0.12,0.981,0.978,0.898,0.962,0.804,0.937
Austria,2003,0.965,0.892,1,0.922,1,0.966,0.915,0.913,0.894,0.112,0.981,0.978,0.898,0.962,0.804,0.937
Austria,2004,0.965,0.891,1,0.921,1,0.966,0.915,0.913,0.894,0.104,0.981,0.978,0.898,0.962,0.804,0.937
Austria,2005,0.965,0.89,1,0.92,1,0.966,0.915,0.913,0.894,0.096,0.981,0.978,0.898,0.962,0.804,0.937
Austria,2006,0.965,0.891,1,0.926,1,0.966,0.915,0.913,0.917,0.088,0.981,0.978,0.898,0.962,0.809,0.937
Austria,2007,0.965,0.895,1,0.944,1,0.966,0.92,0.924,0.917,0.08,0.981,0.978,0.919,0.962,0.809,0.932
Austria,2008,0.965,0.894,1,0.945,1,0.965,0.92,0.924,0.917,0.072,0.981,0.978,0.929,0.962,0.809,0.937
Austria,2009,0.965,0.893,1,0.945,1,0.965,0.92,0.924,0.947,0.065,0.981,0.978,0.92,0.962,0.809,0.934
Austria,2010,0.962,0.893,1,0.944,1,0.965,0.92,0.924,0.947,0.057,0.981,0.978,0.928,0.962,0.809,0.936
Austria,2011,0.965,0.892,1,0.943,1,0.965,0.92,0.924,0.947,0.049,0.981,0.978,0.928,0.962,0.809,0.936
Austria,2012,0.965,0.895,1,0.943,1,0.965,0.92,0.924,0.947,0.041,0.981,0.978,0.933,0.962,0.809,0.936
Austria,2013,0.965,0.897,1,0.943,1,0.968,0.906,0.933,0.948,0.193,0.981,0.978,0.924,0.937,0.809,0.94
Austria,2014,0.965,0.896,1,0.943,1,0.968,0.906,0.939,0.948,0.193,0.981,0.978,0.921,0.937,0.809,0.933
Austria,2015,0.965,0.896,1,0.943,1,0.967,0.906,0.939,0.948,0.193,0.981,0.978,0.923,0.937,0.809,0.936
Austria,2016,0.965,0.896,1,0.896,1,0.967,0.906,0.942,0.945,0.193,0.981,0.978,0.92,0.937,0.809,0.937
Austria,2017,0.961,0.896,1,0.909,1,0.96,0.906,0.942,0.944,0.193,0.981,0.978,0.881,0.952,0.785,0.936
Austria,2018,0.938,0.89,1,0.942,1,0.943,0.894,0.942,0.947,0.173,0.981,0.978,0.817,0.962,0.799,0.936
Austria,2019,0.942,0.902,1,0.939,1,0.946,0.923,0.942,0.893,0.153,0.981,0.978,0.848,0.957,0.809,0.944
Austria,2020,0.95,0.894,1,0.932,1,0.956,0.907,0.942,0.925,0.133,0.981,0.978,0.859,0.975,0.83,0.913
Austria,2021,0.946,0.889,1,0.932,1,0.949,0.924,0.942,0.884,0.113,0.981,0.978,0.855,0.976,0.81,0.898
Austria,2022,0.918,0.89,1,0.932,1,0.934,0.924,0.914,0.884,0.093,0.981,0.978,0.853,0.98,0.81,0.892
Austria,2023,0.927,0.894,1,0.933,1,0.937,0.944,0.926,0.882,0.073,0.981,0.978,0.851,0.98,0.827,0.885
Austria,2024,0.917,0.894,1,0.928,1,0.928,0.944,0.9,0.833,0.053,0.981,0.978,0.851,0.93,0.806,0.885
Barbados,1950,0.694,0.513,0.25,0,0,0.671,0.884,0.494,0.804,0,0,0,0.33,0.292,0.62,0.527
Barbados,1951,0.694,0.431,1,0.038,0,0.671,0.884,0.559,0.804,0,0,0,0.33,0.292,0.62,0.527
Barbados,1952,0.694,0.76,1,0.735,0,0.671,0.884,0.559,0.817,0,0,0,0.421,0.292,0.62,0.546
Barbados,1953,0.694,0.76,1,0.735,0,0.671,0.884,0.559,0.817,0,0,0,0.421,0.292,0.62,0.546
Barbados,1954,0.694,0.76,1,0.735,0.5,0.671,0.884,0.559,0.817,0,0,0,0.421,0.292,0.62,0.546
Barbados,1955,0.694,0.76,1,0.735,0.5,0.671,0.884,0.639,0.817,0,0,0,0.421,0.292,0.62,0.546
Barbados,1956,0.697,0.796,1,0.735,0.5,0.671,0.884,0.615,0.817,0,0,0,0.421,0.292,0.62,0.546
Barbados,1957,0.697,0.779,1,0.743,0.5,0.679,0.884,0.615,0.817,0,0,0,0.421,0.292,0.62,0.546
Barbados,1958,0.697,0.779,1,0.743,0.5,0.748,0.906,0.615,0.817,0,0,0,0.421,0.397,0.62,0.546
Barbados,1959,0.697,0.779,1,0.743,0.5,0.748,0.906,0.615,0.817,0,0,0,0.421,0.397,0.62,0.546
Barbados,1960,0.697,0.779,1,0.743,1,0.738,0.906,0.615,0.817,0,0,0,0.421,0.397,0.62,0.546
Barbados,1961,0.697,0.781,1,0.745,1,0.738,0.906,0.615,0.817,0,0,0,0.434,0.397,0.62,0.56
Barbados,1962,0.697,0.804,1,0.769,1,0.738,0.906,0.615,0.817,0,0,0,0.536,0.397,0.62,0.56
Barbados,1963,0.697,0.804,1,0.769,1,0.714,0.906,0.615,0.817,0,0,0,0.536,0.397,0.62,0.56
Barbados,1964,0.697,0.804,1,0.769,1,0.714,0.906,0.615,0.817,0,0,0,0.536,0.397,0.62,0.56
Barbados,1965,0.697,0.804,1,0.769,1,0.714,0.906,0.615,0.817,0,0,0,0.536,0.397,0.62,0.56
Barbados,1966,0.848,0.881,1,0.77,1,0.823,0.935,0.716,0.651,0,0,0,0.536,0.573,0.782,0.922
Barbados,1967,0.859,0.882,1,0.772,1,0.854,0.935,0.716,0.651,0,0,0,0.536,0.723,0.782,0.929
Barbados,1968,0.859,0.882,1,0.772,1,0.854,0.935,0.716,0.651,0,0,0,0.536,0.723,0.782,0.929
Barbados,1969,0.859,0.882,1,0.793,1,0.848,0.935,0.716,0.651,0,0,0,0.536,0.723,0.782,0.929
Barbados,1970,0.859,0.882,1,0.793,1,0.889,0.935,0.716,0.651,0,0,0,0.536,0.717,0.782,0.929
Barbados,1971,0.859,0.883,1,0.793,1,0.889,0.935,0.716,0.651,0,0,0,0.536,0.717,0.782,0.929
Barbados,1972,0.859,0.883,1,0.793,1,0.889,0.935,0.732,0.677,0,0,0,0.566,0.717,0.782,0.929
Barbados,1973,0.866,0.883,1,0.793,1,0.889,0.935,0.732,0.677,0,0,0,0.566,0.717,0.782,0.929
Barbados,1974,0.866,0.883,1,0.793,1,0.889,0.935,0.732,0.677,0,0,0,0.566,0.717,0.782,0.929
Barbados,1975,0.866,0.883,1,0.793,1,0.889,0.935,0.732,0.677,0,0,0,0.566,0.717,0.782,0.929
Barbados,1976,0.866,0.884,1,0.797,1,0.899,0.935,0.732,0.677,0,0,0,0.566,0.717,0.782,0.929
Barbados,1977,0.866,0.886,1,0.807,1,0.899,0.935,0.732,0.677,0,0,0,0.566,0.717,0.782,0.929
Barbados,1978,0.866,0.886,1,0.807,1,0.899,0.935,0.732,0.677,0,0,0,0.566,0.717,0.782,0.929
Barbados,1979,0.866,0.886,1,0.807,1,0.899,0.935,0.732,0.677,0,0,0,0.566,0.717,0.782,0.929
Barbados,1980,0.877,0.886,1,0.807,1,0.911,0.935,0.726,0.677,0,0,0,0.566,0.717,0.782,0.929
Barbados,1981,0.877,0.886,1,0.805,1,0.911,0.935,0.726,0.677,0,0,0,0.566,0.717,0.782,0.929
Barbados,1982,0.877,0.887,1,0.803,1,0.911,0.919,0.726,0.677,0,0,0,0.566,0.717,0.782,0.929
Barbados,1983,0.877,0.887,1,0.803,1,0.911,0.919,0.726,0.677,0,0,0,0.59,0.717,0.782,0.929
Barbados,1984,0.877,0.887,1,0.803,1,0.911,0.919,0.726,0.677,0,0,0,0.59,0.717,0.782,0.929
Barbados,1985,0.877,0.887,1,0.803,1,0.911,0.919,0.726,0.677,0,0,0,0.59,0.717,0.782,0.929
Barbados,1986,0.877,0.884,1,0.802,1,0.911,0.919,0.726,0.677,0,0,0,0.59,0.717,0.782,0.929
Barbados,1987,0.877,0.882,1,0.801,1,0.911,0.919,0.726,0.677,0,0,0,0.59,0.717,0.782,0.929
Barbados,1988,0.877,0.882,1,0.801,1,0.911,0.919,0.726,0.677,0,0,0,0.59,0.717,0.782,0.929
Barbados,1989,0.877,0.882,1,0.801,1,0.911,0.919,0.753,0.677,0,0,0,0.59,0.717,0.782,0.929
Barbados,1990,0.885,0.882,1,0.801,1,0.912,0.919,0.753,0.874,0,0,0,0.613,0.717,0.782,0.929
Barbados,1991,0.885,0.88,1,0.824,1,0.912,0.919,0.753,0.874,0,0,0,0.613,0.717,0.782,0.929
Barbados,1992,0.885,0.879,1,0.824,1,0.912,0.919,0.753,0.874,0,0,0,0.687,0.717,0.782,0.937
Barbados,1993,0.885,0.879,1,0.824,1,0.912,0.919,0.753,0.874,0,0,0,0.687,0.717,0.782,0.942
Barbados,1994,0.885,0.881,1,0.829,1,0.912,0.919,0.753,0.874,0,0,0,0.713,0.717,0.782,0.942
Barbados,1995,0.885,0.883,1,0.84,1,0.912,0.919,0.753,0.874,0,0,0,0.751,0.717,0.782,0.942
Barbados,1996,0.885,0.883,1,0.84,1,0.912,0.919,0.753,0.874,0,0,0,0.751,0.717,0.782,0.942
Barbados,1997,0.885,0.883,1,0.84,1,0.912,0.919,0.753,0.874,0,0,0,0.751,0.717,0.782,0.942
Barbados,1998,0.885,0.883,1,0.84,1,0.912,0.919,0.753,0.874,0,0,0,0.751,0.717,0.782,0.942
Barbados,1999,0.885,0.885,1,0.836,1,0.912,0.919,0.753,0.874,0,0,0,0.783,0.717,0.782,0.951
Barbados,2000,0.881,0.886,1,0.836,1,0.912,0.919,0.753,0.889,0,0,0,0.797,0.717,0.782,0.951
Barbados,2001,0.881,0.886,1,0.836,1,0.912,0.919,0.753,0.889,0,0,0,0.797,0.717,0.782,0.951
Barbados,2002,0.881,0.886,1,0.836,1,0.912,0.919,0.753,0.889,0,0,0,0.797,0.717,0.782,0.951
Barbados,2003,0.881,0.886,1,0.838,1,0.912,0.919,0.753,0.889,0,0,0,0.853,0.717,0.782,0.951
Barbados,2004,0.881,0.887,1,0.839,1,0.912,0.919,0.753,0.889,0,0,0,0.853,0.717,0.782,0.951
Barbados,2005,0.881,0.887,1,0.839,1,0.912,0.919,0.753,0.889,0,0,0,0.887,0.797,0.782,0.951
Barbados,2006,0.881,0.887,1,0.839,1,0.904,0.919,0.753,0.889,0,0,0,0.887,0.797,0.782,0.951
Barbados,2007,0.881,0.887,1,0.839,1,0.912,0.919,0.753,0.889,0,0,0,0.887,0.797,0.782,0.951
Barbados,2008,0.881,0.888,1,0.866,1,0.912,0.919,0.753,0.889,0,0,0,0.887,0.797,0.782,0.951
Barbados,2009,0.881,0.888,1,0.867,1,0.912,0.919,0.753,0.889,0,0,0,0.887,0.797,0.782,0.951
Barbados,2010,0.881,0.888,1,0.867,1,0.911,0.919,0.753,0.889,0,0,0,0.887,0.797,0.782,0.951
Barbados,2011,0.881,0.888,1,0.867,1,0.911,0.919,0.753,0.889,0,0,0,0.887,0.797,0.782,0.951
Barbados,2012,0.881,0.888,1,0.867,1,0.911,0.919,0.753,0.889,0,0,0,0.887,0.797,0.782,0.951
Barbados,2013,0.881,0.887,1,0.857,1,0.911,0.919,0.753,0.889,0,0,0,0.887,0.797,0.782,0.951
Barbados,2014,0.881,0.887,1,0.855,1,0.904,0.919,0.753,0.889,0,0,0,0.887,0.797,0.782,0.951
Barbados,2015,0.881,0.882,1,0.855,1,0.925,0.919,0.748,0.889,0,0,0,0.89,0.735,0.782,0.951
Barbados,2016,0.881,0.882,1,0.855,1,0.925,0.919,0.748,0.889,0,0,0,0.864,0.735,0.782,0.951
Barbados,2017,0.89,0.882,1,0.843,1,0.911,0.926,0.726,0.9,0,0,0,0.752,0.7,0.782,0.949
Barbados,2018,0.897,0.872,1,0.856,1,0.901,0.926,0.707,0.9,0,0,0,0.886,0.713,0.789,0.956
Barbados,2019,0.905,0.878,1,0.862,1,0.901,0.926,0.707,0.89,0,0,0,0.886,0.759,0.789,0.956
Barbados,2020,0.905,0.878,1,0.884,1,0.91,0.926,0.728,0.911,0,0,0,0.894,0.759,0.826,0.956
Barbados,2021,0.905,0.878,1,0.872,1,0.91,0.926,0.728,0.911,0,0,0,0.889,0.759,0.837,0.956
Barbados,2022,0.905,0.88,1,0.874,1,0.91,0.926,0.728,0.895,0,0,0,0.899,0.759,0.837,0.956
Barbados,2023,0.905,0.88,1,0.874,1,0.91,0.933,0.725,0.895,0,0,0,0.884,0.759,0.845,0.956
Barbados,2024,0.905,0.864,1,0.874,1,0.91,0.933,0.725,0.895,0,0,0,0.926,0.759,0.845,0.956
Belgium,1950,0.931,0.892,1,0.894,0.75,0.944,0.938,0.839,0.89,0.1,0.987,0.873,0.91,0.95,0.807,0.913
Belgium,1951,0.931,0.892,1,0.905,0.75,0.95,0.938,0.839,0.89,0,0.987,0.873,0.91,0.95,0.807,0.913
Belgium,1952,0.931,0.892,1,0.905,0.75,0.95,0.938,0.839,0.89,0,0.987,0.873,0.91,0.95,0.807,0.913
Belgium,1953,0.931,0.892,1,0.905,0.75,0.95,0.938,0.839,0.89,0,0.987,0.873,0.91,0.95,0.807,0.913
Belgium,1954,0.931,0.89,1,0.919,0.75,0.95,0.938,0.839,0.89,0,0.987,0.873,0.91,0.95,0.807,0.913
Belgium,1955,0.931,0.89,1,0.925,0.75,0.95,0.938,0.839,0.89,0,0.987,0.873,0.91,0.95,0.807,0.913
Belgium,1956,0.931,0.89,1,0.925,0.75,0.95,0.938,0.839,0.89,0,0.987,0.873,0.91,0.95,0.807,0.913
Belgium,1957,0.931,0.89,1,0.925,0.75,0.954,0.938,0.839,0.89,0,0.987,0.873,0.91,0.95,0.807,0.913
Belgium,1958,0.931,0.889,1,0.924,0.75,0.954,0.938,0.839,0.89,0,0.987,0.873,0.91,0.95,0.807,0.934
Belgium,1959,0.931,0.889,1,0.924,0.75,0.96,0.938,0.839,0.89,0,0.987,0.873,0.91,0.95,0.807,0.934
Belgium,1960,0.923,0.889,1,0.924,1,0.96,0.938,0.839,0.89,0,0.987,0.873,0.91,0.95,0.807,0.939
Belgium,1961,0.923,0.891,1,0.925,1,0.955,0.938,0.839,0.89,0,0.987,0.873,0.905,0.95,0.807,0.939
Belgium,1962,0.923,0.9,1,0.925,1,0.96,0.938,0.839,0.89,0,0.987,0.873,0.905,0.95,0.807,0.939
Belgium,1963,0.923,0.9,1,0.925,1,0.977,0.938,0.839,0.89,0,0.987,0.873,0.905,0.961,0.807,0.939
Belgium,1964,0.923,0.9,1,0.925,1,0.977,0.938,0.839,0.89,0,0.987,0.873,0.905,0.961,0.807,0.939
Belgium,1965,0.923,0.9,1,0.929,1,0.977,0.938,0.839,0.892,0,0.987,0.873,0.905,0.961,0.807,0.939
Belgium,1966,0.923,0.9,1,0.932,1,0.977,0.938,0.839,0.892,0,0.987,0.873,0.9,0.961,0.807,0.939
Belgium,1967,0.923,0.9,1,0.932,1,0.977,0.938,0.839,0.892,0,0.987,0.873,0.9,0.961,0.807,0.939
Belgium,1968,0.923,0.9,1,0.928,1,0.977,0.938,0.839,0.892,0,0.987,0.873,0.9,0.961,0.807,0.939
Belgium,1969,0.923,0.9,1,0.927,1,0.977,0.938,0.839,0.892,0,0.987,0.873,0.9,0.961,0.863,0.939
Belgium,1970,0.933,0.9,1,0.924,1,0.981,0.938,0.839,0.897,0,0.987,0.386,0.9,0.961,0.907,0.939
Belgium,1971,0.933,0.9,1,0.925,1,0.981,0.938,0.839,0.897,0,0.987,0.386,0.9,0.961,0.907,0.939
Belgium,1972,0.933,0.9,1,0.934,1,0.983,0.938,0.839,0.897,0,0.987,0.386,0.9,0.961,0.907,0.939
Belgium,1973,0.933,0.9,1,0.934,1,0.983,0.938,0.839,0.897,0,0.987,0.386,0.9,0.961,0.907,0.939
Belgium,1974,0.933,0.901,1,0.929,1,0.983,0.938,0.839,0.897,0,0.987,0.386,0.9,0.961,0.907,0.939
Belgium,1975,0.933,0.901,1,0.927,1,0.983,0.938,0.839,0.897,0,0.987,0.386,0.9,0.961,0.907,0.939
Belgium,1976,0.938,0.901,1,0.927,1,0.983,0.938,0.839,0.897,0,0.987,0.386,0.9,0.961,0.902,0.939
Belgium,1977,0.938,0.899,1,0.931,1,0.983,0.938,0.839,0.897,0,0.987,0.386,0.9,0.961,0.902,0.939
Belgium,1978,0.938,0.899,1,0.932,1,0.983,0.938,0.839,0.897,0,0.987,0.386,0.9,0.961,0.902,0.939
Belgium,1979,0.938,0.899,1,0.932,1,0.983,0.938,0.839,0.897,0,0.987,0.386,0.9,0.961,0.902,0.939
Belgium,1980,0.945,0.912,1,0.932,1,0.983,0.938,0.85,0.897,0,0.987,0.386,0.9,0.961,0.922,0.951
Belgium,1981,0.945,0.902,1,0.932,1,0.983,0.938,0.85,0.897,0,0.987,0.386,0.9,0.961,0.922,0.951
Belgium,1982,0.945,0.903,1,0.932,1,0.983,0.938,0.85,0.903,0,0.987,0.386,0.9,0.961,0.922,0.951
Belgium,1983,0.945,0.903,1,0.932,1,0.983,0.938,0.85,0.903,0,0.987,0.386,0.9,0.961,0.922,0.964
Belgium,1984,0.945,0.903,1,0.932,1,0.983,0.938,0.85,0.903,0,0.987,0.386,0.9,0.961,0.922,0.964
Belgium,1985,0.945,0.902,1,0.932,1,0.983,0.938,0.85,0.903,0,0.987,0.386,0.9,0.961,0.922,0.964
Belgium,1986,0.945,0.901,1,0.931,1,0.983,0.938,0.85,0.942,0,0.987,0.386,0.9,0.961,0.922,0.964
Belgium,1987,0.943,0.901,1,0.931,1,0.983,0.938,0.85,0.942,0,0.987,0.386,0.9,0.961,0.922,0.964
Belgium,1988,0.943,0.9,1,0.932,1,0.983,0.938,0.85,0.942,0,0.987,0.386,0.9,0.961,0.922,0.964
Belgium,1989,0.95,0.9,1,0.932,1,0.983,0.931,0.85,0.942,0,0.987,0.386,0.9,0.961,0.922,0.964
Belgium,1990,0.968,0.9,1,0.932,1,0.983,0.931,0.882,0.955,0,0.987,0.386,0.9,0.961,0.922,0.964
Belgium,1991,0.968,0.9,1,0.933,1,0.981,0.931,0.882,0.955,0,0.987,0.386,0.9,0.961,0.923,0.964
Belgium,1992,0.968,0.9,1,0.941,1,0.985,0.936,0.882,0.966,0,0.987,0.772,0.9,0.961,0.934,0.964
Belgium,1993,0.968,0.9,1,0.941,1,0.985,0.936,0.882,0.966,0,0.987,0.772,0.9,0.961,0.934,0.964
Belgium,1994,0.968,0.9,1,0.941,1,0.985,0.936,0.882,0.966,0.017,0.987,0.772,0.895,0.961,0.934,0.964
Belgium,1995,0.973,0.9,1,0.94,1,0.985,0.936,0.882,0.966,0.017,0.987,0.929,0.895,0.961,0.934,0.964
Belgium,1996,0.973,0.899,1,0.94,1,0.985,0.936,0.893,0.966,0.017,0.987,0.987,0.908,0.961,0.934,0.964
Belgium,1997,0.973,0.899,1,0.94,1,0.985,0.936,0.893,0.966,0.017,0.987,0.987,0.908,0.961,0.934,0.964
Belgium,1998,0.973,0.899,1,0.94,1,0.985,0.936,0.881,0.966,0.017,0.987,0.987,0.908,0.961,0.934,0.964
Belgium,1999,0.973,0.9,1,0.943,1,0.985,0.936,0.904,0.966,0.017,0.987,0.987,0.906,0.961,0.934,0.964
Belgium,2000,0.973,0.9,1,0.948,1,0.985,0.936,0.904,0.966,0.017,0.987,0.987,0.906,0.961,0.934,0.964
Belgium,2001,0.973,0.9,1,0.948,1,0.985,0.936,0.904,0.966,0.017,0.987,0.987,0.906,0.961,0.934,0.964
Belgium,2002,0.973,0.9,1,0.948,1,0.985,0.936,0.904,0.966,0.017,0.987,0.987,0.906,0.961,0.934,0.964
Belgium,2003,0.973,0.901,1,0.95,1,0.985,0.936,0.904,0.966,0.017,0.987,0.987,0.906,0.961,0.934,0.964
Belgium,2004,0.973,0.865,1,0.952,1,0.985,0.936,0.904,0.966,0.017,0.987,0.987,0.906,0.961,0.934,0.964
Belgium,2005,0.973,0.893,1,0.952,1,0.985,0.936,0.904,0.966,0.017,0.987,0.987,0.906,0.961,0.934,0.964
Belgium,2006,0.973,0.893,1,0.957,1,0.985,0.936,0.904,0.966,0.017,0.987,0.987,0.901,0.961,0.934,0.964
Belgium,2007,0.974,0.897,1,0.966,1,0.985,0.936,0.915,0.966,0.017,0.987,0.987,0.902,0.961,0.934,0.964
Belgium,2008,0.977,0.901,1,0.975,1,0.985,0.936,0.902,0.966,0.017,0.987,0.987,0.902,0.961,0.934,0.964
Belgium,2009,0.977,0.901,1,0.975,1,0.985,0.936,0.909,0.966,0.017,0.987,0.987,0.902,0.961,0.934,0.964
Belgium,2010,0.977,0.899,1,0.974,1,0.985,0.936,0.9,0.966,0.017,0.987,0.987,0.902,0.961,0.934,0.964
Belgium,2011,0.977,0.898,1,0.973,1,0.985,0.936,0.9,0.966,0.017,0.987,0.987,0.903,0.961,0.934,0.964
Belgium,2012,0.977,0.898,1,0.973,1,0.985,0.936,0.9,0.966,0.017,0.987,0.987,0.906,0.961,0.934,0.964
Belgium,2013,0.977,0.904,1,0.974,1,0.985,0.936,0.912,0.963,0.017,0.987,0.987,0.906,0.961,0.922,0.951
Belgium,2014,0.977,0.903,1,0.975,1,0.985,0.936,0.912,0.963,0.017,0.987,0.987,0.89,0.961,0.922,0.951
Belgium,2015,0.977,0.902,1,0.975,1,0.981,0.936,0.912,0.963,0.017,0.987,0.987,0.89,0.961,0.922,0.951
Belgium,2016,0.977,0.902,1,0.975,1,0.981,0.93,0.912,0.949,0.017,0.987,0.987,0.89,0.961,0.922,0.951
Belgium,2017,0.974,0.902,1,0.975,1,0.981,0.93,0.912,0.949,0.017,0.987,0.987,0.89,0.961,0.922,0.951
Belgium,2018,0.974,0.902,1,0.975,1,0.981,0.93,0.912,0.949,0.017,0.987,0.987,0.895,0.961,0.924,0.951
Belgium,2019,0.973,0.903,1,0.974,1,0.981,0.92,0.934,0.949,0.017,0.987,0.987,0.899,0.961,0.927,0.951
Belgium,2020,0.968,0.904,1,0.974,1,0.978,0.924,0.89,0.953,0.017,0.987,0.873,0.918,0.961,0.917,0.949
Belgium,2021,0.966,0.904,1,0.975,1,0.979,0.924,0.89,0.953,0.017,0.987,0.873,0.92,0.961,0.917,0.948
Belgium,2022,0.97,0.904,1,0.97,1,0.979,0.924,0.92,0.953,0.017,0.987,0.873,0.911,0.961,0.931,0.948
Belgium,2023,0.97,0.904,1,0.97,1,0.979,0.877,0.886,0.953,0.017,0.987,0.873,0.911,0.961,0.931,0.948
Belgium,2024,0.969,0.888,1,0.966,1,0.979,0.877,0.886,0.936,0.017,0.987,0.873,0.887,0.961,0.931,0.94
Bulgaria,1950,0.022,0.06,1,0.226,1,0.114,0.224,0.08,0.079,0.2,0.662,0.171,0.119,0.802,0.871,0.929
Bulgaria,1951,0.022,0.048,1,0.226,1,0.114,0.224,0.08,0.059,0.188,0.662,0.171,0.052,0.802,0.871,0.929
Bulgaria,1952,0.022,0.048,1,0.226,1,0.114,0.224,0.08,0.059,0.176,0.662,0.171,0.052,0.802,0.871,0.929
Bulgaria,1953,0.022,0.048,1,0.253,1,0.121,0.224,0.08,0.059,0.164,0.662,0.171,0.052,0.802,0.871,0.929
Bulgaria,1954,0.022,0.047,1,0.3,1,0.121,0.224,0.08,0.059,0.152,0.662,0.171,0.052,0.802,0.876,0.935
Bulgaria,1955,0.022,0.047,1,0.3,1,0.109,0.224,0.08,0.059,0.14,0.662,0.171,0.052,0.802,0.876,0.935
Bulgaria,1956,0.018,0.052,1,0.3,1,0.11,0.224,0.08,0.059,0.128,0.662,0.171,0.052,0.802,0.876,0.935
Bulgaria,1957,0.021,0.055,1,0.316,1,0.11,0.224,0.08,0.059,0.116,0.592,0.171,0.06,0.802,0.876,0.935
Bulgaria,1958,0.021,0.054,1,0.28,1,0.11,0.224,0.08,0.059,0.104,0.592,0.171,0.06,0.802,0.876,0.935
Bulgaria,1959,0.021,0.054,1,0.28,1,0.11,0.224,0.08,0.059,0.092,0.592,0.171,0.06,0.802,0.876,0.935
Bulgaria,1960,0.022,0.054,1,0.28,1,0.114,0.224,0.08,0.059,0.08,0.592,0.171,0.06,0.802,0.876,0.959
Bulgaria,1961,0.022,0.054,1,0.28,1,0.11,0.224,0.08,0.059,0.068,0.592,0.171,0.06,0.802,0.876,0.959
Bulgaria,1962,0.022,0.055,1,0.31,1,0.11,0.224,0.08,0.059,0.056,0.592,0.171,0.06,0.802,0.876,0.959
Bulgaria,1963,0.022,0.055,1,0.315,1,0.11,0.224,0.08,0.059,0.044,0.592,0.171,0.06,0.802,0.876,0.959
Bulgaria,1964,0.022,0.055,1,0.315,1,0.11,0.224,0.08,0.059,0.032,0.592,0.171,0.06,0.802,0.876,0.959
Bulgaria,1965,0.025,0.055,1,0.315,1,0.113,0.224,0.08,0.059,0.02,0.592,0.171,0.06,0.802,0.876,0.959
Bulgaria,1966,0.025,0.056,1,0.319,1,0.113,0.224,0.08,0.059,0.02,0.592,0.171,0.06,0.802,0.876,0.959
Bulgaria,1967,0.023,0.056,1,0.32,1,0.113,0.224,0.08,0.059,0.02,0.592,0.171,0.06,0.802,0.876,0.959
Bulgaria,1968,0.023,0.056,1,0.32,1,0.113,0.224,0.08,0.059,0.02,0.592,0.171,0.06,0.802,0.876,0.959
Bulgaria,1969,0.023,0.056,1,0.32,1,0.113,0.224,0.08,0.059,0.02,0.592,0.171,0.06,0.802,0.876,0.959
Bulgaria,1970,0.028,0.057,1,0.32,1,0.119,0.224,0.08,0.059,0.02,0.592,0.171,0.06,0.802,0.876,0.959
Bulgaria,1971,0.031,0.056,1,0.315,1,0.124,0.224,0.08,0.059,0.2,0.592,0.171,0.06,0.786,0.876,0.959
Bulgaria,1972,0.031,0.055,1,0.31,1,0.124,0.224,0.08,0.059,0.2,0.592,0.171,0.077,0.786,0.876,0.959
Bulgaria,1973,0.031,0.055,1,0.31,1,0.124,0.224,0.08,0.059,0.2,0.629,0.171,0.077,0.786,0.876,0.959
Bulgaria,1974,0.031,0.055,1,0.31,1,0.124,0.224,0.08,0.059,0.2,0.629,0.171,0.077,0.786,0.876,0.959
Bulgaria,1975,0.031,0.071,1,0.31,1,0.124,0.224,0.08,0.059,0.2,0.629,0.171,0.077,0.786,0.876,0.959
Bulgaria,1976,0.031,0.07,1,0.307,1,0.124,0.224,0.08,0.059,0.188,0.629,0.171,0.077,0.786,0.876,0.959
Bulgaria,1977,0.031,0.07,1,0.305,1,0.124,0.224,0.08,0.059,0.176,0.629,0.171,0.077,0.786,0.876,0.959
Bulgaria,1978,0.031,0.07,1,0.305,1,0.124,0.224,0.08,0.059,0.164,0.629,0.171,0.077,0.786,0.876,0.959
Bulgaria,1979,0.031,0.07,1,0.305,1,0.124,0.224,0.08,0.059,0.152,0.629,0.171,0.077,0.786,0.876,0.959
Bulgaria,1980,0.035,0.07,1,0.305,1,0.128,0.224,0.08,0.059,0.14,0.629,0.171,0.077,0.786,0.876,0.959
Bulgaria,1981,0.035,0.071,1,0.309,1,0.128,0.224,0.08,0.059,0.128,0.629,0.171,0.077,0.786,0.876,0.959
Bulgaria,1982,0.035,0.072,1,0.312,1,0.128,0.224,0.08,0.059,0.116,0.629,0.171,0.077,0.786,0.876,0.959
Bulgaria,1983,0.035,0.072,1,0.312,1,0.128,0.224,0.08,0.059,0.104,0.629,0.171,0.077,0.786,0.876,0.959
Bulgaria,1984,0.044,0.072,1,0.312,1,0.128,0.224,0.08,0.059,0.092,0.629,0.171,0.077,0.786,0.876,0.959
Bulgaria,1985,0.045,0.071,1,0.312,1,0.128,0.224,0.08,0.059,0.08,0.629,0.171,0.077,0.741,0.876,0.959
Bulgaria,1986,0.045,0.072,1,0.306,1,0.128,0.224,0.08,0.059,0.068,0.629,0.171,0.077,0.741,0.876,0.959
Bulgaria,1987,0.045,0.076,1,0.301,1,0.128,0.224,0.08,0.059,0.056,0.629,0.086,0.077,0.741,0.876,0.959
Bulgaria,1988,0.045,0.076,1,0.301,1,0.128,0.224,0.08,0.059,0.044,0.629,0.086,0.077,0.741,0.876,0.959
Bulgaria,1989,0.056,0.076,1,0.301,1,0.134,0.224,0.08,0.059,0.032,0.629,0.086,0.077,0.741,0.876,0.959
Bulgaria,1990,0.885,0.788,1,0.519,1,0.837,0.688,0.843,0.766,0.02,0.944,0.086,0.917,0.8,0.914,0.826
Bulgaria,1991,0.869,0.823,1,0.618,1,0.857,0.78,0.843,0.766,0.02,0.944,0.086,0.917,0.8,0.887,0.826
Bulgaria,1992,0.891,0.841,1,0.732,1,0.876,0.864,0.891,0.766,0.02,0.944,0.086,0.917,0.735,0.887,0.826
Bulgaria,1993,0.878,0.841,1,0.734,1,0.876,0.864,0.891,0.766,0.02,0.944,0.086,0.902,0.735,0.887,0.826
Bulgaria,1994,0.879,0.841,1,0.734,1,0.876,0.864,0.891,0.766,0.02,0.944,0.086,0.902,0.735,0.887,0.826
Bulgaria,1995,0.873,0.843,1,0.744,1,0.876,0.864,0.891,0.766,0.02,0.944,0.086,0.902,0.735,0.887,0.829
Bulgaria,1996,0.88,0.842,1,0.753,1,0.876,0.864,0.891,0.766,0.02,0.944,0.086,0.902,0.735,0.887,0.829
Bulgaria,1997,0.864,0.84,1,0.793,1,0.876,0.864,0.891,0.766,0.02,0.944,0.086,0.927,0.735,0.887,0.834
Bulgaria,1998,0.854,0.84,1,0.79,1,0.89,0.864,0.891,0.729,0.02,0.944,0.086,0.918,0.735,0.887,0.785
Bulgaria,1999,0.874,0.84,1,0.79,1,0.89,0.864,0.891,0.729,0.02,0.944,0.086,0.901,0.735,0.887,0.785
Bulgaria,2000,0.88,0.84,1,0.79,1,0.903,0.864,0.891,0.729,0.02,0.944,0.086,0.901,0.735,0.887,0.785
Bulgaria,2001,0.87,0.79,1,0.795,1,0.903,0.864,0.882,0.729,0.02,0.944,0.086,0.909,0.735,0.844,0.77
Bulgaria,2002,0.877,0.839,1,0.792,1,0.912,0.864,0.858,0.729,0.02,0.944,0.086,0.883,0.735,0.844,0.798
Bulgaria,2003,0.877,0.839,1,0.792,1,0.912,0.864,0.861,0.729,0.02,0.944,0.086,0.883,0.735,0.844,0.798
Bulgaria,2004,0.872,0.839,1,0.792,1,0.911,0.864,0.882,0.729,0.02,0.944,0.086,0.883,0.735,0.844,0.798
Bulgaria,2005,0.863,0.824,1,0.786,1,0.911,0.864,0.882,0.729,0.02,0.944,0.086,0.882,0.735,0.844,0.798
Bulgaria,2006,0.866,0.825,1,0.784,1,0.916,0.864,0.883,0.729,0.02,0.944,0.086,0.87,0.759,0.844,0.798
Bulgaria,2007,0.862,0.825,1,0.793,1,0.916,0.868,0.883,0.729,0.02,0.944,0.086,0.869,0.752,0.844,0.801
Bulgaria,2008,0.872,0.825,1,0.793,1,0.919,0.868,0.883,0.729,0.02,0.944,0.086,0.865,0.742,0.846,0.801
Bulgaria,2009,0.848,0.839,1,0.768,1,0.894,0.855,0.853,0.768,0.057,0.889,0.092,0.822,0.704,0.846,0.794
Bulgaria,2010,0.839,0.843,1,0.738,1,0.89,0.825,0.852,0.792,0.057,0.889,0.096,0.807,0.697,0.859,0.799
Bulgaria,2011,0.824,0.843,1,0.741,1,0.882,0.823,0.852,0.811,0.059,0.945,0.096,0.807,0.697,0.848,0.8
Bulgaria,2012,0.813,0.844,1,0.728,1,0.882,0.835,0.859,0.814,0.059,0.945,0.096,0.81,0.697,0.839,0.793
Bulgaria,2013,0.783,0.824,1,0.764,1,0.868,0.827,0.805,0.8,0.24,0.969,0.101,0.794,0.731,0.798,0.783
Bulgaria,2014,0.783,0.836,1,0.79,1,0.872,0.842,0.809,0.821,0.24,0.969,0.101,0.818,0.74,0.806,0.761
Bulgaria,2015,0.769,0.809,1,0.815,1,0.86,0.885,0.831,0.767,0.24,0.969,0.101,0.811,0.73,0.807,0.755
Bulgaria,2016,0.767,0.809,1,0.818,1,0.854,0.86,0.831,0.78,0.398,0.969,0.101,0.817,0.73,0.807,0.763
Bulgaria,2017,0.727,0.81,1,0.761,1,0.857,0.86,0.831,0.747,0.395,0.969,0.101,0.764,0.73,0.806,0.749
Bulgaria,2018,0.72,0.803,1,0.743,1,0.85,0.822,0.851,0.771,0.383,0.969,0.101,0.764,0.73,0.806,0.749
Bulgaria,2019,0.705,0.812,1,0.743,1,0.85,0.805,0.846,0.763,0.371,0.969,0.101,0.756,0.73,0.806,0.689
Bulgaria,2020,0.696,0.812,1,0.743,1,0.859,0.802,0.819,0.795,0.359,0.969,0.101,0.815,0.678,0.804,0.696
Bulgaria,2021,0.775,0.845,1,0.769,1,0.842,0.802,0.861,0.793,0.327,0.969,0.101,0.851,0.66,0.836,0.703
Bulgaria,2022,0.811,0.849,1,0.79,1,0.901,0.873,0.952,0.735,0.296,0.969,0.101,0.873,0.843,0.809,0.742
Bulgaria,2023,0.788,0.828,1,0.78,1,0.891,0.873,0.929,0.779,0.264,0.969,0.101,0.895,0.756,0.823,0.714
Bulgaria,2024,0.804,0.829,1,0.714,1,0.753,0.744,0.85,0.812,0.233,0.969,0.101,0.837,0.367,0.782,0.686
Comoros,1950,0.199,0.227,0.1,0,0,0.152,0.389,0.604,0.214,0,0,0,0.108,0.389,0.194,0.125
Comoros,1951,0.199,0.227,0.2,0,0,0.152,0.389,0.604,0.214,0,0,0,0.108,0.389,0.194,0.125
Comoros,1952,0.199,0.227,0.2,0,0,0.152,0.389,0.604,0.214,0,0,0,0.108,0.389,0.194,0.125
Comoros,1953,0.199,0.227,0.2,0,0,0.152,0.389,0.604,0.214,0,0,0,0.108,0.389,0.194,0.125
Comoros,1954,0.199,0.227,0.2,0,0,0.152,0.389,0.604,0.214,0,0,0,0.108,0.389,0.194,0.125
Comoros,1955,0.199,0.227,0.2,0,0,0.152,0.389,0.604,0.214,0,0,0,0.108,0.389,0.194,0.125
Comoros,1956,0.199,0.227,0.2,0,0,0.152,0.389,0.604,0.208,0,0,0,0.108,0.372,0.194,0.125
Comoros,1957,0.199,0.227,1,0,0,0.157,0.389,0.604,0.208,0,0,0,0.108,0.372,0.194,0.125
Comoros,1958,0.202,0.227,1,0,0,0.157,0.389,0.604,0.208,0,0,0,0.118,0.372,0.194,0.125
Comoros,1959,0.202,0.227,1,0,0,0.157,0.389,0.604,0.208,0,0,0,0.118,0.372,0.194,0.125
Comoros,1960,0.202,0.227,1,0,0,0.157,0.405,0.604,0.208,0,0,0,0.118,0.367,0.194,0.133
Comoros,1961,0.202,0.227,1,0,0,0.157,0.405,0.604,0.208,0,0,0,0.126,0.367,0.194,0.133
Comoros,1962,0.202,0.227,1,0,0,0.161,0.405,0.604,0.208,0,0,0,0.151,0.367,0.233,0.133
Comoros,1963,0.202,0.227,1,0,0,0.161,0.405,0.604,0.208,0,0,0,0.151,0.377,0.256,0.133
Comoros,1964,0.202,0.227,1,0,0,0.16,0.405,0.604,0.208,0,0,0,0.151,0.377,0.256,0.133
Comoros,1965,0.202,0.244,1,0,0,0.163,0.405,0.604,0.208,0,0,0,0.151,0.377,0.256,0.133
Comoros,1966,0.202,0.244,1,0,0,0.163,0.405,0.604,0.208,0,0,0,0.151,0.377,0.256,0.133
Comoros,1967,0.202,0.244,1,0,0,0.163,0.405,0.604,0.208,0,0,0,0.151,0.377,0.256,0.133
Comoros,1968,0.202,0.244,1,0,0,0.163,0.405,0.604,0.208,0,0,0,0.151,0.377,0.256,0.133
Comoros,1969,0.202,0.244,1,0,0,0.163,0.405,0.604,0.208,0,0,0,0.151,0.377,0.256,0.133
Comoros,1970,0.223,0.244,1,0,0,0.163,0.423,0.604,0.208,0,0,0,0.151,0.411,0.256,0.133
Comoros,1971,0.228,0.244,1,0,0,0.163,0.423,0.604,0.208,0,0,0,0.151,0.411,0.256,0.133
Comoros,1972,0.228,0.246,1,0.015,0,0.168,0.405,0.137,0.227,0,0,0,0.155,0.411,0.256,0.133
Comoros,1973,0.23,0.249,1,0.183,0,0.18,0.405,0.137,0.227,0,0,0,0.161,0.411,0.256,0.123
Comoros,1974,0.23,0.249,1,0.183,0,0.178,0.386,0.137,0.227,0.1,0,0,0.161,0.548,0.256,0.123
Comoros,1975,0.189,0.233,1,0.111,0,0.283,0.312,0.097,0.287,0,0,0.106,0.349,0.554,0.607,0.252
Comoros,1976,0.199,0.144,1,0,1,0.307,0.356,0.193,0.244,0,0,0.213,0.438,0.749,0.877,0.264
Comoros,1977,0.199,0.144,1,0,1,0.33,0.356,0.193,0.244,0.1,0,0.213,0.438,0.749,0.877,0.264
Comoros,1978,0.198,0.15,1,0.043,1,0.331,0.356,0.193,0.327,0.1,0,0.719,0.438,0.749,0.877,0.264
Comoros,1979,0.248,0.212,1,0.241,1,0.331,0.275,0.161,0.343,0,0,0.719,0.435,0.745,0.538,0.218
Comoros,1980,0.265,0.263,1,0.241,1,0.309,0.258,0.161,0.343,0,0,0.719,0.424,0.644,0.538,0.218
Comoros,1981,0.265,0.263,1,0.241,1,0.309,0.258,0.161,0.343,0,0,0.796,0.424,0.644,0.538,0.218
Comoros,1982,0.288,0.21,1,0.13,1,0.309,0.258,0.161,0.343,0,0,0.796,0.424,0.644,0.498,0.218
Comoros,1983,0.288,0.21,1,0.112,1,0.309,0.258,0.161,0.343,0,0,0.796,0.424,0.644,0.498,0.218
Comoros,1984,0.288,0.208,1,0.103,1,0.309,0.258,0.161,0.343,0,0,0.796,0.424,0.644,0.498,0.218
Comoros,1985,0.288,0.202,1,0.092,1,0.309,0.258,0.161,0.343,0,0,0.796,0.424,0.644,0.498,0.218
Comoros,1986,0.288,0.202,1,0.092,1,0.323,0.258,0.161,0.343,0,0,0.796,0.424,0.644,0.498,0.245
Comoros,1987,0.288,0.214,1,0.105,1,0.323,0.259,0.161,0.343,0,0,0.796,0.454,0.644,0.498,0.245
Comoros,1988,0.288,0.218,1,0.109,1,0.323,0.259,0.161,0.343,0,0,0.796,0.454,0.644,0.498,0.245
Comoros,1989,0.288,0.215,1,0.109,1,0.329,0.259,0.161,0.343,0,0,0.796,0.454,0.644,0.515,0.245
Comoros,1990,0.634,0.676,1,0.313,1,0.409,0.337,0.357,0.534,0,0,0.796,0.577,0.643,0.779,0.346
Comoros,1991,0.683,0.715,1,0.348,1,0.458,0.334,0.357,0.534,0,0,0.796,0.577,0.643,0.779,0.371
Comoros,1992,0.687,0.709,1,0.339,1,0.487,0.334,0.357,0.539,0.1,0,0.796,0.577,0.636,0.779,0.371
Comoros,1993,0.687,0.734,1,0.166,1,0.487,0.334,0.355,0.539,0,0,0.796,0.577,0.636,0.779,0.371
Comoros,1994,0.687,0.713,1,0.309,1,0.487,0.334,0.344,0.539,0,0,0.796,0.577,0.636,0.779,0.371
Comoros,1995,0.687,0.695,1,0.309,1,0.487,0.321,0.341,0.539,0,0,0.796,0.577,0.636,0.779,0.371
Comoros,1996,0.687,0.713,1,0.125,1,0.487,0.334,0.263,0.539,0.151,0,0.796,0.577,0.636,0.779,0.356
Comoros,1997,0.687,0.723,1,0.38,1,0.487,0.334,0.337,0.577,0.151,0,0.796,0.577,0.636,0.779,0.356
Comoros,1998,0.695,0.723,1,0.38,1,0.487,0.334,0.336,0.577,0.151,0,0.734,0.577,0.637,0.779,0.356
Comoros,1999,0.695,0.735,1,0.117,0,0.497,0.321,0.28,0.577,0.151,0,0.734,0.577,0.719,0.779,0.356
Comoros,2000,0.71,0.594,1,0,0,0.502,0.311,0.477,0.641,0.151,0,0.734,0.672,0.719,0.767,0.356
Comoros,2001,0.709,0.626,1,0,0,0.502,0.229,0.477,0.641,0.131,0,0.865,0.672,0.719,0.775,0.356
Comoros,2002,0.708,0.711,1,0.299,0.5,0.502,0.373,0.605,0.641,0.131,0.863,0.865,0.672,0.719,0.802,0.43
Comoros,2003,0.708,0.739,1,0.436,0.5,0.516,0.413,0.662,0.641,0.131,0.863,0.865,0.672,0.719,0.802,0.43
Comoros,2004,0.708,0.751,1,0.426,0.932,0.516,0.413,0.661,0.641,0.131,0.863,0.865,0.672,0.719,0.728,0.43
Comoros,2005,0.708,0.756,1,0.403,0.932,0.525,0.413,0.523,0.641,0.131,0.863,0.865,0.672,0.719,0.728,0.43
Comoros,2006,0.699,0.749,1,0.404,0.932,0.526,0.375,0.523,0.625,0.123,0.863,0.865,0.64,0.719,0.728,0.439
Comoros,2007,0.701,0.751,1,0.403,0.932,0.53,0.375,0.523,0.625,0.116,0.863,0.865,0.64,0.719,0.728,0.439
Comoros,2008,0.701,0.751,1,0.403,0.932,0.531,0.375,0.523,0.625,0.108,0.863,0.865,0.649,0.719,0.749,0.439
Comoros,2009,0.725,0.749,1,0.4,0.932,0.531,0.318,0.523,0.625,0.131,0.863,0.865,0.649,0.719,0.701,0.399
Comoros,2010,0.738,0.723,1,0.377,0.932,0.531,0.394,0.523,0.625,0.131,0.954,0.865,0.649,0.713,0.72,0.399
Comoros,2011,0.738,0.744,1,0.454,0.932,0.537,0.394,0.523,0.625,0.131,0.954,0.912,0.649,0.713,0.72,0.399
Comoros,2012,0.738,0.744,1,0.454,0.932,0.537,0.394,0.523,0.625,0.131,0.954,0.912,0.649,0.713,0.72,0.399
Comoros,2013,0.777,0.762,1,0.465,0.932,0.557,0.378,0.616,0.649,0.131,0.964,0.912,0.681,0.69,0.694,0.39
Comoros,2014,0.777,0.762,1,0.465,0.932,0.557,0.383,0.616,0.649,0.123,0.964,0.912,0.681,0.69,0.731,0.417
Comoros,2015,0.768,0.764,1,0.274,0.932,0.562,0.37,0.577,0.649,0.116,0.964,0.912,0.681,0.69,0.731,0.417
Comoros,2016,0.751,0.738,1,0.275,0.932,0.562,0.391,0.594,0.649,0.108,0.964,0.912,0.681,0.694,0.731,0.417
Comoros,2017,0.728,0.73,1,0.259,0.932,0.579,0.35,0.155,0.667,0.1,0.975,0.92,0.596,0.694,0.731,0.407
Comoros,2018,0.719,0.72,1,0.234,0.932,0.518,0.328,0.102,0.667,0.131,0.824,0.878,0.552,0.698,0.721,0.405
Comoros,2019,0.643,0.649,1,0.114,0.932,0.405,0.161,0.112,0.564,0.131,0.824,0.878,0.538,0.714,0.758,0.403
Comoros,2020,0.626,0.549,1,0.076,0.932,0.435,0.182,0.067,0.565,0.131,0.824,0.878,0.595,0.714,0.717,0.411
Comoros,2021,0.627,0.555,1,0.076,0.932,0.409,0.182,0.08,0.565,0.131,0.824,0.878,0.521,0.699,0.731,0.414
Comoros,2022,0.625,0.503,1,0.076,0.932,0.406,0.184,0.105,0.565,0.131,0.824,0.878,0.494,0.708,0.693,0.41
Comoros,2023,0.555,0.503,1,0.076,0.932,0.363,0.184,0.1,0.565,0.123,0.824,0.878,0.444,0.72,0.71,0.408
Comoros,2024,0.525,0.513,1,0.126,0.932,0.355,0.184,0.119,0.565,0.116,0.824,0.878,0.425,0.717,0.725,0.408
Cuba,1950,0.791,0.72,1,0.277,1,0.673,0.513,0.79,0.884,0.013,0.707,0.701,0.869,0.304,0.299,0.177
Cuba,1951,0.772,0.7,1,0.268,1,0.651,0.498,0.738,0.884,0.013,0.707,0.701,0.869,0.304,0.257,0.177
Cuba,1952,0.688,0.641,1,0.046,0,0.477,0.448,0.703,0.884,0.013,0.692,0.453,0.869,0.304,0.133,0.177
Cuba,1953,0.589,0.445,1,0,0,0.368,0.366,0.262,0.747,0.013,0.515,0.341,0.214,0.262,0.133,0.167
Cuba,1954,0.589,0.455,1,0.011,0,0.365,0.366,0.262,0.747,0.013,0.527,0.341,0.205,0.262,0.133,0.167
Cuba,1955,0.589,0.502,1,0.066,1,0.365,0.366,0.262,0.747,0.013,0.751,0.341,0.205,0.262,0.133,0.167
Cuba,1956,0.589,0.501,1,0.066,1,0.365,0.366,0.262,0.747,0.013,0.751,0.341,0.205,0.262,0.133,0.167
Cuba,1957,0.589,0.488,1,0.065,1,0.365,0.366,0.262,0.747,0.013,0.751,0.341,0.15,0.262,0.133,0.167
Cuba,1958,0.589,0.487,1,0.065,1,0.365,0.366,0.262,0.747,0.013,0.751,0.341,0.15,0.295,0.133,0.167
Cuba,1959,0.364,0.327,1,0,0,0.433,0.093,0.25,0.453,0.013,0.751,0.283,0.496,0.758,0.829,0.867
Cuba,1960,0.175,0.025,1,0,0,0.189,0.084,0.23,0.131,0.013,0.004,0.203,0.283,0.861,0.697,0.96
Cuba,1961,0.031,0.023,1,0,0,0.169,0.084,0.23,0.131,0.013,0.004,0.203,0.167,0.861,0.697,0.96
Cuba,1962,0.031,0.017,1,0,0,0.138,0.084,0.23,0.131,0.013,0.004,0.203,0.118,0.861,0.697,0.96
Cuba,1963,0.031,0.017,1,0,0,0.15,0.084,0.23,0.131,0.013,0.004,0.203,0.118,0.861,0.697,0.96
Cuba,1964,0.031,0.017,1,0,0,0.15,0.084,0.23,0.131,0.013,0.004,0.203,0.118,0.861,0.697,0.96
Cuba,1965,0.031,0.017,1,0,0,0.137,0.084,0.23,0.131,0.013,0.139,0.203,0.118,0.861,0.697,0.96
Cuba,1966,0.031,0.018,1,0,0,0.142,0.084,0.23,0.131,0.013,0.139,0.203,0.118,0.861,0.697,0.96
Cuba,1967,0.031,0.018,1,0,0,0.142,0.084,0.23,0.131,0.013,0.139,0.203,0.118,0.861,0.697,0.96
Cuba,1968,0.031,0.018,1,0,0,0.123,0.084,0.23,0.131,0.013,0.139,0.203,0.118,0.861,0.697,0.96
Cuba,1969,0.031,0.018,1,0,0,0.139,0.084,0.23,0.131,0.013,0.139,0.203,0.118,0.861,0.697,0.96
Cuba,1970,0.031,0.018,1,0,0,0.142,0.084,0.23,0.131,0.013,0.139,0.203,0.118,0.861,0.697,0.96
Cuba,1971,0.029,0.018,1,0,0,0.142,0.084,0.23,0.131,0.013,0.139,0.366,0.118,0.861,0.697,0.96
Cuba,1972,0.029,0.018,1,0,0,0.141,0.084,0.23,0.131,0.013,0.139,0.366,0.118,0.861,0.697,0.96
Cuba,1973,0.029,0.018,1,0,0,0.141,0.084,0.23,0.131,0.013,0.139,0.366,0.118,0.861,0.697,0.96
Cuba,1974,0.029,0.018,1,0,0,0.141,0.084,0.23,0.131,0.013,0.139,0.366,0.118,0.861,0.697,0.96
Cuba,1975,0.029,0.018,1,0,0,0.141,0.084,0.23,0.131,0.013,0.139,0.366,0.118,0.861,0.697,0.96
Cuba,1976,0.029,0.018,1,0,0,0.141,0.097,0.114,0.131,0.213,0.277,0.112,0.229,0.861,0.697,0.96
Cuba,1977,0.029,0.018,1,0,0,0.141,0.097,0.071,0.131,0.213,0.277,0.112,0.229,0.861,0.697,0.96
Cuba,1978,0.029,0.018,1,0,0,0.141,0.097,0.071,0.131,0.213,0.277,0.112,0.229,0.861,0.697,0.96
Cuba,1979,0.029,0.018,1,0,0,0.153,0.097,0.071,0.131,0.213,0.277,0.112,0.229,0.861,0.784,0.96
Cuba,1980,0.043,0.018,1,0,0,0.132,0.097,0.071,0.131,0.213,0.277,0.112,0.229,0.861,0.784,0.96
Cuba,1981,0.043,0.018,1,0,0,0.132,0.097,0.071,0.131,0.201,0.277,0.112,0.229,0.861,0.784,0.96
Cuba,1982,0.043,0.018,1,0,0,0.132,0.097,0.071,0.131,0.189,0.277,0.112,0.229,0.861,0.784,0.96
Cuba,1983,0.043,0.018,1,0,0,0.132,0.097,0.071,0.131,0.177,0.277,0.112,0.229,0.861,0.784,0.96
Cuba,1984,0.043,0.018,1,0,0,0.132,0.097,0.071,0.131,0.165,0.277,0.112,0.229,0.861,0.784,0.96
Cuba,1985,0.043,0.018,1,0,0,0.132,0.097,0.071,0.131,0.153,0.277,0.112,0.229,0.861,0.784,0.96
Cuba,1986,0.043,0.018,1,0,0,0.134,0.097,0.071,0.131,0.141,0.277,0.112,0.229,0.861,0.784,0.96
Cuba,1987,0.044,0.018,1,0,0,0.134,0.097,0.071,0.131,0.129,0.277,0.112,0.237,0.861,0.784,0.96
Cuba,1988,0.044,0.021,1,0,0,0.134,0.097,0.071,0.131,0.117,0.277,0.112,0.237,0.861,0.784,0.96
Cuba,1989,0.044,0.021,1,0,0,0.134,0.097,0.071,0.131,0.105,0.277,0.112,0.237,0.861,0.784,0.96
Cuba,1990,0.044,0.021,1,0,0,0.134,0.097,0.074,0.131,0.093,0.277,0.112,0.188,0.861,0.784,0.96
Cuba,1991,0.044,0.021,1,0,0,0.134,0.097,0.074,0.131,0.081,0.277,0.112,0.188,0.861,0.784,0.96
Cuba,1992,0.044,0.021,1,0,0,0.138,0.097,0.074,0.131,0.069,0.277,0.112,0.188,0.861,0.784,0.96
Cuba,1993,0.047,0.022,1,0.241,0,0.137,0.097,0.074,0.131,0.057,0.277,0.112,0.188,0.861,0.806,0.93
Cuba,1994,0.047,0.022,1,0.283,0,0.137,0.097,0.074,0.131,0.045,0.277,0.112,0.188,0.861,0.806,0.93
Cuba,1995,0.047,0.022,1,0.283,0,0.137,0.097,0.074,0.131,0.033,0.277,0.112,0.188,0.861,0.806,0.911
Cuba,1996,0.047,0.022,1,0.283,0,0.145,0.097,0.074,0.131,0.033,0.277,0.112,0.188,0.861,0.806,0.911
Cuba,1997,0.047,0.022,1,0.283,0,0.15,0.097,0.074,0.131,0.033,0.277,0.112,0.188,0.861,0.806,0.911
Cuba,1998,0.046,0.023,1,0.325,0,0.15,0.097,0.074,0.131,0.033,0.277,0.112,0.188,0.861,0.806,0.911
Cuba,1999,0.046,0.023,1,0.326,0,0.154,0.097,0.074,0.131,0.033,0.277,0.112,0.188,0.861,0.806,0.911
Cuba,2000,0.047,0.023,1,0.326,0,0.154,0.097,0.074,0.131,0.033,0.277,0.112,0.188,0.861,0.806,0.911
Cuba,2001,0.047,0.023,1,0.326,0,0.177,0.097,0.074,0.131,0.033,0.277,0.112,0.188,0.861,0.806,0.911
Cuba,2002,0.047,0.023,1,0.326,0,0.177,0.097,0.074,0.131,0.033,0.277,0.112,0.188,0.861,0.806,0.911
Cuba,2003,0.047,0.021,1,0.332,0,0.169,0.097,0.074,0.131,0.033,0.277,0.112,0.188,0.861,0.806,0.911
Cuba,2004,0.047,0.021,1,0.332,0,0.169,0.097,0.074,0.131,0.033,0.277,0.112,0.188,0.753,0.806,0.911
Cuba,2005,0.045,0.021,1,0.332,0,0.175,0.097,0.074,0.131,0.033,0.277,0.114,0.188,0.741,0.806,0.911
Cuba,2006,0.046,0.021,1,0.332,0,0.175,0.097,0.074,0.131,0.033,0.277,0.114,0.188,0.741,0.806,0.911
Cuba,2007,0.048,0.021,1,0.332,0,0.175,0.097,0.074,0.131,0.033,0.277,0.114,0.239,0.741,0.806,0.9
Cuba,2008,0.048,0.023,1,0.255,1,0.165,0.097,0.074,0.131,0.033,0.277,0.114,0.251,0.741,0.806,0.9
Cuba,2009,0.048,0.023,1,0.251,1,0.174,0.097,0.077,0.131,0.033,0.277,0.114,0.251,0.741,0.806,0.9
Cuba,2010,0.048,0.023,1,0.251,1,0.178,0.097,0.077,0.132,0.033,0.277,0.114,0.251,0.741,0.806,0.9
Cuba,2011,0.048,0.023,1,0.251,1,0.189,0.097,0.077,0.132,0.033,0.206,0.114,0.251,0.741,0.806,0.9
Cuba,2012,0.048,0.023,1,0.251,1,0.195,0.097,0.077,0.125,0.033,0.206,0.114,0.266,0.741,0.806,0.9
Cuba,2013,0.046,0.022,1,0.272,1,0.237,0.112,0.07,0.098,0.033,0.206,0.114,0.255,0.738,0.818,0.828
Cuba,2014,0.046,0.021,1,0.274,1,0.244,0.109,0.07,0.098,0.033,0.206,0.114,0.255,0.738,0.818,0.828
Cuba,2015,0.045,0.021,1,0.274,1,0.242,0.109,0.07,0.098,0.033,0.206,0.114,0.255,0.738,0.818,0.828
Cuba,2016,0.049,0.023,1,0.274,1,0.229,0.109,0.07,0.094,0.033,0.206,0.114,0.237,0.746,0.793,0.833
Cuba,2017,0.048,0.023,1,0.275,1,0.256,0.109,0.07,0.094,0.033,0.206,0.114,0.237,0.746,0.793,0.832
Cuba,2018,0.08,0.025,1,0.299,1,0.234,0.109,0.095,0.126,0.033,0.227,0.114,0.302,0.671,0.793,0.832
Cuba,2019,0.102,0.025,1,0.304,1,0.235,0.109,0.095,0.121,0.151,0.227,0.035,0.302,0.746,0.833,0.881
Cuba,2020,0.088,0.025,1,0.304,1,0.229,0.109,0.095,0.097,0.151,0.235,0.035,0.301,0.733,0.846,0.862
Cuba,2021,0.088,0.023,1,0.304,1,0.195,0.109,0.089,0.097,0.151,0.235,0.035,0.306,0.733,0.846,0.862
Cuba,2022,0.088,0.018,1,0.304,1,0.198,0.109,0.089,0.097,0.151,0.235,0.035,0.289,0.653,0.846,0.85
Cuba,2023,0.07,0.018,1,0.296,1,0.208,0.098,0.089,0.097,0.151,0.235,0.02,0.3,0.653,0.846,0.814
Cuba,2024,0.091,0.021,1,0.294,1,0.21,0.093,0.089,0.097,0.151,0.235,0.023,0.286,0.653,0.868,0.784
Cyprus,1950,0.327,0.296,0.15,0,0,0.405,0.632,0.52,0.171,0,0.364,0,0.226,0.254,0.115,0.484
Cyprus,1951,0.334,0.296,0.15,0,0,0.415,0.632,0.52,0.171,0,0.364,0,0.226,0.254,0.115,0.484
Cyprus,1952,0.334,0.296,0.15,0,0,0.415,0.632,0.52,0.171,0,0.364,0,0.226,0.254,0.115,0.484
Cyprus,1953,0.334,0.296,0.15,0,0,0.41,0.632,0.52,0.171,0,0.364,0,0.226,0.254,0.115,0.484
Cyprus,1954,0.334,0.296,0.15,0,0,0.41,0.632,0.52,0.171,0,0.364,0,0.226,0.254,0.115,0.484
Cyprus,1955,0.307,0.282,0.15,0,0,0.335,0.62,0.52,0.171,0,0.364,0,0.207,0.193,0.115,0.484
Cyprus,1956,0.29,0.282,0.15,0,0,0.317,0.607,0.52,0.171,0,0.364,0,0.207,0.195,0.115,0.484
Cyprus,1957,0.29,0.282,0.15,0,0,0.319,0.607,0.52,0.171,0,0.364,0,0.207,0.195,0.115,0.484
Cyprus,1958,0.29,0.282,0.15,0,0,0.302,0.607,0.52,0.171,0,0.364,0,0.207,0.195,0.115,0.484
Cyprus,1959,0.305,0.283,0.15,0.024,0,0.363,0.607,0.52,0.171,0,0.364,0,0.207,0.232,0.115,0.474
Cyprus,1960,0.66,0.6,1,0.49,1,0.499,0.727,0.52,0.349,0,0.476,0,0.508,0.534,0.453,0.652
Cyprus,1961,0.715,0.645,1,0.49,1,0.599,0.75,0.657,0.371,0,0.476,0,0.554,0.587,0.542,0.676
Cyprus,1962,0.715,0.647,1,0.49,1,0.59,0.75,0.657,0.371,0,0.476,0,0.554,0.587,0.542,0.676
Cyprus,1963,0.715,0.647,1,0.49,1,0.582,0.75,0.657,0.371,0,0.476,0,0.517,0.587,0.542,0.676
Cyprus,1964,0.708,0.647,1,0.49,1,0.582,0.75,0.657,0.371,0,0.476,0,0.514,0.568,0.489,0.671
Cyprus,1965,0.708,0.647,1,0.49,1,0.586,0.75,0.657,0.371,0,0.476,0,0.514,0.568,0.489,0.671
Cyprus,1966,0.708,0.647,1,0.49,1,0.586,0.75,0.657,0.371,0,0.476,0,0.514,0.568,0.489,0.671
Cyprus,1967,0.708,0.647,1,0.49,1,0.586,0.75,0.657,0.371,0,0.476,0,0.514,0.568,0.489,0.671
Cyprus,1968,0.708,0.658,1,0.486,1,0.586,0.75,0.657,0.371,0,0.476,0,0.514,0.568,0.489,0.671
Cyprus,1969,0.708,0.66,1,0.486,1,0.586,0.75,0.657,0.371,0,0.476,0,0.514,0.568,0.489,0.671
Cyprus,1970,0.714,0.678,1,0.499,1,0.589,0.75,0.715,0.371,0,0.476,0,0.514,0.568,0.568,0.671
Cyprus,1971,0.714,0.697,1,0.513,1,0.589,0.75,0.75,0.371,0,0.476,0,0.514,0.568,0.568,0.671
Cyprus,1972,0.714,0.697,1,0.513,1,0.589,0.75,0.768,0.371,0,0.476,0,0.514,0.568,0.568,0.671
Cyprus,1973,0.714,0.697,1,0.513,1,0.603,0.75,0.768,0.371,0,0.476,0,0.514,0.568,0.568,0.671
Cyprus,1974,0.722,0.74,1,0.513,1,0.519,0.75,0.768,0.53,0,0.476,0,0.53,0.566,0.568,0.821
Cyprus,1975,0.762,0.77,1,0.526,1,0.751,0.792,0.786,0.612,0,0.476,0,0.593,0.731,0.654,0.821
Cyprus,1976,0.762,0.821,1,0.56,1,0.768,0.806,0.791,0.603,0,0.476,0,0.653,0.731,0.654,0.822
Cyprus,1977,0.762,0.807,1,0.608,1,0.768,0.789,0.791,0.603,0,0.476,0,0.653,0.731,0.654,0.822
Cyprus,1978,0.762,0.807,1,0.608,1,0.768,0.789,0.794,0.603,0,0.476,0,0.659,0.731,0.654,0.822
Cyprus,1979,0.762,0.807,1,0.608,1,0.768,0.789,0.794,0.643,0,0.476,0,0.674,0.731,0.654,0.848
Cyprus,1980,0.809,0.807,1,0.627,1,0.795,0.789,0.794,0.718,0,0.476,0,0.833,0.731,0.725,0.86
Cyprus,1981,0.809,0.815,1,0.705,1,0.795,0.789,0.794,0.718,0,0.476,0,0.833,0.731,0.725,0.86
Cyprus,1982,0.818,0.82,1,0.751,1,0.795,0.789,0.794,0.718,0,0.476,0,0.833,0.731,0.725,0.86
Cyprus,1983,0.818,0.834,1,0.799,1,0.795,0.789,0.794,0.718,0,0.476,0,0.833,0.731,0.725,0.86
Cyprus,1984,0.818,0.836,1,0.806,1,0.789,0.789,0.794,0.718,0,0.476,0,0.833,0.731,0.725,0.86
Cyprus,1985,0.818,0.836,1,0.807,1,0.789,0.789,0.794,0.718,0,0.476,0,0.833,0.731,0.725,0.86
Cyprus,1986,0.818,0.839,1,0.82,1,0.798,0.789,0.794,0.718,0,0.95,0,0.837,0.731,0.725,0.86
Cyprus,1987,0.818,0.839,1,0.82,1,0.798,0.789,0.794,0.718,0,0.95,0,0.837,0.731,0.725,0.86
Cyprus,1988,0.818,0.836,1,0.844,1,0.798,0.789,0.794,0.718,0,0.95,0,0.837,0.731,0.725,0.86
Cyprus,1989,0.818,0.856,1,0.846,1,0.798,0.802,0.794,0.718,0,0.95,0,0.837,0.731,0.725,0.86
Cyprus,1990,0.839,0.888,1,0.848,1,0.817,0.818,0.794,0.785,0,0.95,0,0.836,0.731,0.785,0.881
Cyprus,1991,0.849,0.888,1,0.867,1,0.817,0.818,0.81,0.811,0,0.95,0,0.836,0.731,0.785,0.881
Cyprus,1992,0.849,0.892,1,0.878,1,0.817,0.818,0.81,0.811,0,0.95,0,0.836,0.731,0.785,0.881
Cyprus,1993,0.849,0.891,1,0.883,1,0.817,0.818,0.81,0.811,0,0.95,0,0.836,0.731,0.785,0.881
Cyprus,1994,0.849,0.891,1,0.883,1,0.826,0.818,0.81,0.811,0,0.95,0,0.838,0.731,0.785,0.881
Cyprus,1995,0.849,0.891,1,0.883,1,0.814,0.818,0.81,0.811,0,0.95,0,0.838,0.731,0.785,0.881
Cyprus,1996,0.849,0.893,1,0.884,1,0.814,0.818,0.81,0.811,0,0.95,0,0.84,0.731,0.785,0.881
Cyprus,1997,0.849,0.894,1,0.884,1,0.814,0.818,0.81,0.811,0,0.95,0,0.85,0.731,0.785,0.881
Cyprus,1998,0.849,0.896,1,0.861,1,0.814,0.818,0.836,0.811,0,0.95,0,0.85,0.731,0.785,0.881
Cyprus,1999,0.853,0.896,1,0.858,1,0.818,0.83,0.836,0.811,0,0.95,0,0.897,0.793,0.785,0.882
Cyprus,2000,0.889,0.901,1,0.872,1,0.847,0.847,0.836,0.872,0,0.95,0,0.898,0.793,0.785,0.939
Cyprus,2001,0.887,0.902,1,0.892,1,0.847,0.847,0.836,0.872,0,0.95,0,0.898,0.793,0.785,0.939
Cyprus,2002,0.887,0.902,1,0.899,1,0.847,0.847,0.831,0.872,0,0.95,0,0.899,0.793,0.785,0.939
Cyprus,2003,0.887,0.901,1,0.894,1,0.847,0.847,0.784,0.872,0,0.95,0,0.899,0.793,0.785,0.939
Cyprus,2004,0.911,0.912,1,0.894,1,0.9,0.891,0.784,0.872,0.1,0.95,0,0.899,0.842,0.785,0.939
Cyprus,2005,0.91,0.912,1,0.894,1,0.9,0.891,0.784,0.908,0,0.95,0,0.899,0.866,0.785,0.939
Cyprus,2006,0.91,0.914,1,0.911,1,0.9,0.891,0.77,0.908,0,0.95,0,0.899,0.892,0.785,0.939
Cyprus,2007,0.912,0.915,1,0.921,1,0.909,0.891,0.807,0.908,0,0.95,0,0.897,0.892,0.785,0.939
Cyprus,2008,0.912,0.916,1,0.918,1,0.911,0.891,0.807,0.908,0,0.95,0,0.897,0.892,0.791,0.939
Cyprus,2009,0.911,0.916,1,0.917,1,0.919,0.891,0.785,0.908,0,0.95,0,0.88,0.892,0.791,0.939
Cyprus,2010,0.924,0.916,1,0.917,1,0.928,0.891,0.785,0.908,0,0.95,0,0.894,0.889,0.791,0.939
Cyprus,2011,0.923,0.914,1,0.919,1,0.928,0.891,0.785,0.916,0,0.95,0,0.885,0.889,0.791,0.939
Cyprus,2012,0.921,0.913,1,0.919,1,0.928,0.891,0.785,0.916,0,0.95,0,0.89,0.892,0.775,0.939
Cyprus,2013,0.931,0.908,1,0.918,1,0.945,0.869,0.789,0.92,0,0.95,0,0.855,0.895,0.775,0.936
Cyprus,2014,0.928,0.908,1,0.918,1,0.945,0.869,0.798,0.92,0,0.95,0,0.858,0.895,0.775,0.936
Cyprus,2015,0.936,0.908,1,0.918,1,0.945,0.869,0.798,0.912,0,0.95,0,0.864,0.895,0.831,0.936
Cyprus,2016,0.934,0.909,1,0.918,1,0.945,0.869,0.798,0.912,0,0.95,0,0.857,0.895,0.834,0.936
Cyprus,2017,0.917,0.906,1,0.918,1,0.948,0.865,0.813,0.886,0,0.957,0,0.834,0.896,0.834,0.925
Cyprus,2018,0.916,0.903,1,0.918,1,0.948,0.855,0.813,0.883,0,0.957,0,0.865,0.895,0.859,0.931
Cyprus,2019,0.924,0.903,1,0.918,1,0.933,0.847,0.765,0.877,0,0.953,0,0.845,0.895,0.85,0.953
Cyprus,2020,0.86,0.902,1,0.918,1,0.925,0.848,0.833,0.868,0,0.931,0,0.765,0.895,0.833,0.947
Cyprus,2021,0.844,0.903,1,0.916,1,0.912,0.795,0.759,0.869,0,0.931,0,0.819,0.876,0.833,0.951
Cyprus,2022,0.831,0.888,1,0.915,1,0.923,0.812,0.759,0.866,0,0.884,0,0.819,0.877,0.847,0.943
Cyprus,2023,0.824,0.894,1,0.912,1,0.932,0.803,0.759,0.84,0,0.884,0,0.838,0.884,0.839,0.952
Cyprus,2024,0.817,0.893,1,0.912,1,0.94,0.824,0.782,0.832,0,0.884,0,0.831,0.921,0.87,0.953
Czechia,1950,0.046,0.04,1,0.395,1,0.06,0.035,0.056,0.053,0,0.013,0.014,0.027,0.815,0.669,0.941
Czechia,1951,0.046,0.04,1,0.395,1,0.06,0.035,0.056,0.053,0.1,0.013,0.014,0.027,0.815,0.669,0.941
Czechia,1952,0.046,0.04,1,0.395,1,0.06,0.035,0.048,0.053,0,0.013,0.014,0.027,0.815,0.669,0.941
Czechia,1953,0.046,0.04,1,0.395,0,0.06,0.035,0.048,0.053,0,0.013,0.014,0.027,0.815,0.669,0.941
Czechia,1954,0.061,0.05,1,0.397,0,0.092,0.059,0.048,0.1,0,0.013,0.014,0.054,0.815,0.669,0.941
Czechia,1955,0.061,0.051,1,0.417,0,0.094,0.059,0.048,0.1,0,0.013,0.014,0.054,0.815,0.669,0.941
Czechia,1956,0.061,0.051,1,0.417,0,0.132,0.059,0.048,0.1,0,0.013,0.014,0.054,0.815,0.669,0.941
Czechia,1957,0.061,0.051,1,0.417,1,0.137,0.059,0.048,0.1,0,0.013,0.014,0.054,0.815,0.669,0.941
Czechia,1958,0.061,0.051,1,0.417,1,0.137,0.059,0.048,0.1,0,0.013,0.014,0.054,0.815,0.669,0.941
Czechia,1959,0.061,0.051,1,0.417,1,0.137,0.059,0.048,0.1,0,0.013,0.014,0.054,0.815,0.669,0.941
Czechia,1960,0.067,0.051,1,0.417,1,0.168,0.059,0.077,0.1,0,0.013,0.014,0.054,0.815,0.669,0.941
Czechia,1961,0.069,0.05,1,0.417,1,0.195,0.059,0.077,0.1,0,0.013,0.014,0.054,0.815,0.669,0.941
Czechia,1962,0.074,0.05,1,0.417,1,0.195,0.059,0.077,0.1,0,0.013,0.014,0.06,0.815,0.669,0.941
Czechia,1963,0.082,0.05,1,0.417,1,0.2,0.059,0.077,0.1,0,0.013,0.014,0.06,0.815,0.669,0.941
Czechia,1964,0.092,0.049,1,0.416,1,0.2,0.059,0.077,0.1,0,0.013,0.014,0.06,0.815,0.669,0.941
Czechia,1965,0.092,0.049,1,0.416,1,0.2,0.063,0.077,0.1,0,0.013,0.014,0.084,0.815,0.669,0.941
Czechia,1966,0.092,0.049,1,0.416,1,0.2,0.063,0.077,0.1,0,0.013,0.014,0.084,0.834,0.669,0.941
Czechia,1967,0.139,0.053,1,0.416,1,0.208,0.063,0.077,0.1,0,0.013,0.014,0.107,0.834,0.669,0.941
Czechia,1968,0.263,0.072,1,0.416,0,0.269,0.087,0.107,0.147,0,0.013,0.014,0.302,0.834,0.669,0.941
Czechia,1969,0.124,0.058,1,0.416,0,0.245,0.087,0.107,0.098,0,0.013,0.014,0.082,0.834,0.669,0.941
Czechia,1970,0.071,0.056,1,0.416,0,0.224,0.062,0.083,0.098,0,0.013,0.014,0.054,0.834,0.669,0.941
Czechia,1971,0.069,0.056,1,0.416,0,0.224,0.062,0.083,0.098,0,0.013,0.014,0.054,0.834,0.669,0.941
Czechia,1972,0.069,0.05,1,0.412,0,0.224,0.062,0.076,0.098,0,0.013,0.014,0.054,0.834,0.669,0.941
Czechia,1973,0.069,0.055,1,0.412,0,0.224,0.062,0.076,0.098,0,0.013,0.014,0.054,0.834,0.669,0.941
Czechia,1974,0.069,0.055,1,0.412,0,0.224,0.062,0.076,0.098,0,0.013,0.014,0.054,0.834,0.669,0.941
Czechia,1975,0.069,0.055,1,0.412,1,0.224,0.062,0.076,0.098,0,0.013,0.014,0.054,0.834,0.669,0.941
Czechia,1976,0.069,0.056,1,0.414,1,0.224,0.062,0.076,0.098,0,0.013,0.014,0.054,0.834,0.669,0.941
Czechia,1977,0.069,0.055,1,0.421,1,0.224,0.062,0.076,0.098,0,0.013,0.014,0.054,0.834,0.669,0.941
Czechia,1978,0.069,0.055,1,0.421,1,0.224,0.062,0.076,0.098,0,0.013,0.014,0.054,0.834,0.669,0.941
Czechia,1979,0.069,0.055,1,0.421,1,0.224,0.062,0.076,0.098,0,0.013,0.014,0.054,0.834,0.669,0.941
Czechia,1980,0.069,0.055,1,0.421,1,0.224,0.062,0.077,0.098,0,0.013,0.014,0.117,0.834,0.669,0.945
Czechia,1981,0.069,0.056,1,0.415,1,0.224,0.062,0.082,0.098,0,0.013,0.014,0.117,0.834,0.669,0.945
Czechia,1982,0.069,0.057,1,0.411,1,0.224,0.062,0.082,0.098,0,0.013,0.014,0.12,0.834,0.669,0.945
Czechia,1983,0.069,0.057,1,0.411,1,0.224,0.062,0.082,0.098,0,0.013,0.014,0.12,0.834,0.669,0.945
Czechia,1984,0.069,0.057,1,0.411,1,0.224,0.062,0.082,0.098,0,0.013,0.014,0.12,0.834,0.669,0.945
Czechia,1985,0.069,0.057,1,0.411,1,0.226,0.062,0.082,0.098,0,0.013,0.014,0.12,0.834,0.669,0.945
Czechia,1986,0.076,0.058,1,0.417,1,0.226,0.062,0.082,0.098,0,0.013,0.014,0.156,0.834,0.669,0.945
Czechia,1987,0.092,0.058,1,0.422,0,0.226,0.062,0.082,0.098,0,0.013,0.014,0.183,0.84,0.669,0.945
Czechia,1988,0.092,0.058,1,0.422,0,0.226,0.062,0.082,0.098,0,0.013,0.014,0.183,0.84,0.669,0.945
Czechia,1989,0.132,0.063,1,0.422,1,0.307,0.062,0.084,0.123,0,0.013,0.014,0.221,0.842,0.672,0.945
Czechia,1990,0.976,0.89,1,0.8,1,0.96,0.89,0.862,0.755,0,0.937,0.478,0.894,0.932,0.872,0.958
Czechia,1991,0.976,0.916,1,0.937,1,0.96,0.89,0.873,0.755,0,0.937,0.478,0.886,0.932,0.872,0.958
Czechia,1992,0.976,0.915,1,0.937,1,0.96,0.89,0.905,0.755,0,0.937,0.478,0.871,0.932,0.871,0.957
Czechia,1993,0.976,0.914,1,0.95,1,0.96,0.897,0.923,0.755,0.013,0.937,0.478,0.847,0.932,0.871,0.957
Czechia,1994,0.976,0.914,1,0.95,1,0.96,0.897,0.923,0.755,0.013,0.937,0.478,0.847,0.932,0.871,0.957
Czechia,1995,0.976,0.914,1,0.95,1,0.96,0.897,0.923,0.755,0.013,0.937,0.478,0.847,0.932,0.871,0.957
Czechia,1996,0.976,0.914,1,0.949,1,0.96,0.897,0.923,0.755,0.013,0.937,0.478,0.859,0.932,0.871,0.957
Czechia,1997,0.976,0.913,1,0.949,1,0.96,0.897,0.923,0.755,0.013,0.937,0.478,0.874,0.932,0.871,0.957
Czechia,1998,0.976,0.913,1,0.935,1,0.96,0.897,0.923,0.755,0.013,0.937,0.478,0.91,0.932,0.871,0.957
Czechia,1999,0.976,0.913,1,0.924,1,0.96,0.897,0.923,0.755,0.013,0.937,0.478,0.891,0.932,0.871,0.957
Czechia,2000,0.976,0.913,1,0.924,1,0.96,0.897,0.92,0.789,0.013,0.937,0.941,0.886,0.932,0.871,0.957
Czechia,2001,0.976,0.913,1,0.924,1,0.96,0.897,0.92,0.789,0.013,0.937,0.941,0.886,0.932,0.871,0.953
Czechia,2002,0.976,0.914,1,0.939,1,0.96,0.897,0.92,0.789,0.013,0.937,0.941,0.886,0.932,0.871,0.953
Czechia,2003,0.976,0.916,1,0.951,1,0.96,0.897,0.92,0.789,0.131,0.937,0.941,0.899,0.932,0.871,0.953
Czechia,2004,0.977,0.916,1,0.951,1,0.96,0.897,0.92,0.789,0.131,0.937,0.941,0.899,0.932,0.871,0.959
Czechia,2005,0.977,0.916,1,0.951,1,0.961,0.897,0.92,0.789,0.131,0.937,0.961,0.894,0.934,0.871,0.959
Czechia,2006,0.977,0.917,1,0.955,1,0.967,0.897,0.92,0.789,0.131,0.937,0.961,0.884,0.934,0.871,0.959
Czechia,2007,0.975,0.918,1,0.958,1,0.967,0.897,0.919,0.789,0.131,0.937,0.961,0.894,0.934,0.871,0.957
Czechia,2008,0.975,0.918,1,0.958,1,0.967,0.902,0.904,0.789,0.123,0.937,0.961,0.901,0.954,0.871,0.957
Czechia,2009,0.974,0.901,1,0.958,1,0.967,0.904,0.911,0.789,0.116,0.937,0.961,0.899,0.954,0.871,0.957
Czechia,2010,0.974,0.891,1,0.959,1,0.967,0.89,0.916,0.792,0.108,0.937,0.961,0.889,0.954,0.871,0.959
Czechia,2011,0.974,0.904,1,0.959,1,0.967,0.886,0.891,0.792,0.1,0.937,0.961,0.88,0.954,0.871,0.959
Czechia,2012,0.974,0.904,1,0.959,1,0.967,0.91,0.896,0.792,0.092,0.937,0.961,0.88,0.954,0.865,0.962
Czechia,2013,0.937,0.901,1,0.957,1,0.967,0.907,0.869,0.785,0.084,0.937,0.961,0.788,0.954,0.874,0.955
Czechia,2014,0.915,0.901,1,0.957,1,0.967,0.899,0.874,0.774,0.076,0.937,0.961,0.858,0.954,0.874,0.956
Czechia,2015,0.915,0.901,1,0.957,1,0.965,0.899,0.874,0.774,0.068,0.937,0.961,0.848,0.944,0.874,0.956
Czechia,2016,0.915,0.901,1,0.957,1,0.952,0.899,0.874,0.774,0.06,0.937,0.961,0.848,0.947,0.874,0.959
Czechia,2017,0.917,0.885,1,0.943,1,0.953,0.86,0.842,0.811,0.052,0.937,0.961,0.814,0.947,0.814,0.959
Czechia,2018,0.907,0.878,1,0.914,1,0.957,0.851,0.838,0.797,0.045,0.937,0.923,0.81,0.95,0.801,0.961
Czechia,2019,0.904,0.88,1,0.903,1,0.958,0.851,0.858,0.777,0.037,0.937,0.961,0.773,0.934,0.812,0.961
Czechia,2020,0.892,0.882,1,0.914,1,0.943,0.868,0.87,0.761,0.029,0.937,0.961,0.77,0.958,0.812,0.956
Czechia,2021,0.878,0.863,1,0.917,1,0.939,0.85,0.916,0.801,0.021,0.937,0.961,0.761,0.958,0.821,0.954
Czechia,2022,0.949,0.874,1,0.949,1,0.979,0.883,0.941,0.778,0.013,0.949,0.884,0.871,0.957,0.839,0.959
Czechia,2023,0.958,0.885,1,0.948,1,0.98,0.876,0.954,0.792,0.013,0.949,0.884,0.882,0.953,0.839,0.964
Czechia,2024,0.961,0.885,1,0.948,1,0.978,0.953,0.94,0.785,0.013,0.944,0.97,0.873,0.953,0.854,0.957
Denmark,1950,0.984,0.93,1,0.943,1,0.98,0.989,0.954,0.96,0.016,0.995,0.581,0.936,0.943,0.927,0.852
Denmark,1951,0.984,0.93,1,0.945,1,0.983,0.989,0.954,0.96,0.016,0.995,0.581,0.936,0.943,0.927,0.852
Denmark,1952,0.984,0.93,1,0.945,1,0.983,0.989,0.954,0.96,0.016,0.995,0.581,0.936,0.943,0.927,0.852
Denmark,1953,0.984,0.93,1,0.942,1,0.983,0.989,0.96,0.96,0.185,0.995,0.581,0.936,0.943,0.927,0.852
Denmark,1954,0.981,0.93,1,0.941,1,0.983,0.989,0.981,0.96,0.185,0.995,0.581,0.936,0.945,0.95,0.852
Denmark,1955,0.984,0.93,1,0.941,1,0.983,0.989,0.981,0.96,0.185,0.995,0.581,0.936,0.945,0.95,0.852
Denmark,1956,0.984,0.93,1,0.941,1,0.983,0.989,0.981,0.96,0.185,0.995,0.581,0.936,0.945,0.95,0.855
Denmark,1957,0.984,0.929,1,0.94,1,0.983,0.989,0.981,0.96,0.185,0.995,0.581,0.936,0.945,0.95,0.855
Denmark,1958,0.984,0.929,1,0.94,1,0.983,0.989,0.981,0.96,0.175,0.995,0.581,0.936,0.945,0.95,0.864
Denmark,1959,0.984,0.929,1,0.94,1,0.983,0.989,0.981,0.96,0.165,0.995,0.581,0.936,0.945,0.95,0.889
Denmark,1960,0.985,0.929,1,0.94,1,0.983,0.989,0.981,0.986,0.155,0.995,0.672,0.946,0.945,0.95,0.889
Denmark,1961,0.985,0.928,1,0.942,1,0.983,0.989,0.981,0.986,0.185,0.995,0.672,0.946,0.945,0.95,0.889
Denmark,1962,0.985,0.928,1,0.942,1,0.984,0.989,0.981,0.986,0.185,0.995,0.672,0.946,0.983,0.95,0.889
Denmark,1963,0.985,0.928,1,0.942,1,0.985,0.989,0.981,0.986,0.323,0.995,0.672,0.946,0.983,0.95,0.889
Denmark,1964,0.985,0.928,1,0.942,1,0.985,0.989,0.981,0.986,0.323,0.995,0.672,0.946,0.983,0.95,0.889
Denmark,1965,0.985,0.929,1,0.941,1,0.985,0.989,0.981,0.986,0.323,0.995,0.672,0.946,0.983,0.95,0.889
Denmark,1966,0.985,0.929,1,0.941,1,0.985,0.989,0.981,0.986,0.313,0.995,0.672,0.946,0.983,0.95,0.924
Denmark,1967,0.988,0.929,1,0.943,1,0.985,0.989,0.981,0.986,0.303,0.995,0.672,0.946,0.983,0.95,0.924
Denmark,1968,0.988,0.929,1,0.942,1,0.985,0.989,0.981,0.986,0.276,0.995,0.672,0.946,0.983,0.95,0.924
Denmark,1969,0.988,0.929,1,0.942,1,0.989,0.989,0.981,0.986,0.272,0.995,0.672,0.946,0.983,0.95,0.924
Denmark,1970,0.988,0.929,1,0.942,1,0.989,0.989,0.981,0.986,0.255,0.995,0.939,0.965,0.983,0.969,0.965
Denmark,1971,0.988,0.929,1,0.943,1,0.989,0.989,0.981,0.986,0.254,0.995,0.99,0.965,0.983,0.969,0.986
Denmark,1972,0.988,0.928,1,0.946,1,0.989,0.989,0.981,0.986,0.237,0.995,0.99,0.965,0.983,0.969,0.986
Denmark,1973,0.988,0.928,1,0.946,1,0.991,0.989,0.981,0.986,0.22,0.995,0.99,0.966,0.983,0.969,0.986
Denmark,1974,0.988,0.929,1,0.945,1,0.991,0.989,0.981,0.986,0.202,0.995,0.99,0.966,0.983,0.969,0.986
Denmark,1975,0.988,0.928,1,0.945,1,0.991,0.989,0.981,0.986,0.185,0.995,0.99,0.963,0.983,0.969,0.986
Denmark,1976,0.988,0.928,1,0.945,1,0.991,0.989,0.981,0.986,0.185,0.995,0.99,0.963,0.983,0.969,0.986
Denmark,1977,0.988,0.929,1,0.946,1,0.991,0.989,0.981,0.986,0.175,0.995,0.99,0.963,0.983,0.969,0.986
Denmark,1978,0.988,0.929,1,0.946,1,0.991,0.989,0.981,0.986,0.185,0.995,0.99,0.963,0.983,0.969,0.986
Denmark,1979,0.988,0.929,1,0.945,1,0.991,0.989,0.981,0.986,0.185,0.995,0.99,0.963,0.983,0.969,0.986
Denmark,1980,0.988,0.931,1,0.945,1,0.991,0.989,0.981,0.986,0.185,0.995,0.99,0.963,0.983,0.969,0.986
Denmark,1981,0.988,0.93,1,0.945,1,0.991,0.989,0.981,0.986,0.185,0.995,0.99,0.963,0.983,0.969,0.986
Denmark,1982,0.988,0.928,1,0.944,1,0.991,0.989,0.981,0.986,0.185,0.995,0.99,0.963,0.983,0.969,0.986
Denmark,1983,0.988,0.928,1,0.944,1,0.991,0.989,0.981,0.986,0.175,0.995,0.99,0.963,0.983,0.969,0.986
Denmark,1984,0.988,0.93,1,0.946,1,0.991,0.989,0.981,0.986,0.165,0.995,0.99,0.963,0.983,0.969,0.986
Denmark,1985,0.988,0.93,1,0.946,1,0.991,0.989,0.981,0.986,0.155,0.995,0.99,0.963,0.983,0.969,0.986
Denmark,1986,0.988,0.93,1,0.946,1,0.991,0.989,0.981,0.986,0.3,0.995,0.99,0.963,0.983,0.969,0.986
Denmark,1987,0.988,0.93,1,0.945,1,0.991,0.989,0.981,0.986,0.29,0.995,0.99,0.963,0.983,0.969,0.986
Denmark,1988,0.988,0.929,1,0.945,1,0.991,0.989,0.981,0.986,0.28,0.995,0.99,0.963,0.983,0.969,0.986
Denmark,1989,0.988,0.929,1,0.945,1,0.991,0.989,0.981,0.986,0.27,0.995,0.99,0.963,0.983,0.969,0.986
Denmark,1990,0.988,0.929,1,0.945,1,0.991,0.989,0.981,0.986,0.26,0.995,0.99,0.963,0.982,0.969,0.986
Denmark,1991,0.988,0.929,1,0.945,1,0.991,0.989,0.981,0.986,0.239,0.995,0.99,0.963,0.982,0.969,0.986
Denmark,1992,0.988,0.929,1,0.945,1,0.991,0.989,0.981,0.986,0.303,0.995,0.99,0.963,0.982,0.969,0.986
Denmark,1993,0.988,0.929,1,0.945,1,0.991,0.989,0.981,0.986,0.324,0.995,0.99,0.963,0.982,0.969,0.986
Denmark,1994,0.988,0.929,1,0.946,1,0.991,0.989,0.981,0.986,0.324,0.995,0.99,0.963,0.982,0.969,0.983
Denmark,1995,0.988,0.931,1,0.947,1,0.991,0.989,0.981,0.986,0.324,0.995,0.99,0.963,0.982,0.969,0.983
Denmark,1996,0.988,0.931,1,0.947,1,0.991,0.989,0.981,0.986,0.324,0.995,0.99,0.963,0.982,0.969,0.983
Denmark,1997,0.988,0.931,1,0.947,1,0.991,0.989,0.981,0.986,0.307,0.995,0.99,0.963,0.982,0.969,0.983
Denmark,1998,0.988,0.93,1,0.945,1,0.991,0.989,0.981,0.986,0.33,0.995,0.99,0.963,0.982,0.969,0.983
Denmark,1999,0.988,0.93,1,0.944,1,0.991,0.989,0.981,0.986,0.32,0.995,0.99,0.963,0.982,0.969,0.983
Denmark,2000,0.988,0.93,1,0.944,1,0.991,0.989,0.981,0.986,0.309,0.995,0.99,0.963,0.982,0.969,0.983
Denmark,2001,0.988,0.93,1,0.944,1,0.991,0.989,0.981,0.986,0.299,0.995,0.99,0.963,0.982,0.969,0.983
Denmark,2002,0.988,0.929,1,0.946,1,0.991,0.989,0.981,0.986,0.289,0.995,0.99,0.963,0.982,0.969,0.983
Denmark,2003,0.988,0.929,1,0.946,1,0.991,0.989,0.981,0.986,0.268,0.995,0.99,0.963,0.982,0.969,0.983
Denmark,2004,0.988,0.929,1,0.946,1,0.991,0.989,0.981,0.986,0.248,0.995,0.99,0.963,0.982,0.969,0.983
Denmark,2005,0.988,0.931,1,0.963,1,0.991,0.989,0.981,0.986,0.227,0.995,0.99,0.963,0.982,0.969,0.983
Denmark,2006,0.988,0.932,1,0.965,1,0.991,0.989,0.981,0.986,0.207,0.995,0.99,0.967,0.982,0.969,0.983
Denmark,2007,0.988,0.932,1,0.965,1,0.991,0.989,0.981,0.986,0.187,0.995,0.989,0.967,0.982,0.969,0.983
Denmark,2008,0.988,0.931,1,0.964,1,0.991,0.989,0.981,0.986,0.166,0.995,0.974,0.967,0.982,0.969,0.983
Denmark,2009,0.988,0.931,1,0.964,1,0.991,0.989,0.981,0.986,0.216,0.995,0.974,0.961,0.982,0.969,0.983
Denmark,2010,0.988,0.931,1,0.964,1,0.991,0.989,0.981,0.986,0.206,0.995,0.974,0.955,0.982,0.969,0.983
Denmark,2011,0.987,0.931,1,0.964,1,0.991,0.989,0.981,0.986,0.196,0.995,0.974,0.969,0.982,0.969,0.983
Denmark,2012,0.989,0.93,1,0.964,1,0.991,0.989,0.981,0.986,0.185,0.995,0.974,0.969,0.982,0.971,0.983
Denmark,2013,0.989,0.93,1,0.964,1,0.989,0.989,0.981,0.986,0.185,0.973,0.974,0.965,0.978,0.971,0.983
Denmark,2014,0.989,0.93,1,0.964,1,0.989,0.989,0.981,0.986,0.185,0.973,0.974,0.968,0.978,0.971,0.983
Denmark,2015,0.989,0.931,1,0.963,1,0.99,0.989,0.981,0.987,0.185,0.973,0.971,0.967,0.978,0.971,0.983
Denmark,2016,0.986,0.932,1,0.963,1,0.99,0.989,0.981,0.987,0.185,0.973,0.971,0.967,0.978,0.971,0.983
Denmark,2017,0.986,0.932,1,0.963,1,0.99,0.985,0.981,0.987,0.185,0.973,0.971,0.97,0.978,0.951,0.983
Denmark,2018,0.986,0.932,1,0.963,1,0.989,0.985,0.981,0.987,0.185,0.973,0.971,0.965,0.978,0.97,0.983
Denmark,2019,0.983,0.931,1,0.961,1,0.987,0.985,0.981,0.987,0.175,0.973,0.971,0.968,0.978,0.97,0.983
Denmark,2020,0.985,0.931,1,0.959,1,0.969,0.987,0.981,0.987,0.165,0.973,0.973,0.974,0.978,0.97,0.983
Denmark,2021,0.985,0.931,1,0.959,1,0.975,0.985,0.981,0.971,0.155,0.973,0.973,0.968,0.978,0.97,0.983
Denmark,2022,0.985,0.931,1,0.959,1,0.987,0.987,0.981,0.971,0.185,0.973,0.988,0.97,0.978,0.97,0.983
Denmark,2023,0.985,0.931,1,0.959,1,0.987,0.988,0.967,0.971,0.185,0.973,0.988,0.964,0.978,0.97,0.983
Denmark,2024,0.985,0.931,1,0.959,1,0.987,0.984,0.969,0.971,0.185,0.973,0.988,0.965,0.978,0.97,0.983
Fiji,1950,0.639,0.533,0.22,0.416,0,0.617,0.613,0.531,0.145,0,0.415,0.12,0.282,0.514,0.126,0.25
Fiji,1951,0.639,0.533,0.22,0.416,0,0.617,0.613,0.531,0.145,0,0.415,0.12,0.282,0.514,0.126,0.25
Fiji,1952,0.639,0.533,0.22,0.416,0,0.617,0.613,0.531,0.145,0,0.415,0.12,0.282,0.514,0.126,0.25
Fiji,1953,0.645,0.525,0.22,0.407,0,0.617,0.613,0.531,0.145,0,0.415,0.12,0.521,0.514,0.126,0.25
Fiji,1954,0.645,0.525,0.22,0.407,0,0.617,0.613,0.531,0.145,0,0.415,0.12,0.544,0.514,0.126,0.25
Fiji,1955,0.645,0.525,0.22,0.407,0,0.617,0.613,0.531,0.145,0,0.415,0.12,0.544,0.514,0.126,0.25
Fiji,1956,0.645,0.529,0.22,0.402,0,0.617,0.613,0.531,0.145,0,0.415,0.12,0.544,0.514,0.126,0.25
Fiji,1957,0.645,0.529,0.25,0.402,0,0.617,0.613,0.531,0.145,0,0.415,0.12,0.544,0.514,0.126,0.25
Fiji,1958,0.645,0.529,0.25,0.402,0,0.617,0.613,0.531,0.145,0,0.415,0.12,0.544,0.514,0.126,0.25
Fiji,1959,0.645,0.529,0.25,0.401,0,0.617,0.613,0.531,0.145,0,0.415,0.12,0.544,0.514,0.126,0.25
Fiji,1960,0.669,0.529,0.25,0.401,0,0.625,0.613,0.531,0.145,0,0.415,0.12,0.544,0.514,0.126,0.25
Fiji,1961,0.695,0.529,0.25,0.401,0,0.625,0.613,0.531,0.145,0,0.415,0.12,0.544,0.514,0.126,0.25
Fiji,1962,0.695,0.529,0.25,0.401,0,0.625,0.613,0.531,0.145,0,0.415,0.12,0.544,0.514,0.126,0.25
Fiji,1963,0.695,0.531,0.9,0.577,0,0.625,0.613,0.531,0.145,0,0.415,0.12,0.544,0.514,0.126,0.25
Fiji,1964,0.695,0.532,0.9,0.649,0,0.625,0.613,0.531,0.145,0,0.415,0.12,0.544,0.514,0.126,0.25
Fiji,1965,0.695,0.532,0.9,0.649,0,0.625,0.613,0.531,0.145,0,0.415,0.12,0.544,0.514,0.218,0.366
Fiji,1966,0.716,0.566,0.9,0.669,0,0.625,0.613,0.531,0.145,0,0.415,0.12,0.544,0.514,0.218,0.366
Fiji,1967,0.716,0.634,0.9,0.709,0.85,0.625,0.613,0.531,0.145,0,0.415,0.12,0.544,0.514,0.218,0.366
Fiji,1968,0.716,0.634,0.9,0.709,0.85,0.625,0.613,0.531,0.145,0,0.415,0.12,0.544,0.514,0.218,0.366
Fiji,1969,0.716,0.634,0.9,0.709,0.85,0.625,0.613,0.531,0.145,0,0.415,0.12,0.544,0.514,0.218,0.366
Fiji,1970,0.796,0.649,0.9,0.709,0.85,0.857,0.524,0.746,0.159,0,0.415,0.12,0.783,0.668,0.218,0.385
Fiji,1971,0.796,0.665,0.9,0.709,0.85,0.857,0.524,0.746,0.471,0,0.415,0.12,0.783,0.668,0.405,0.546
Fiji,1972,0.796,0.666,0.9,0.704,1,0.857,0.524,0.746,0.471,0,0.828,0.12,0.783,0.668,0.405,0.546
Fiji,1973,0.796,0.667,1,0.702,1,0.857,0.524,0.746,0.471,0,0.828,0.12,0.783,0.668,0.405,0.546
Fiji,1974,0.796,0.667,1,0.702,1,0.857,0.524,0.746,0.471,0,0.828,0.12,0.783,0.668,0.405,0.546
Fiji,1975,0.796,0.667,1,0.702,1,0.857,0.524,0.746,0.471,0,0.828,0.12,0.783,0.668,0.405,0.546
Fiji,1976,0.796,0.667,1,0.702,1,0.857,0.524,0.746,0.471,0,0.828,0.12,0.783,0.668,0.405,0.546
Fiji,1977,0.796,0.668,1,0.704,1,0.857,0.524,0.746,0.471,0,0.828,0.12,0.783,0.668,0.405,0.546
Fiji,1978,0.796,0.669,1,0.705,1,0.857,0.524,0.746,0.471,0,0.828,0.12,0.783,0.668,0.405,0.546
Fiji,1979,0.796,0.669,1,0.705,1,0.857,0.524,0.746,0.471,0,0.828,0.12,0.783,0.668,0.405,0.546
Fiji,1980,0.796,0.669,1,0.705,1,0.857,0.524,0.746,0.471,0,0.828,0.12,0.783,0.668,0.405,0.546
Fiji,1981,0.796,0.669,1,0.705,1,0.857,0.524,0.746,0.471,0,0.828,0.12,0.783,0.668,0.405,0.546
Fiji,1982,0.796,0.668,1,0.704,1,0.857,0.524,0.746,0.471,0,0.828,0.12,0.783,0.668,0.405,0.546
Fiji,1983,0.796,0.667,1,0.703,1,0.857,0.524,0.746,0.471,0,0.828,0.12,0.783,0.668,0.405,0.546
Fiji,1984,0.796,0.667,1,0.703,1,0.857,0.524,0.746,0.471,0,0.828,0.12,0.783,0.668,0.405,0.546
Fiji,1985,0.796,0.667,1,0.703,1,0.857,0.524,0.746,0.471,0,0.828,0.12,0.783,0.668,0.405,0.546
Fiji,1986,0.796,0.667,1,0.703,1,0.857,0.524,0.746,0.471,0,0.828,0.12,0.783,0.668,0.405,0.546
Fiji,1987,0.626,0.665,1,0.256,0,0.674,0.445,0.088,0.471,0,0.828,0.12,0.189,0.668,0.405,0.546
Fiji,1988,0.597,0.664,1,0,0,0.725,0.522,0.655,0.533,0,0.828,0.12,0.189,0.653,0.438,0.546
Fiji,1989,0.597,0.664,1,0,0,0.725,0.522,0.655,0.533,0,0.828,0.12,0.189,0.653,0.438,0.546
Fiji,1990,0.626,0.664,1,0,0,0.748,0.508,0.655,0.533,0,0.828,0.12,0.189,0.653,0.438,0.546
Fiji,1991,0.649,0.664,1,0,0,0.753,0.508,0.655,0.533,0,0.828,0.12,0.189,0.653,0.438,0.546
Fiji,1992,0.649,0.664,1,0.458,1,0.753,0.508,0.655,0.533,0,0.828,0.12,0.189,0.653,0.438,0.546
Fiji,1993,0.674,0.663,1,0.751,1,0.794,0.508,0.771,0.533,0,0.828,0.12,0.778,0.653,0.511,0.546
Fiji,1994,0.674,0.665,1,0.717,1,0.794,0.508,0.771,0.533,0,0.828,0.12,0.801,0.653,0.511,0.546
Fiji,1995,0.674,0.665,1,0.712,1,0.804,0.508,0.771,0.533,0,0.828,0.12,0.801,0.653,0.511,0.546
Fiji,1996,0.674,0.665,1,0.712,1,0.808,0.508,0.771,0.533,0,0.828,0.12,0.736,0.653,0.511,0.546
Fiji,1997,0.737,0.665,1,0.712,1,0.866,0.508,0.771,0.533,0,0.828,0.12,0.736,0.695,0.511,0.546
Fiji,1998,0.737,0.665,1,0.712,1,0.866,0.508,0.771,0.533,0,0.828,0.12,0.736,0.695,0.511,0.546
Fiji,1999,0.737,0.668,1,0.702,1,0.866,0.508,0.771,0.533,0,0.828,0.12,0.736,0.695,0.511,0.546
Fiji,2000,0.646,0.669,1,0.286,0,0.719,0.505,0.227,0.533,0,0.828,0.12,0.414,0.686,0.511,0.546
Fiji,2001,0.646,0.668,1,0.25,0,0.754,0.59,0.677,0.533,0,0.828,0.12,0.414,0.686,0.511,0.546
Fiji,2002,0.684,0.667,1,0.708,1,0.788,0.59,0.566,0.533,0,0.828,0.12,0.592,0.686,0.511,0.546
Fiji,2003,0.684,0.667,1,0.708,1,0.788,0.59,0.566,0.533,0,0.828,0.12,0.592,0.686,0.511,0.546
Fiji,2004,0.684,0.667,1,0.708,1,0.788,0.59,0.566,0.533,0,0.828,0.12,0.592,0.686,0.511,0.546
Fiji,2005,0.684,0.667,1,0.708,1,0.788,0.59,0.566,0.533,0,0.828,0.12,0.592,0.686,0.511,0.546
Fiji,2006,0.569,0.567,1,0.486,0,0.65,0.524,0.566,0.477,0,0.829,0.1,0.462,0.644,0.472,0.555
Fiji,2007,0.223,0.365,1,0,0,0.612,0.453,0.503,0.422,0,0.415,0.1,0.227,0.66,0.287,0.551
Fiji,2008,0.238,0.333,1,0,0,0.606,0.453,0.503,0.422,0,0.415,0.1,0.241,0.649,0.287,0.551
Fiji,2009,0.224,0.309,1,0,0,0.605,0.377,0.503,0.394,0,0.415,0.1,0.192,0.649,0.264,0.551
Fiji,2010,0.226,0.336,1,0,0,0.648,0.411,0.057,0.394,0,0.415,0.1,0.362,0.647,0.3,0.569
Fiji,2011,0.226,0.336,1,0,0,0.648,0.411,0.057,0.394,0,0.415,0.1,0.381,0.647,0.3,0.569
Fiji,2012,0.236,0.349,1,0,0,0.654,0.411,0.057,0.406,0,0.415,0.1,0.469,0.65,0.3,0.569
Fiji,2013,0.255,0.376,1,0,0,0.677,0.459,0.42,0.42,0.007,0.415,0.1,0.514,0.655,0.408,0.576
Fiji,2014,0.369,0.557,1,0.141,1,0.71,0.495,0.41,0.515,0.007,0.466,0.1,0.617,0.654,0.63,0.617
Fiji,2015,0.449,0.651,1,0.474,1,0.749,0.513,0.527,0.673,0.007,0.466,0.1,0.618,0.725,0.601,0.639
Fiji,2016,0.46,0.679,1,0.481,1,0.746,0.537,0.516,0.669,0.007,0.466,0.1,0.631,0.73,0.618,0.656
Fiji,2017,0.467,0.684,1,0.487,1,0.777,0.52,0.561,0.705,0.007,0.466,0.1,0.634,0.724,0.577,0.656
Fiji,2018,0.501,0.66,1,0.473,1,0.74,0.534,0.561,0.662,0.007,0.466,0.1,0.634,0.737,0.629,0.655
Fiji,2019,0.503,0.675,1,0.422,1,0.729,0.522,0.487,0.58,0.007,0.466,0.1,0.612,0.684,0.661,0.619
Fiji,2020,0.498,0.679,1,0.479,1,0.711,0.552,0.465,0.636,0.007,0.466,0.1,0.609,0.665,0.666,0.668
Fiji,2021,0.488,0.677,1,0.468,1,0.722,0.476,0.544,0.714,0.007,0.466,0.1,0.647,0.686,0.569,0.578
Fiji,2022,0.513,0.627,1,0.471,1,0.714,0.466,0.522,0.806,0.007,0.466,0.091,0.646,0.689,0.531,0.558
Fiji,2023,0.729,0.716,1,0.542,1,0.794,0.832,0.747,0.85,0.007,0.466,0.091,0.785,0.737,0.64,0.58
Fiji,2024,0.749,0.716,1,0.542,1,0.803,0.822,0.719,0.85,0.007,0.466,0.091,0.789,0.755,0.72,0.689
Finland,1950,0.904,0.854,1,0.941,1,0.982,0.955,0.963,0.911,0.015,0.977,0.492,0.843,0.884,0.902,0.779
Finland,1951,0.904,0.854,1,0.94,1,0.982,0.955,0.963,0.911,0.015,0.977,0.492,0.843,0.884,0.902,0.768
Finland,1952,0.904,0.854,1,0.939,1,0.982,0.955,0.963,0.911,0.015,0.977,0.492,0.843,0.884,0.902,0.759
Finland,1953,0.907,0.854,1,0.939,1,0.982,0.955,0.963,0.911,0.015,0.977,0.492,0.843,0.884,0.902,0.759
Finland,1954,0.913,0.854,1,0.939,1,0.982,0.955,0.963,0.911,0.015,0.977,0.492,0.843,0.884,0.902,0.762
Finland,1955,0.913,0.854,1,0.939,1,0.982,0.955,0.963,0.911,0.015,0.977,0.492,0.843,0.884,0.902,0.762
Finland,1956,0.913,0.859,1,0.922,1,0.982,0.955,0.963,0.911,0.015,0.977,0.492,0.791,0.902,0.902,0.762
Finland,1957,0.913,0.859,1,0.922,1,0.982,0.955,0.963,0.911,0.015,0.939,0.492,0.791,0.902,0.902,0.762
Finland,1958,0.913,0.856,1,0.929,1,0.982,0.955,0.963,0.911,0.015,0.939,0.492,0.791,0.902,0.902,0.762
Finland,1959,0.913,0.854,1,0.938,1,0.982,0.955,0.963,0.911,0.015,0.939,0.492,0.791,0.902,0.902,0.762
Finland,1960,0.913,0.854,1,0.938,1,0.988,0.955,0.963,0.911,0.015,0.939,0.492,0.834,0.902,0.853,0.762
Finland,1961,0.913,0.854,1,0.938,1,0.988,0.955,0.963,0.911,0.015,0.939,0.492,0.811,0.902,0.853,0.772
Finland,1962,0.913,0.83,1,0.948,1,0.988,0.955,0.963,0.911,0.015,0.939,0.492,0.767,0.902,0.853,0.772
Finland,1963,0.913,0.83,1,0.948,1,0.988,0.955,0.963,0.911,0.015,0.939,0.492,0.767,0.902,0.853,0.772
Finland,1964,0.913,0.83,1,0.948,1,0.988,0.955,0.963,0.911,0.015,0.939,0.492,0.767,0.902,0.853,0.772
Finland,1965,0.92,0.83,1,0.948,1,0.988,0.955,0.963,0.911,0.015,0.939,0.492,0.784,0.902,0.853,0.83
Finland,1966,0.92,0.831,1,0.942,1,0.988,0.955,0.963,0.911,0.015,0.939,0.492,0.784,0.902,0.901,0.84
Finland,1967,0.92,0.839,1,0.94,1,0.988,0.955,0.963,0.95,0.015,0.939,0.492,0.784,0.953,0.901,0.842
Finland,1968,0.92,0.843,1,0.948,1,0.988,0.955,0.963,0.969,0.015,0.939,0.492,0.795,0.953,0.901,0.842
Finland,1969,0.92,0.826,1,0.949,1,0.988,0.955,0.963,0.969,0.015,0.939,0.492,0.795,0.953,0.942,0.842
Finland,1970,0.92,0.826,1,0.949,1,0.988,0.955,0.963,0.968,0.015,0.939,0.492,0.795,0.953,0.947,0.926
Finland,1971,0.92,0.826,1,0.949,1,0.988,0.955,0.963,0.966,0.015,0.939,0.492,0.795,0.953,0.947,0.926
Finland,1972,0.92,0.83,1,0.947,1,0.988,0.955,0.963,0.966,0.015,0.939,0.492,0.795,0.953,0.947,0.938
Finland,1973,0.92,0.83,1,0.947,1,0.988,0.944,0.963,0.966,0.015,0.939,0.492,0.795,0.953,0.947,0.945
Finland,1974,0.92,0.83,1,0.947,1,0.988,0.954,0.963,0.966,0.015,0.939,0.492,0.795,0.953,0.947,0.945
Finland,1975,0.92,0.829,1,0.948,1,0.988,0.954,0.963,0.966,0.015,0.939,0.492,0.795,0.953,0.947,0.945
Finland,1976,0.925,0.826,1,0.948,1,0.988,0.954,0.963,0.966,0.015,0.939,0.492,0.795,0.953,0.947,0.965
Finland,1977,0.925,0.826,1,0.948,1,0.988,0.954,0.963,0.966,0.015,0.939,0.492,0.795,0.953,0.947,0.965
Finland,1978,0.925,0.826,1,0.949,1,0.988,0.954,0.963,0.966,0.015,0.939,0.492,0.83,0.953,0.947,0.965
Finland,1979,0.925,0.826,1,0.946,1,0.988,0.954,0.963,0.966,0.015,0.939,0.492,0.83,0.953,0.947,0.965
Finland,1980,0.926,0.826,1,0.946,1,0.988,0.954,0.963,0.966,0.015,0.939,0.492,0.848,0.965,0.953,0.965
Finland,1981,0.936,0.826,1,0.946,1,0.988,0.956,0.963,0.966,0.015,0.939,0.492,0.848,0.965,0.953,0.966
Finland,1982,0.938,0.858,1,0.949,1,0.988,0.945,0.963,0.966,0.015,0.939,0.492,0.942,0.965,0.953,0.966
Finland,1983,0.944,0.858,1,0.948,1,0.988,0.957,0.963,0.966,0.015,0.939,0.492,0.967,0.965,0.953,0.966
Finland,1984,0.944,0.858,1,0.948,1,0.988,0.957,0.963,0.966,0.015,0.939,0.492,0.967,0.965,0.953,0.966
Finland,1985,0.944,0.858,1,0.948,1,0.988,0.957,0.963,0.966,0.015,0.939,0.492,0.967,0.965,0.953,0.966
Finland,1986,0.944,0.858,1,0.948,1,0.988,0.971,0.963,0.966,0.015,0.939,0.492,0.967,0.965,0.953,0.966
Finland,1987,0.95,0.859,1,0.946,1,0.988,0.971,0.963,0.966,0.015,0.939,0.492,0.967,0.965,0.912,0.957
Finland,1988,0.95,0.859,1,0.946,1,0.988,0.971,0.963,0.966,0.015,0.939,0.492,0.967,0.965,0.912,0.957
Finland,1989,0.95,0.859,1,0.946,1,0.988,0.971,0.963,0.966,0.015,0.939,0.492,0.967,0.965,0.912,0.957
Finland,1990,0.971,0.859,1,0.946,1,0.988,0.971,0.97,0.966,0.015,0.939,0.492,0.974,0.965,0.912,0.957
Finland,1991,0.979,0.859,1,0.948,1,0.988,0.971,0.97,0.967,0.015,0.939,0.492,0.974,0.965,0.912,0.957
Finland,1992,0.979,0.859,1,0.948,1,0.988,0.971,0.97,0.967,0.015,0.939,0.492,0.968,0.965,0.912,0.957
Finland,1993,0.979,0.872,1,0.948,1,0.988,0.971,0.97,0.967,0.015,0.939,0.492,0.931,0.965,0.912,0.957
Finland,1994,0.979,0.871,1,0.949,1,0.988,0.971,0.97,0.967,0.15,0.939,0.492,0.931,0.965,0.912,0.957
Finland,1995,0.979,0.87,1,0.95,1,0.988,0.971,0.97,0.967,0.15,0.939,0.492,0.95,0.965,0.921,0.958
Finland,1996,0.979,0.87,1,0.95,1,0.988,0.971,0.97,0.967,0.15,0.939,0.492,0.956,0.965,0.926,0.958
Finland,1997,0.979,0.87,1,0.95,1,0.988,0.971,0.97,0.967,0.15,0.939,0.492,0.956,0.965,0.926,0.958
Finland,1998,0.979,0.87,1,0.95,1,0.988,0.971,0.97,0.967,0.15,0.939,0.492,0.956,0.965,0.926,0.958
Finland,1999,0.979,0.872,1,0.948,1,0.988,0.971,0.97,0.967,0.141,0.939,0.492,0.956,0.965,0.926,0.958
Finland,2000,0.979,0.872,1,0.947,1,0.988,0.971,0.97,0.967,0.132,0.939,0.492,0.956,0.965,0.929,0.958
Finland,2001,0.979,0.872,1,0.947,1,0.988,0.971,0.97,0.967,0.123,0.939,0.492,0.956,0.965,0.929,0.958
Finland,2002,0.979,0.872,1,0.947,1,0.988,0.971,0.97,0.967,0.114,0.939,0.492,0.956,0.965,0.929,0.958
Finland,2003,0.979,0.874,1,0.947,1,0.988,0.971,0.97,0.967,0.105,0.939,0.492,0.956,0.965,0.929,0.958
Finland,2004,0.979,0.874,1,0.947,1,0.988,0.971,0.97,0.967,0.096,0.939,0.492,0.956,0.965,0.929,0.958
Finland,2005,0.979,0.874,1,0.947,1,0.988,0.971,0.97,0.967,0.087,0.939,0.492,0.956,0.965,0.929,0.958
Finland,2006,0.979,0.871,1,0.961,1,0.988,0.971,0.97,0.967,0.078,0.939,0.492,0.956,0.965,0.929,0.958
Finland,2007,0.979,0.873,1,0.962,1,0.988,0.971,0.97,0.967,0.069,0.939,0.492,0.956,0.965,0.929,0.958
Finland,2008,0.979,0.874,1,0.963,1,0.988,0.971,0.97,0.967,0.06,0.939,0.492,0.956,0.965,0.929,0.958
Finland,2009,0.979,0.874,1,0.963,1,0.988,0.971,0.97,0.967,0.051,0.939,0.492,0.956,0.965,0.929,0.958
Finland,2010,0.979,0.874,1,0.963,1,0.988,0.971,0.97,0.968,0.042,0.939,0.492,0.956,0.969,0.929,0.958
Finland,2011,0.979,0.873,1,0.964,1,0.988,0.971,0.965,0.968,0.033,0.939,0.492,0.92,0.969,0.929,0.958
Finland,2012,0.979,0.873,1,0.965,1,0.988,0.971,0.965,0.968,0.024,0.939,0.492,0.92,0.969,0.929,0.958
Finland,2013,0.979,0.882,1,0.968,1,0.987,0.981,0.978,0.966,0.015,0.939,0.48,0.933,0.972,0.929,0.938
Finland,2014,0.979,0.882,1,0.968,1,0.987,0.981,0.978,0.966,0.015,0.939,0.48,0.933,0.972,0.929,0.938
Finland,2015,0.963,0.867,1,0.966,1,0.988,0.978,0.956,0.966,0.015,0.939,0.435,0.933,0.969,0.944,0.948
Finland,2016,0.963,0.867,1,0.965,1,0.988,0.978,0.956,0.966,0.015,0.939,0.474,0.933,0.972,0.944,0.948
Finland,2017,0.969,0.867,1,0.965,1,0.987,0.978,0.976,0.948,0.015,0.968,0.474,0.933,0.972,0.923,0.934
Finland,2018,0.976,0.868,1,0.97,1,0.988,0.983,0.976,0.957,0.015,0.968,0.474,0.933,0.972,0.932,0.898
Finland,2019,0.975,0.867,1,0.969,1,0.986,0.978,0.969,0.971,0.015,0.968,0.474,0.933,0.971,0.945,0.882
Finland,2020,0.977,0.866,1,0.966,1,0.984,0.981,0.975,0.971,0.015,0.968,0.482,0.933,0.974,0.928,0.882
Finland,2021,0.969,0.864,1,0.966,1,0.982,0.981,0.979,0.971,0.015,0.968,0.482,0.94,0.971,0.889,0.887
Finland,2022,0.967,0.866,1,0.966,1,0.98,0.976,0.97,0.971,0.015,0.968,0.813,0.94,0.971,0.954,0.818
Finland,2023,0.964,0.865,1,0.957,1,0.98,0.983,0.966,0.932,0.015,0.968,0.813,0.94,0.971,0.945,0.818
Finland,2024,0.952,0.847,1,0.959,1,0.977,0.976,0.966,0.966,0.015,0.968,0.813,0.922,0.96,0.917,0.765
Greece,1950,0.544,0.448,0.5,0.499,1,0.491,0.539,0.801,0.311,0,0.913,0.291,0.626,0.633,0.678,0.492
Greece,1951,0.555,0.446,0.5,0.499,1,0.542,0.539,0.801,0.311,0,0.913,0.291,0.637,0.62,0.678,0.492
Greece,1952,0.585,0.443,0.5,0.498,1,0.582,0.58,0.801,0.311,0,0.913,0.291,0.637,0.576,0.694,0.492
Greece,1953,0.6,0.446,1,0.514,1,0.585,0.492,0.801,0.331,0,0.913,0.291,0.637,0.576,0.744,0.492
Greece,1954,0.607,0.446,1,0.514,1,0.585,0.639,0.801,0.34,0,0.913,0.291,0.637,0.576,0.744,0.492
Greece,1955,0.611,0.446,1,0.514,1,0.585,0.673,0.837,0.34,0,0.913,0.291,0.676,0.576,0.743,0.492
Greece,1956,0.611,0.444,1,0.513,1,0.58,0.702,0.837,0.34,0,0.913,0.291,0.676,0.576,0.743,0.52
Greece,1957,0.611,0.444,1,0.512,1,0.595,0.702,0.837,0.34,0,0.913,0.291,0.676,0.576,0.743,0.52
Greece,1958,0.611,0.448,1,0.507,1,0.595,0.702,0.837,0.34,0,0.913,0.291,0.676,0.576,0.743,0.52
Greece,1959,0.611,0.45,1,0.504,1,0.595,0.702,0.837,0.34,0,0.913,0.291,0.676,0.576,0.743,0.52
Greece,1960,0.611,0.45,1,0.504,1,0.595,0.702,0.837,0.34,0,0.913,0.291,0.676,0.576,0.743,0.52
Greece,1961,0.611,0.449,1,0.497,1,0.598,0.702,0.837,0.34,0,0.913,0.291,0.676,0.576,0.743,0.587
Greece,1962,0.611,0.445,1,0.465,1,0.604,0.702,0.837,0.34,0,0.913,0.291,0.676,0.576,0.743,0.587
Greece,1963,0.611,0.445,1,0.476,1,0.606,0.702,0.837,0.34,0,0.913,0.291,0.684,0.576,0.743,0.587
Greece,1964,0.621,0.445,1,0.53,1,0.613,0.702,0.837,0.34,0,0.913,0.264,0.684,0.596,0.743,0.594
Greece,1965,0.621,0.445,1,0.53,1,0.613,0.702,0.812,0.34,0,0.913,0.264,0.684,0.596,0.743,0.594
Greece,1966,0.441,0.39,1,0.53,1,0.591,0.693,0.812,0.218,0,0.913,0.264,0.49,0.57,0.715,0.562
Greece,1967,0.054,0.053,1,0.155,0,0.236,0.48,0.786,0.091,0,0,0.264,0.104,0.58,0.735,0.564
Greece,1968,0.05,0.037,1,0,0,0.223,0.48,0.824,0.091,0.1,0,0.264,0.088,0.58,0.735,0.564
Greece,1969,0.05,0.037,1,0,0,0.223,0.48,0.824,0.091,0,0,0.264,0.088,0.58,0.735,0.564
Greece,1970,0.05,0.037,1,0,0,0.223,0.48,0.824,0.091,0,0,0.264,0.088,0.58,0.735,0.564
Greece,1971,0.05,0.037,1,0,0,0.223,0.48,0.824,0.091,0,0,0.264,0.088,0.58,0.735,0.564
Greece,1972,0.05,0.037,1,0,0,0.223,0.48,0.824,0.091,0,0,0.264,0.088,0.58,0.735,0.564
Greece,1973,0.05,0.037,1,0,0,0.223,0.48,0.824,0.091,0.1,0,0.264,0.088,0.58,0.735,0.564
Greece,1974,0.189,0.278,1,0.109,1,0.301,0.48,0.818,0.135,0.1,0,0.264,0.097,0.58,0.763,0.609
Greece,1975,0.802,0.858,1,0.916,1,0.885,0.661,0.878,0.473,0.2,0.911,0.264,0.789,0.735,0.869,0.807
Greece,1976,0.911,0.874,1,0.916,1,0.93,0.795,0.878,0.676,0.2,0.911,0.264,0.789,0.805,0.869,0.807
Greece,1977,0.937,0.874,1,0.916,1,0.941,0.863,0.878,0.676,0.2,0.911,0.406,0.789,0.805,0.869,0.807
Greece,1978,0.937,0.873,1,0.916,1,0.941,0.863,0.878,0.676,0.2,0.911,0.406,0.789,0.805,0.869,0.807
Greece,1979,0.937,0.873,1,0.916,1,0.941,0.863,0.878,0.676,0.188,0.911,0.406,0.789,0.805,0.869,0.807
Greece,1980,0.937,0.873,1,0.916,1,0.941,0.863,0.878,0.676,0.176,0.911,0.406,0.789,0.805,0.869,0.825
Greece,1981,0.947,0.873,1,0.918,1,0.941,0.863,0.878,0.676,0.164,0.911,0.406,0.767,0.896,0.869,0.855
Greece,1982,0.956,0.887,1,0.922,1,0.953,0.863,0.878,0.676,0.152,0.911,0.406,0.797,0.896,0.887,0.869
Greece,1983,0.956,0.887,1,0.922,1,0.953,0.863,0.878,0.724,0.14,0.911,0.406,0.797,0.896,0.887,0.932
Greece,1984,0.956,0.901,1,0.922,1,0.953,0.863,0.883,0.724,0.128,0.911,0.406,0.797,0.896,0.887,0.932
Greece,1985,0.956,0.901,1,0.923,1,0.952,0.863,0.883,0.724,0.116,0.911,0.406,0.797,0.896,0.887,0.932
Greece,1986,0.956,0.902,1,0.924,1,0.952,0.863,0.883,0.724,0.104,0.911,0.406,0.797,0.896,0.887,0.932
Greece,1987,0.959,0.902,1,0.924,1,0.952,0.863,0.883,0.724,0.092,0.911,0.406,0.829,0.896,0.887,0.932
Greece,1988,0.959,0.902,1,0.924,1,0.952,0.863,0.883,0.819,0.08,0.911,0.406,0.829,0.896,0.887,0.932
Greece,1989,0.965,0.9,1,0.931,1,0.952,0.863,0.883,0.819,0.068,0.911,0.406,0.84,0.896,0.904,0.952
Greece,1990,0.96,0.919,1,0.936,1,0.952,0.863,0.883,0.871,0.056,0.911,0.406,0.837,0.896,0.904,0.953
Greece,1991,0.96,0.919,1,0.936,1,0.952,0.863,0.883,0.871,0.044,0.911,0.406,0.837,0.896,0.904,0.952
Greece,1992,0.96,0.919,1,0.936,1,0.961,0.863,0.883,0.871,0.032,0.911,0.406,0.837,0.896,0.904,0.952
Greece,1993,0.96,0.92,1,0.938,1,0.964,0.863,0.883,0.871,0.02,0.911,0.406,0.837,0.896,0.904,0.952
Greece,1994,0.96,0.921,1,0.942,1,0.964,0.863,0.883,0.871,0.02,0.911,0.889,0.837,0.896,0.904,0.951
Greece,1995,0.96,0.921,1,0.942,1,0.966,0.863,0.883,0.871,0.02,0.911,0.889,0.837,0.896,0.904,0.951
Greece,1996,0.96,0.921,1,0.942,1,0.966,0.863,0.903,0.871,0.02,0.911,0.889,0.849,0.896,0.904,0.951
Greece,1997,0.96,0.922,1,0.94,1,0.966,0.863,0.903,0.871,0.02,0.911,0.889,0.849,0.896,0.913,0.951
Greece,1998,0.96,0.922,1,0.94,1,0.966,0.863,0.903,0.871,0.02,0.911,0.889,0.849,0.896,0.913,0.951
Greece,1999,0.96,0.922,1,0.94,1,0.966,0.863,0.903,0.871,0.02,0.911,0.889,0.849,0.896,0.913,0.951
Greece,2000,0.96,0.92,1,0.939,1,0.967,0.863,0.903,0.871,0.02,0.911,0.889,0.876,0.896,0.913,0.956
Greece,2001,0.96,0.92,1,0.951,1,0.967,0.863,0.903,0.871,0.02,0.911,0.889,0.876,0.896,0.912,0.956
Greece,2002,0.96,0.92,1,0.951,1,0.967,0.863,0.903,0.871,0.02,0.911,0.889,0.876,0.896,0.912,0.956
Greece,2003,0.96,0.92,1,0.951,1,0.967,0.863,0.903,0.871,0.02,0.911,0.889,0.876,0.896,0.912,0.956
Greece,2004,0.96,0.92,1,0.95,1,0.967,0.863,0.903,0.871,0.02,0.911,0.889,0.836,0.896,0.912,0.956
Greece,2005,0.96,0.92,1,0.949,1,0.967,0.863,0.903,0.871,0.02,0.911,0.889,0.836,0.896,0.912,0.956
Greece,2006,0.96,0.92,1,0.949,1,0.967,0.863,0.893,0.871,0.02,0.911,0.889,0.836,0.896,0.912,0.956
Greece,2007,0.964,0.922,1,0.952,1,0.967,0.863,0.877,0.871,0.02,0.911,0.889,0.836,0.896,0.912,0.956
Greece,2008,0.965,0.925,1,0.959,1,0.967,0.863,0.877,0.871,0.02,0.911,0.889,0.836,0.896,0.912,0.956
Greece,2009,0.962,0.926,1,0.961,1,0.969,0.863,0.877,0.871,0.02,0.911,0.889,0.865,0.896,0.912,0.955
Greece,2010,0.964,0.927,1,0.964,1,0.966,0.843,0.889,0.89,0.02,0.911,0.889,0.92,0.893,0.919,0.924
Greece,2011,0.964,0.927,1,0.964,1,0.966,0.846,0.904,0.89,0.02,0.923,0.917,0.927,0.893,0.908,0.924
Greece,2012,0.959,0.924,1,0.961,1,0.964,0.847,0.892,0.89,0.02,0.923,0.917,0.927,0.893,0.908,0.924
Greece,2013,0.943,0.928,1,0.955,1,0.953,0.866,0.894,0.89,0.02,0.93,0.917,0.916,0.893,0.856,0.926
Greece,2014,0.941,0.928,1,0.955,1,0.96,0.877,0.894,0.89,0.02,0.93,0.917,0.921,0.893,0.856,0.926
Greece,2015,0.927,0.926,1,0.956,1,0.959,0.84,0.891,0.89,0.2,0.93,0.917,0.869,0.893,0.907,0.904
Greece,2016,0.92,0.922,1,0.956,1,0.958,0.842,0.891,0.89,0.2,0.93,0.917,0.852,0.893,0.907,0.907
Greece,2017,0.915,0.922,1,0.96,1,0.957,0.842,0.891,0.89,0.2,0.93,0.917,0.848,0.919,0.919,0.903
Greece,2018,0.904,0.922,1,0.96,1,0.948,0.868,0.891,0.89,0.2,0.93,0.917,0.856,0.832,0.909,0.903
Greece,2019,0.91,0.921,1,0.96,1,0.949,0.86,0.86,0.89,0.2,0.93,0.917,0.92,0.746,0.904,0.921
Greece,2020,0.818,0.878,1,0.956,1,0.949,0.847,0.769,0.867,0.188,0.93,0.917,0.873,0.742,0.931,0.937
Greece,2021,0.804,0.841,1,0.95,1,0.946,0.847,0.718,0.84,0.176,0.93,0.917,0.873,0.744,0.931,0.937
Greece,2022,0.804,0.844,1,0.95,1,0.942,0.788,0.631,0.84,0.164,0.93,0.917,0.877,0.736,0.931,0.932
Greece,2023,0.801,0.805,1,0.947,1,0.929,0.802,0.578,0.839,0.152,0.93,0.917,0.872,0.738,0.931,0.929
Greece,2024,0.82,0.808,1,0.946,1,0.903,0.789,0.545,0.834,0.14,0.93,0.917,0.83,0.826,0.925,0.92
Guyana,1950,0.571,0.48,0.4,0.673,0,0.722,0.688,0.185,0.341,0,0.894,0.483,0.596,0.025,0.074,0.128
Guyana,1951,0.576,0.48,0.4,0.673,0,0.722,0.688,0.185,0.352,0,0.894,0.483,0.658,0.025,0.074,0.142
Guyana,1952,0.576,0.48,1,0.673,0,0.722,0.688,0.185,0.352,0,0.894,0.483,0.658,0.025,0.074,0.159
Guyana,1953,0.628,0.488,1,0.509,0,0.729,0.688,0.151,0.342,0,0.894,0.483,0.687,0.025,0.212,0.168
Guyana,1954,0.583,0.517,1,0,0,0.731,0.688,0.161,0.311,0,0.894,0.483,0.632,0.126,0.462,0.287
Guyana,1955,0.583,0.526,1,0,0,0.731,0.688,0.161,0.311,0,0.894,0.483,0.632,0.126,0.462,0.287
Guyana,1956,0.583,0.526,1,0,0,0.731,0.688,0.161,0.311,0,0.894,0.483,0.423,0.126,0.462,0.285
Guyana,1957,0.583,0.568,1,0.215,0,0.731,0.688,0.193,0.311,0,0.894,0.483,0.478,0.126,0.462,0.285
Guyana,1958,0.664,0.694,1,0.552,0,0.731,0.688,0.243,0.454,0,0.894,0.483,0.478,0.126,0.554,0.285
Guyana,1959,0.664,0.694,1,0.552,0,0.731,0.688,0.243,0.454,0,0.686,0.483,0.478,0.126,0.554,0.285
Guyana,1960,0.647,0.696,1,0.552,0,0.731,0.688,0.225,0.454,0,0.686,0.483,0.478,0.174,0.554,0.313
Guyana,1961,0.647,0.69,1,0.529,0,0.731,0.688,0.225,0.454,0,0.686,0.483,0.478,0.174,0.554,0.313
Guyana,1962,0.668,0.667,1,0.489,0,0.714,0.688,0.225,0.454,0,0.686,0.483,0.478,0.174,0.554,0.313
Guyana,1963,0.668,0.667,1,0.489,0,0.714,0.688,0.225,0.454,0,0.686,0.483,0.478,0.174,0.554,0.313
Guyana,1964,0.668,0.667,1,0.484,0,0.714,0.708,0.225,0.454,0,0.686,0.483,0.478,0.174,0.554,0.313
Guyana,1965,0.659,0.667,1,0.377,0,0.714,0.708,0.225,0.431,0,0.686,0.483,0.358,0.174,0.554,0.325
Guyana,1966,0.649,0.71,1,0.364,1,0.696,0.668,0.146,0.552,0,0.686,0.483,0.344,0.174,0.544,0.575
Guyana,1967,0.633,0.731,1,0.364,1,0.75,0.661,0.135,0.552,0,0.686,0.483,0.322,0.685,0.492,0.576
Guyana,1968,0.633,0.715,1,0.337,1,0.75,0.661,0.135,0.518,0,0.686,0.483,0.322,0.685,0.492,0.617
Guyana,1969,0.633,0.676,1,0.159,1,0.75,0.661,0.135,0.515,0,0.686,0.483,0.322,0.685,0.492,0.617
Guyana,1970,0.534,0.666,1,0.159,1,0.735,0.709,0.098,0.443,0.013,0.785,0.944,0.322,0.7,0.561,0.631
Guyana,1971,0.534,0.663,1,0.159,1,0.735,0.709,0.098,0.443,0.013,0.785,0.944,0.322,0.7,0.561,0.631
Guyana,1972,0.499,0.663,1,0.159,1,0.735,0.709,0.098,0.443,0.013,0.785,0.944,0.322,0.7,0.561,0.631
Guyana,1973,0.499,0.651,1,0.129,1,0.735,0.709,0.098,0.443,0.013,0.785,0.944,0.322,0.7,0.561,0.631
Guyana,1974,0.499,0.652,1,0.095,1,0.718,0.709,0.098,0.443,0.013,0.785,0.944,0.322,0.7,0.561,0.631
Guyana,1975,0.499,0.652,1,0.095,1,0.718,0.709,0.098,0.443,0.013,0.785,0.944,0.306,0.7,0.561,0.631
Guyana,1976,0.475,0.652,1,0.095,1,0.718,0.709,0.098,0.443,0.013,0.785,0.944,0.306,0.7,0.561,0.631
Guyana,1977,0.444,0.652,1,0.095,1,0.724,0.709,0.098,0.443,0.013,0.785,0.944,0.306,0.7,0.561,0.631
Guyana,1978,0.444,0.629,1,0.095,1,0.724,0.709,0.098,0.443,0.131,0.785,0.871,0.306,0.7,0.561,0.631
Guyana,1979,0.444,0.629,1,0.095,1,0.724,0.709,0.098,0.443,0.131,0.785,0.871,0.306,0.7,0.561,0.631
Guyana,1980,0.411,0.601,1,0.095,0.91,0.649,0.678,0.098,0.458,0.131,0.768,0.923,0.306,0.7,0.561,0.636
Guyana,1981,0.3,0.562,1,0.098,0.91,0.667,0.678,0.098,0.207,0.131,0.768,0.923,0.306,0.7,0.612,0.63
Guyana,1982,0.3,0.562,1,0.098,0.91,0.667,0.678,0.098,0.207,0.131,0.768,0.923,0.319,0.7,0.612,0.63
Guyana,1983,0.3,0.562,1,0.098,0.91,0.667,0.678,0.098,0.207,0.123,0.768,0.923,0.319,0.7,0.612,0.63
Guyana,1984,0.314,0.562,1,0.098,0.91,0.681,0.678,0.098,0.207,0.116,0.768,0.923,0.319,0.7,0.612,0.63
Guyana,1985,0.314,0.568,1,0.1,0.825,0.681,0.699,0.098,0.207,0.108,0.768,0.898,0.311,0.7,0.612,0.63
Guyana,1986,0.477,0.624,1,0.133,0.825,0.747,0.699,0.125,0.521,0.1,0.768,0.898,0.297,0.7,0.565,0.642
Guyana,1987,0.537,0.634,1,0.133,0.825,0.747,0.699,0.125,0.521,0.092,0.768,0.898,0.297,0.7,0.565,0.612
Guyana,1988,0.566,0.634,1,0.133,0.825,0.762,0.699,0.125,0.521,0.084,0.768,0.898,0.297,0.7,0.632,0.612
Guyana,1989,0.566,0.637,1,0.142,0.825,0.762,0.699,0.125,0.521,0.076,0.768,0.898,0.285,0.687,0.632,0.612
Guyana,1990,0.587,0.713,1,0.142,0.825,0.784,0.699,0.125,0.714,0.068,0.768,0.898,0.285,0.687,0.632,0.586
Guyana,1991,0.557,0.713,1,0.142,0.825,0.784,0.699,0.125,0.73,0.06,0.768,0.898,0.285,0.687,0.632,0.586
Guyana,1992,0.563,0.762,1,0.266,0.83,0.784,0.699,0.313,0.638,0.052,0.768,0.898,0.285,0.687,0.658,0.586
Guyana,1993,0.563,0.825,1,0.514,0.83,0.778,0.699,0.313,0.35,0.045,0.768,0.898,0.294,0.687,0.639,0.627
Guyana,1994,0.563,0.825,1,0.514,0.83,0.778,0.73,0.313,0.282,0.037,0.93,0.898,0.335,0.687,0.639,0.627
Guyana,1995,0.563,0.825,1,0.514,0.83,0.778,0.73,0.313,0.282,0.029,0.874,0.898,0.335,0.687,0.639,0.627
Guyana,1996,0.563,0.825,1,0.514,0.83,0.778,0.73,0.313,0.304,0.021,0.874,0.898,0.335,0.687,0.639,0.627
Guyana,1997,0.575,0.825,1,0.52,0.85,0.778,0.735,0.313,0.304,0.013,0.874,0.898,0.335,0.687,0.524,0.627
Guyana,1998,0.683,0.83,1,0.639,0.85,0.778,0.692,0.313,0.7,0.013,0.874,0.898,0.312,0.687,0.624,0.627
Guyana,1999,0.685,0.83,1,0.639,0.85,0.767,0.692,0.313,0.7,0.013,0.874,0.898,0.328,0.687,0.624,0.627
Guyana,2000,0.664,0.847,1,0.639,0.85,0.734,0.714,0.313,0.7,0.013,0.874,0.898,0.381,0.736,0.624,0.627
Guyana,2001,0.664,0.844,1,0.665,0.94,0.719,0.682,0.35,0.7,0.013,0.874,0.898,0.477,0.736,0.624,0.652
Guyana,2002,0.678,0.843,1,0.672,0.94,0.73,0.663,0.35,0.7,0.013,0.874,0.898,0.477,0.637,0.624,0.652
Guyana,2003,0.718,0.851,1,0.672,0.94,0.73,0.663,0.35,0.7,0.013,0.874,0.898,0.477,0.659,0.624,0.652
Guyana,2004,0.718,0.851,1,0.672,0.94,0.735,0.663,0.35,0.7,0.013,0.874,0.898,0.477,0.668,0.653,0.652
Guyana,2005,0.718,0.851,1,0.672,0.94,0.729,0.663,0.35,0.7,0.013,0.874,0.898,0.477,0.668,0.653,0.652
Guyana,2006,0.714,0.854,1,0.665,0.94,0.731,0.663,0.35,0.7,0.013,0.874,0.898,0.477,0.676,0.653,0.652
Guyana,2007,0.728,0.859,1,0.652,0.94,0.731,0.663,0.35,0.7,0.013,0.874,0.898,0.479,0.676,0.653,0.652
Guyana,2008,0.726,0.86,1,0.652,0.94,0.727,0.663,0.35,0.7,0.013,0.874,0.898,0.479,0.67,0.653,0.652
Guyana,2009,0.726,0.86,1,0.652,0.94,0.731,0.663,0.35,0.717,0.013,0.874,0.898,0.479,0.668,0.653,0.652
Guyana,2010,0.723,0.862,1,0.652,0.94,0.749,0.64,0.35,0.717,0.013,0.874,0.898,0.473,0.668,0.659,0.654
Guyana,2011,0.719,0.869,1,0.65,0.94,0.758,0.64,0.35,0.717,0.013,0.874,0.898,0.473,0.668,0.652,0.654
Guyana,2012,0.726,0.869,1,0.635,0.94,0.752,0.64,0.37,0.717,0.013,0.874,0.898,0.507,0.668,0.631,0.654
Guyana,2013,0.77,0.874,1,0.664,0.94,0.755,0.622,0.386,0.751,0.013,0.874,0.847,0.514,0.668,0.662,0.646
Guyana,2014,0.767,0.874,1,0.664,0.94,0.755,0.622,0.384,0.751,0.013,0.874,0.847,0.508,0.668,0.662,0.646
Guyana,2015,0.835,0.907,1,0.66,0.94,0.856,0.696,0.406,0.75,0.013,0.874,0.847,0.504,0.702,0.689,0.648
Guyana,2016,0.852,0.903,1,0.672,0.94,0.863,0.716,0.412,0.751,0.013,0.874,0.847,0.531,0.699,0.699,0.67
Guyana,2017,0.871,0.907,1,0.655,0.94,0.858,0.705,0.405,0.756,0.013,0.874,0.847,0.572,0.781,0.735,0.684
Guyana,2018,0.859,0.907,1,0.68,0.94,0.838,0.726,0.372,0.777,0.013,0.82,0.779,0.647,0.734,0.741,0.706
Guyana,2019,0.833,0.884,1,0.679,0.94,0.823,0.721,0.337,0.75,0.013,0.817,0.779,0.681,0.726,0.729,0.712
Guyana,2020,0.839,0.884,1,0.502,0.903,0.861,0.737,0.388,0.75,0.013,0.817,0.779,0.6,0.723,0.729,0.687
Guyana,2021,0.801,0.824,1,0.429,0.903,0.835,0.76,0.301,0.757,0.013,0.632,0.779,0.383,0.668,0.718,0.695
Guyana,2022,0.792,0.813,1,0.434,0.903,0.787,0.788,0.332,0.757,0.013,0.603,0.779,0.383,0.609,0.749,0.679
Guyana,2023,0.763,0.826,1,0.434,0.903,0.788,0.709,0.237,0.745,0.013,0.603,0.779,0.383,0.652,0.777,0.693
Guyana,2024,0.78,0.833,1,0.424,0.903,0.788,0.709,0.217,0.745,0.013,0.603,0.779,0.378,0.654,0.749,0.669
Hong Kong,1950,0.631,0.587,0,0,0,0.86,0.865,0.037,0.531,0,0,0,0.305,0.73,0.186,0.2
Hong Kong,1951,0.631,0.587,0,0,0,0.86,0.865,0.037,0.531,0,0,0,0.305,0.73,0.186,0.2
Hong Kong,1952,0.631,0.587,0,0,0,0.86,0.865,0.037,0.531,0,0,0,0.305,0.73,0.186,0.2
Hong Kong,1953,0.631,0.587,0,0,0,0.86,0.865,0.037,0.531,0,0,0,0.305,0.73,0.186,0.216
Hong Kong,1954,0.631,0.587,0,0,0,0.86,0.865,0.037,0.564,0,0,0,0.305,0.73,0.186,0.216
Hong Kong,1955,0.631,0.587,0,0,0,0.86,0.865,0.037,0.564,0,0,0,0.305,0.73,0.186,0.216
Hong Kong,1956,0.631,0.584,0,0,0,0.86,0.865,0.037,0.52,0,0,0,0.305,0.73,0.186,0.216
Hong Kong,1957,0.631,0.588,0,0,0,0.86,0.865,0.037,0.52,0,0,0,0.309,0.73,0.186,0.216
Hong Kong,1958,0.631,0.588,0,0,0,0.86,0.865,0.037,0.52,0,0,0,0.309,0.73,0.186,0.216
Hong Kong,1959,0.631,0.588,0,0,0,0.86,0.865,0.037,0.52,0,0,0,0.309,0.73,0.186,0.216
Hong Kong,1960,0.72,0.586,0,0,0,0.863,0.865,0.081,0.52,0,0,0,0.324,0.73,0.186,0.219
Hong Kong,1961,0.72,0.586,0,0,0,0.863,0.865,0.081,0.52,0,0,0,0.324,0.73,0.186,0.219
Hong Kong,1962,0.72,0.586,0,0,0,0.863,0.865,0.081,0.52,0,0,0,0.324,0.73,0.186,0.232
Hong Kong,1963,0.72,0.586,0,0,0,0.863,0.865,0.081,0.52,0,0,0,0.324,0.73,0.195,0.232
Hong Kong,1964,0.72,0.585,0,0,0,0.863,0.865,0.081,0.52,0,0,0,0.324,0.73,0.195,0.232
Hong Kong,1965,0.72,0.585,0,0,0,0.847,0.865,0.081,0.516,0,0,0,0.324,0.73,0.195,0.246
Hong Kong,1966,0.72,0.585,0,0,0,0.847,0.865,0.081,0.516,0,0,0,0.324,0.73,0.195,0.246
Hong Kong,1967,0.72,0.575,0,0,0,0.847,0.865,0.081,0.492,0,0,0,0.383,0.73,0.195,0.245
Hong Kong,1968,0.72,0.583,0,0,0,0.876,0.865,0.081,0.553,0,0,0,0.42,0.73,0.195,0.254
Hong Kong,1969,0.72,0.589,0,0,0,0.876,0.865,0.081,0.57,0,0,0,0.42,0.73,0.195,0.255
Hong Kong,1970,0.74,0.602,0,0,0,0.92,0.865,0.081,0.567,0,0,0,0.567,0.734,0.26,0.395
Hong Kong,1971,0.74,0.602,0,0,0,0.92,0.865,0.081,0.567,0,0,0,0.623,0.734,0.35,0.562
Hong Kong,1972,0.74,0.602,0,0,0,0.92,0.865,0.081,0.567,0,0,0,0.623,0.734,0.35,0.568
Hong Kong,1973,0.74,0.602,0,0,0,0.92,0.865,0.081,0.567,0,0,0,0.623,0.734,0.346,0.582
Hong Kong,1974,0.74,0.602,0,0,0,0.92,0.865,0.144,0.597,0,0,0,0.712,0.734,0.346,0.703
Hong Kong,1975,0.74,0.602,0,0,0,0.92,0.865,0.144,0.597,0,0,0,0.712,0.734,0.346,0.703
Hong Kong,1976,0.74,0.602,0,0,0,0.929,0.865,0.144,0.597,0,0,0,0.712,0.734,0.346,0.72
Hong Kong,1977,0.761,0.602,0,0,0,0.929,0.865,0.144,0.597,0,0,0,0.712,0.734,0.346,0.72
Hong Kong,1978,0.761,0.602,0,0,0,0.934,0.865,0.144,0.597,0,0,0,0.712,0.734,0.346,0.752
Hong Kong,1979,0.761,0.602,0,0,0,0.934,0.865,0.144,0.597,0,0,0,0.712,0.734,0.386,0.741
Hong Kong,1980,0.861,0.64,0,0,0,0.955,0.865,0.144,0.774,0,0,0,0.755,0.823,0.477,0.886
Hong Kong,1981,0.861,0.64,0,0,0,0.955,0.865,0.144,0.774,0,0,0,0.755,0.823,0.477,0.886
Hong Kong,1982,0.861,0.64,0,0,0,0.955,0.865,0.144,0.774,0,0,0,0.761,0.823,0.477,0.886
Hong Kong,1983,0.861,0.638,0,0,0,0.955,0.865,0.144,0.774,0,0,0,0.761,0.823,0.485,0.886
Hong Kong,1984,0.861,0.643,0,0,0,0.962,0.865,0.144,0.776,0,0,0,0.761,0.823,0.493,0.886
Hong Kong,1985,0.861,0.677,0,0,0,0.962,0.865,0.182,0.776,0,0,0,0.762,0.823,0.493,0.888
Hong Kong,1986,0.868,0.727,0,0,0,0.962,0.865,0.211,0.776,0,0,0,0.762,0.823,0.493,0.888
Hong Kong,1987,0.868,0.727,0,0,0,0.962,0.865,0.211,0.784,0,0,0,0.762,0.823,0.493,0.888
Hong Kong,1988,0.868,0.725,0,0,0,0.962,0.865,0.211,0.784,0,0,0,0.762,0.823,0.493,0.888
Hong Kong,1989,0.868,0.755,0,0,0,0.962,0.865,0.211,0.787,0,0,0,0.762,0.823,0.493,0.888
Hong Kong,1990,0.879,0.755,1,0,0,0.969,0.865,0.321,0.716,0,0,0,0.785,0.832,0.562,0.886
Hong Kong,1991,0.904,0.782,1,0.236,0,0.969,0.865,0.366,0.716,0,0,0,0.785,0.832,0.562,0.886
Hong Kong,1992,0.904,0.842,1,0.775,0,0.969,0.865,0.407,0.731,0,0,0,0.876,0.832,0.602,0.886
Hong Kong,1993,0.904,0.846,1,0.775,0,0.969,0.865,0.407,0.731,0,0,0,0.885,0.832,0.638,0.886
Hong Kong,1994,0.904,0.846,1,0.775,0,0.969,0.865,0.407,0.731,0,0,0,0.885,0.832,0.638,0.886
Hong Kong,1995,0.904,0.847,1,0.811,0,0.969,0.865,0.407,0.731,0,0,0,0.885,0.832,0.638,0.886
Hong Kong,1996,0.904,0.849,1,0.807,0,0.969,0.865,0.407,0.731,0,0,0,0.885,0.832,0.638,0.886
Hong Kong,1997,0.848,0.828,1,0.807,0,0.97,0.839,0.496,0.81,0,0,0,0.827,0.767,0.74,0.884
Hong Kong,1998,0.853,0.831,1,0.82,0,0.97,0.839,0.496,0.774,0,0,0,0.769,0.767,0.743,0.884
Hong Kong,1999,0.853,0.825,1,0.826,0,0.97,0.839,0.503,0.774,0,0,0,0.805,0.767,0.743,0.884
Hong Kong,2000,0.853,0.824,1,0.825,0,0.971,0.839,0.503,0.774,0,0,0,0.789,0.767,0.743,0.883
Hong Kong,2001,0.853,0.821,1,0.823,0,0.971,0.839,0.503,0.774,0,0,0,0.789,0.767,0.743,0.883
Hong Kong,2002,0.853,0.821,1,0.823,0,0.971,0.839,0.503,0.774,0,0,0,0.789,0.767,0.743,0.883
Hong Kong,2003,0.853,0.821,1,0.823,0,0.969,0.839,0.503,0.835,0,0,0,0.786,0.767,0.743,0.883
Hong Kong,2004,0.853,0.821,1,0.817,0,0.969,0.839,0.503,0.79,0,0,0,0.807,0.767,0.743,0.883
Hong Kong,2005,0.853,0.823,1,0.802,0,0.969,0.839,0.503,0.79,0,0,0,0.807,0.767,0.698,0.883
Hong Kong,2006,0.853,0.823,1,0.802,0,0.969,0.839,0.503,0.79,0,0,0,0.807,0.767,0.698,0.883
Hong Kong,2007,0.851,0.823,1,0.799,0,0.969,0.839,0.503,0.79,0,0,0,0.807,0.767,0.698,0.891
Hong Kong,2008,0.844,0.823,1,0.812,0,0.969,0.839,0.503,0.79,0,0,0,0.807,0.767,0.698,0.891
Hong Kong,2009,0.841,0.82,1,0.839,0,0.969,0.839,0.503,0.79,0,0,0,0.807,0.767,0.698,0.891
Hong Kong,2010,0.843,0.812,1,0.839,0,0.967,0.832,0.503,0.79,0,0,0,0.807,0.741,0.698,0.891
Hong Kong,2011,0.843,0.812,1,0.831,0,0.967,0.832,0.503,0.793,0,0,0,0.779,0.741,0.693,0.893
Hong Kong,2012,0.808,0.799,1,0.827,0,0.961,0.832,0.493,0.774,0,0,0,0.695,0.741,0.677,0.889
Hong Kong,2013,0.795,0.794,1,0.817,0,0.96,0.832,0.481,0.768,0,0,0,0.69,0.741,0.677,0.897
Hong Kong,2014,0.789,0.774,1,0.817,0,0.949,0.832,0.481,0.768,0,0,0,0.69,0.738,0.669,0.897
Hong Kong,2015,0.769,0.711,1,0.811,0,0.948,0.832,0.447,0.733,0,0,0,0.685,0.736,0.669,0.897
Hong Kong,2016,0.769,0.651,1,0.78,0,0.946,0.83,0.42,0.733,0,0,0,0.685,0.736,0.669,0.897
Hong Kong,2017,0.769,0.641,1,0.715,0,0.939,0.83,0.42,0.733,0,0,0,0.684,0.736,0.683,0.882
Hong Kong,2018,0.757,0.603,1,0.715,0,0.929,0.788,0.42,0.705,0,0,0,0.637,0.748,0.683,0.879
Hong Kong,2019,0.674,0.544,1,0.705,0,0.852,0.829,0.432,0.706,0,0,0,0.41,0.765,0.672,0.879
Hong Kong,2020,0.524,0.449,1,0.688,0,0.797,0.672,0.22,0.595,0,0,0,0.215,0.765,0.562,0.874
Hong Kong,2021,0.257,0.272,1,0.659,0,0.73,0.556,0.149,0.459,0,0,0,0.141,0.767,0.569,0.874
Hong Kong,2022,0.237,0.225,1,0.333,0,0.713,0.471,0.121,0.426,0,0,0,0.142,0.767,0.594,0.874
Hong Kong,2023,0.231,0.206,1,0.279,0,0.691,0.412,0.105,0.398,0,0,0,0.159,0.76,0.594,0.874
Hong Kong,2024,0.336,0.199,1,0.301,0,0.721,0.422,0.121,0.418,0,0,0,0.15,0.76,0.594,0.874
Iceland,1950,0.862,0.889,1,0.923,1,0.929,0.945,0.737,0.926,0.248,0.971,0,0.797,0.933,0.781,0.88
Iceland,1951,0.862,0.889,1,0.923,1,0.929,0.945,0.737,0.926,0.231,0.971,0,0.797,0.933,0.781,0.88
Iceland,1952,0.862,0.888,1,0.923,1,0.929,0.945,0.737,0.926,0.214,0.971,0,0.797,0.933,0.781,0.88
Iceland,1953,0.862,0.888,1,0.93,1,0.929,0.945,0.737,0.926,0.197,0.971,0,0.797,0.933,0.781,0.88
Iceland,1954,0.862,0.888,1,0.936,1,0.929,0.945,0.737,0.926,0.18,0.971,0,0.797,0.933,0.781,0.88
Iceland,1955,0.862,0.888,1,0.936,1,0.929,0.945,0.737,0.926,0.163,0.971,0,0.797,0.933,0.781,0.88
Iceland,1956,0.862,0.889,1,0.936,1,0.929,0.945,0.737,0.926,0.146,0.971,0,0.797,0.933,0.781,0.88
Iceland,1957,0.862,0.891,1,0.936,1,0.929,0.945,0.737,0.926,0.129,0.971,0,0.797,0.933,0.781,0.88
Iceland,1958,0.862,0.891,1,0.936,1,0.929,0.945,0.737,0.926,0.112,0.971,0,0.797,0.933,0.781,0.88
Iceland,1959,0.862,0.891,1,0.936,1,0.929,0.945,0.737,0.926,0.096,0.971,0,0.797,0.933,0.781,0.88
Iceland,1960,0.862,0.891,1,0.937,1,0.929,0.945,0.737,0.926,0.079,0.971,0,0.797,0.933,0.808,0.88
Iceland,1961,0.862,0.891,1,0.937,1,0.938,0.945,0.737,0.926,0.062,0.971,0,0.797,0.933,0.808,0.88
Iceland,1962,0.862,0.891,1,0.937,1,0.938,0.945,0.737,0.926,0.045,0.971,0,0.797,0.933,0.808,0.88
Iceland,1963,0.862,0.89,1,0.937,1,0.938,0.945,0.737,0.926,0.028,0.971,0,0.797,0.933,0.808,0.88
Iceland,1964,0.862,0.888,1,0.938,1,0.938,0.945,0.737,0.926,0.028,0.971,0,0.797,0.933,0.808,0.88
Iceland,1965,0.862,0.888,1,0.938,1,0.938,0.945,0.737,0.926,0.028,0.971,0,0.797,0.933,0.808,0.88
Iceland,1966,0.881,0.888,1,0.938,1,0.938,0.945,0.737,0.926,0.028,0.971,0,0.797,0.933,0.808,0.88
Iceland,1967,0.888,0.889,1,0.938,1,0.938,0.945,0.737,0.926,0.028,0.971,0,0.797,0.933,0.808,0.88
Iceland,1968,0.888,0.889,1,0.937,1,0.938,0.945,0.737,0.926,0.028,0.971,0,0.761,0.933,0.831,0.912
Iceland,1969,0.888,0.888,1,0.936,1,0.938,0.945,0.737,0.934,0.028,0.971,0,0.761,0.933,0.831,0.912
Iceland,1970,0.894,0.888,1,0.936,1,0.938,0.945,0.737,0.952,0.028,0.971,0,0.761,0.933,0.831,0.912
Iceland,1971,0.894,0.887,1,0.938,1,0.938,0.945,0.737,0.952,0.028,0.971,0,0.761,0.933,0.833,0.912
Iceland,1972,0.894,0.887,1,0.939,1,0.938,0.945,0.737,0.956,0.028,0.971,0,0.761,0.933,0.833,0.913
Iceland,1973,0.894,0.887,1,0.939,1,0.938,0.945,0.737,0.956,0.028,0.971,0,0.761,0.933,0.833,0.913
Iceland,1974,0.894,0.888,1,0.94,1,0.938,0.945,0.737,0.956,0.028,0.971,0,0.761,0.933,0.833,0.913
Iceland,1975,0.894,0.888,1,0.94,1,0.938,0.945,0.737,0.956,0.028,0.971,0,0.761,0.933,0.837,0.93
Iceland,1976,0.894,0.888,1,0.94,1,0.938,0.945,0.737,0.956,0.028,0.971,0,0.761,0.933,0.837,0.93
Iceland,1977,0.894,0.888,1,0.94,1,0.938,0.945,0.737,0.956,0.028,0.971,0,0.761,0.933,0.837,0.93
Iceland,1978,0.894,0.888,1,0.938,1,0.944,0.945,0.737,0.956,0.028,0.971,0,0.761,0.933,0.837,0.93
Iceland,1979,0.894,0.888,1,0.937,1,0.944,0.945,0.737,0.956,0.028,0.971,0,0.761,0.933,0.837,0.93
Iceland,1980,0.908,0.912,1,0.937,1,0.95,0.945,0.737,0.956,0.028,0.971,0,0.761,0.933,0.837,0.948
Iceland,1981,0.908,0.912,1,0.937,1,0.95,0.945,0.737,0.956,0.028,0.971,0,0.761,0.933,0.837,0.948
Iceland,1982,0.908,0.912,1,0.937,1,0.95,0.945,0.737,0.956,0.028,0.971,0,0.772,0.933,0.837,0.948
Iceland,1983,0.908,0.91,1,0.938,1,0.95,0.945,0.737,0.956,0.028,0.971,0,0.798,0.933,0.837,0.948
Iceland,1984,0.908,0.909,1,0.939,1,0.95,0.945,0.737,0.956,0.028,0.971,0,0.798,0.933,0.89,0.948
Iceland,1985,0.908,0.909,1,0.939,1,0.95,0.945,0.737,0.956,0.028,0.971,0,0.798,0.933,0.89,0.948
Iceland,1986,0.927,0.909,1,0.939,1,0.95,0.945,0.737,0.956,0.028,0.971,0,0.798,0.933,0.89,0.948
Iceland,1987,0.934,0.91,1,0.937,1,0.95,0.945,0.805,0.956,0.028,0.971,0,0.798,0.931,0.89,0.948
Iceland,1988,0.934,0.911,1,0.938,1,0.95,0.945,0.805,0.956,0.028,0.971,0,0.798,0.931,0.89,0.948
Iceland,1989,0.934,0.912,1,0.939,1,0.95,0.945,0.801,0.956,0.028,0.971,0,0.798,0.931,0.89,0.948
Iceland,1990,0.941,0.912,1,0.939,1,0.969,0.945,0.801,0.956,0.028,0.971,0,0.85,0.931,0.89,0.95
Iceland,1991,0.941,0.91,1,0.939,1,0.969,0.945,0.801,0.956,0.028,0.971,0,0.838,0.931,0.89,0.949
Iceland,1992,0.941,0.91,1,0.938,1,0.969,0.945,0.801,0.956,0.028,0.971,0,0.84,0.931,0.89,0.96
Iceland,1993,0.941,0.91,1,0.938,1,0.969,0.945,0.801,0.956,0.028,0.971,0,0.84,0.931,0.89,0.96
Iceland,1994,0.941,0.91,1,0.938,1,0.972,0.945,0.801,0.956,0.028,0.971,0,0.84,0.931,0.89,0.96
Iceland,1995,0.941,0.909,1,0.938,1,0.977,0.945,0.801,0.956,0.028,0.971,0,0.84,0.931,0.89,0.96
Iceland,1996,0.95,0.908,1,0.938,1,0.977,0.945,0.801,0.956,0.028,0.971,0,0.84,0.931,0.89,0.96
Iceland,1997,0.95,0.907,1,0.938,1,0.977,0.945,0.801,0.956,0.028,0.971,0,0.84,0.931,0.89,0.96
Iceland,1998,0.95,0.907,1,0.938,1,0.977,0.945,0.801,0.956,0.028,0.971,0,0.84,0.931,0.89,0.96
Iceland,1999,0.95,0.911,1,0.939,1,0.977,0.945,0.801,0.956,0.028,0.971,0,0.84,0.931,0.89,0.96
Iceland,2000,0.95,0.913,1,0.939,1,0.977,0.945,0.801,0.956,0.028,0.971,0,0.84,0.931,0.92,0.96
Iceland,2001,0.95,0.913,1,0.939,1,0.977,0.945,0.801,0.956,0.028,0.971,0,0.84,0.931,0.92,0.96
Iceland,2002,0.95,0.913,1,0.939,1,0.977,0.945,0.801,0.956,0.028,0.971,0,0.84,0.931,0.92,0.96
Iceland,2003,0.95,0.91,1,0.938,1,0.977,0.945,0.801,0.956,0.028,0.971,0,0.84,0.931,0.92,0.96
Iceland,2004,0.95,0.909,1,0.939,1,0.977,0.945,0.801,0.956,0.028,0.971,0,0.84,0.931,0.92,0.96
Iceland,2005,0.947,0.909,1,0.939,1,0.977,0.945,0.801,0.956,0.028,0.971,0,0.84,0.931,0.92,0.96
Iceland,2006,0.947,0.909,1,0.939,1,0.977,0.945,0.801,0.956,0.028,0.971,0,0.829,0.931,0.92,0.96
Iceland,2007,0.947,0.911,1,0.95,1,0.977,0.945,0.801,0.956,0.028,0.971,0,0.829,0.931,0.92,0.958
Iceland,2008,0.952,0.913,1,0.956,1,0.975,0.945,0.801,0.956,0.028,0.971,0,0.838,0.931,0.92,0.958
Iceland,2009,0.954,0.91,1,0.955,1,0.977,0.945,0.802,0.956,0.028,0.971,0,0.865,0.931,0.924,0.97
Iceland,2010,0.954,0.908,1,0.955,1,0.978,0.945,0.823,0.956,0.163,0.971,0,0.869,0.949,0.931,0.969
Iceland,2011,0.954,0.908,1,0.955,1,0.978,0.936,0.823,0.956,0.163,0.971,0,0.872,0.949,0.931,0.969
Iceland,2012,0.946,0.908,1,0.956,1,0.978,0.944,0.823,0.956,0.163,0.971,0,0.874,0.949,0.931,0.969
Iceland,2013,0.924,0.906,1,0.951,1,0.977,0.944,0.823,0.956,0.163,0.971,0,0.805,0.949,0.938,0.965
Iceland,2014,0.924,0.906,1,0.949,1,0.976,0.944,0.823,0.956,0.163,0.971,0,0.79,0.949,0.936,0.967
Iceland,2015,0.929,0.906,1,0.949,1,0.976,0.944,0.823,0.956,0.163,0.971,0,0.775,0.917,0.936,0.967
Iceland,2016,0.923,0.905,1,0.952,1,0.976,0.944,0.823,0.956,0.163,0.971,0,0.839,0.917,0.944,0.971
Iceland,2017,0.94,0.906,1,0.939,1,0.978,0.944,0.823,0.956,0.154,0.971,0,0.876,0.917,0.942,0.971
Iceland,2018,0.95,0.906,1,0.955,1,0.978,0.944,0.823,0.949,0.145,0.986,0,0.871,0.917,0.939,0.968
Iceland,2019,0.934,0.897,1,0.945,1,0.979,0.944,0.848,0.966,0.136,0.986,0,0.924,0.89,0.907,0.968
Iceland,2020,0.937,0.909,1,0.935,1,0.976,0.949,0.848,0.948,0.127,0.995,0,0.939,0.89,0.907,0.975
Iceland,2021,0.927,0.881,1,0.936,1,0.977,0.946,0.785,0.949,0.118,0.995,0,0.904,0.89,0.904,0.968
Iceland,2022,0.918,0.898,1,0.914,1,0.977,0.946,0.785,0.949,0.109,0.995,0,0.904,0.888,0.904,0.968
Iceland,2023,0.908,0.921,1,0.922,1,0.974,0.946,0.785,0.887,0.1,0.995,0,0.902,0.899,0.88,0.938
Iceland,2024,0.911,0.919,1,0.92,1,0.971,0.952,0.815,0.912,0.091,0.995,0,0.902,0.916,0.912,0.938
Israel,1950,0.62,0.792,1,0.829,1,0.753,0.875,0.9,0.707,0,0.945,0,0.542,0.785,0.605,0.72
Israel,1951,0.62,0.791,1,0.838,1,0.753,0.875,0.9,0.707,0,0.945,0,0.542,0.785,0.605,0.72
Israel,1952,0.62,0.789,1,0.849,1,0.753,0.875,0.9,0.707,0,0.945,0,0.542,0.785,0.605,0.72
Israel,1953,0.604,0.789,1,0.849,1,0.753,0.869,0.9,0.707,0,0.945,0,0.542,0.785,0.605,0.72
Israel,1954,0.623,0.789,1,0.849,1,0.753,0.869,0.9,0.707,0,0.945,0,0.542,0.785,0.605,0.72
Israel,1955,0.632,0.786,1,0.847,1,0.753,0.869,0.9,0.707,0,0.945,0,0.542,0.785,0.605,0.72
Israel,1956,0.632,0.783,1,0.845,1,0.753,0.869,0.9,0.707,0,0.945,0,0.542,0.785,0.605,0.72
Israel,1957,0.632,0.808,1,0.845,1,0.753,0.869,0.9,0.707,0,0.945,0,0.542,0.785,0.605,0.72
Israel,1958,0.632,0.808,1,0.845,1,0.753,0.869,0.9,0.707,0,0.945,0,0.542,0.785,0.605,0.72
Israel,1959,0.634,0.779,1,0.847,1,0.753,0.869,0.9,0.707,0,0.945,0,0.542,0.785,0.605,0.72
Israel,1960,0.677,0.811,1,0.857,1,0.753,0.869,0.9,0.707,0,0.945,0,0.571,0.785,0.605,0.72
Israel,1961,0.677,0.81,1,0.876,1,0.753,0.869,0.9,0.707,0,0.945,0,0.571,0.785,0.605,0.72
Israel,1962,0.677,0.81,1,0.881,1,0.753,0.869,0.9,0.707,0,0.945,0,0.571,0.785,0.605,0.72
Israel,1963,0.677,0.81,1,0.881,1,0.753,0.869,0.9,0.707,0,0.945,0,0.571,0.785,0.605,0.72
Israel,1964,0.677,0.81,1,0.881,1,0.766,0.869,0.917,0.707,0,0.945,0,0.586,0.785,0.605,0.72
Israel,1965,0.677,0.783,1,0.881,1,0.766,0.869,0.917,0.707,0,0.945,0,0.586,0.785,0.605,0.72
Israel,1966,0.677,0.817,1,0.878,1,0.804,0.869,0.917,0.707,0,0.945,0,0.586,0.775,0.605,0.72
Israel,1967,0.689,0.817,1,0.878,1,0.877,0.888,0.917,0.707,0,0.945,0,0.621,0.888,0.605,0.727
Israel,1968,0.689,0.832,1,0.878,1,0.877,0.888,0.917,0.707,0,0.945,0,0.621,0.888,0.605,0.727
Israel,1969,0.689,0.831,1,0.886,1,0.877,0.888,0.917,0.707,0,0.945,0,0.621,0.888,0.605,0.727
Israel,1970,0.714,0.838,1,0.89,1,0.877,0.888,0.917,0.788,0,0.945,0,0.621,0.888,0.605,0.727
Israel,1971,0.714,0.838,1,0.89,1,0.877,0.888,0.917,0.788,0,0.945,0,0.621,0.888,0.605,0.727
Israel,1972,0.739,0.838,1,0.89,1,0.877,0.92,0.917,0.788,0,0.945,0,0.621,0.888,0.605,0.727
Israel,1973,0.739,0.838,1,0.89,1,0.877,0.92,0.946,0.788,0,0.945,0,0.621,0.888,0.605,0.727
Israel,1974,0.839,0.838,1,0.903,1,0.877,0.92,0.946,0.812,0,0.945,0,0.631,0.888,0.605,0.727
Israel,1975,0.839,0.838,1,0.903,1,0.877,0.92,0.946,0.812,0,0.945,0,0.631,0.888,0.706,0.732
Israel,1976,0.839,0.838,1,0.903,1,0.888,0.92,0.946,0.812,0,0.945,0,0.631,0.888,0.706,0.732
Israel,1977,0.845,0.84,1,0.905,1,0.888,0.92,0.946,0.814,0,0.945,0,0.735,0.888,0.735,0.732
Israel,1978,0.845,0.854,1,0.906,1,0.892,0.92,0.951,0.814,0,0.945,0,0.778,0.888,0.743,0.755
Israel,1979,0.845,0.854,1,0.906,1,0.892,0.92,0.951,0.814,0,0.945,0,0.778,0.888,0.743,0.755
Israel,1980,0.845,0.854,1,0.906,1,0.892,0.92,0.951,0.814,0,0.945,0,0.778,0.888,0.743,0.755
Israel,1981,0.845,0.853,1,0.907,1,0.892,0.92,0.951,0.814,0,0.945,0,0.778,0.888,0.743,0.755
Israel,1982,0.845,0.852,1,0.908,1,0.892,0.92,0.951,0.814,0,0.945,0,0.778,0.888,0.743,0.755
Israel,1983,0.845,0.852,1,0.908,1,0.892,0.92,0.951,0.814,0,0.945,0,0.778,0.888,0.743,0.755
Israel,1984,0.845,0.839,1,0.91,1,0.892,0.92,0.951,0.814,0,0.945,0,0.76,0.888,0.743,0.764
Israel,1985,0.829,0.841,1,0.912,1,0.892,0.907,0.962,0.814,0,0.945,0,0.76,0.888,0.743,0.764
Israel,1986,0.844,0.841,1,0.912,1,0.892,0.907,0.962,0.814,0,0.945,0,0.76,0.888,0.743,0.764
Israel,1987,0.853,0.841,1,0.912,1,0.892,0.907,0.962,0.791,0,0.945,0,0.76,0.888,0.743,0.764
Israel,1988,0.853,0.828,1,0.912,1,0.892,0.907,0.962,0.797,0,0.945,0,0.76,0.888,0.743,0.764
Israel,1989,0.853,0.837,1,0.912,1,0.892,0.907,0.962,0.863,0,0.945,0,0.773,0.888,0.743,0.764
Israel,1990,0.853,0.837,1,0.912,1,0.892,0.907,0.962,0.862,0,0.945,0,0.8,0.888,0.743,0.764
Israel,1991,0.863,0.837,1,0.912,1,0.892,0.907,0.962,0.862,0,0.945,0,0.8,0.888,0.735,0.764
Israel,1992,0.863,0.83,1,0.912,1,0.892,0.907,0.962,0.862,0,0.945,0,0.804,0.888,0.735,0.764
Israel,1993,0.863,0.829,1,0.912,1,0.902,0.907,0.962,0.862,0,0.945,0,0.804,0.888,0.735,0.764
Israel,1994,0.868,0.843,1,0.912,1,0.902,0.907,0.962,0.862,0,0.945,0,0.804,0.888,0.735,0.764
Israel,1995,0.868,0.843,1,0.912,1,0.902,0.907,0.962,0.898,0,0.945,0,0.804,0.888,0.735,0.868
Israel,1996,0.868,0.842,1,0.913,1,0.902,0.907,0.962,0.898,0,0.945,0,0.804,0.888,0.735,0.868
Israel,1997,0.868,0.841,1,0.913,1,0.902,0.907,0.962,0.898,0,0.945,0,0.806,0.888,0.735,0.868
Israel,1998,0.868,0.841,1,0.913,1,0.902,0.907,0.962,0.898,0,0.945,0,0.806,0.888,0.735,0.868
Israel,1999,0.868,0.84,1,0.912,1,0.902,0.907,0.962,0.898,0,0.945,0,0.806,0.888,0.735,0.868
Israel,2000,0.868,0.839,1,0.912,1,0.912,0.907,0.962,0.854,0,0.945,0,0.806,0.888,0.735,0.868
Israel,2001,0.871,0.812,1,0.913,1,0.912,0.907,0.962,0.854,0,0.945,0,0.806,0.888,0.735,0.868
Israel,2002,0.869,0.812,1,0.914,1,0.912,0.907,0.962,0.804,0,0.945,0,0.806,0.888,0.735,0.868
Israel,2003,0.869,0.813,1,0.912,1,0.912,0.907,0.962,0.804,0,0.945,0,0.806,0.888,0.735,0.868
Israel,2004,0.869,0.813,1,0.912,1,0.912,0.907,0.962,0.804,0,0.945,0,0.806,0.888,0.735,0.868
Israel,2005,0.869,0.813,1,0.912,1,0.912,0.907,0.962,0.804,0,0.945,0,0.806,0.888,0.735,0.868
Israel,2006,0.869,0.816,1,0.914,1,0.912,0.907,0.962,0.802,0,0.945,0,0.806,0.888,0.735,0.87
Israel,2007,0.862,0.818,1,0.915,1,0.912,0.907,0.962,0.802,0,0.945,0,0.806,0.888,0.735,0.87
Israel,2008,0.862,0.818,1,0.915,1,0.912,0.907,0.962,0.802,0,0.945,0,0.806,0.888,0.735,0.87
Israel,2009,0.862,0.816,1,0.915,1,0.912,0.905,0.962,0.802,0,0.945,0,0.801,0.888,0.735,0.868
Israel,2010,0.85,0.813,1,0.915,1,0.908,0.899,0.954,0.784,0,0.961,0,0.801,0.888,0.735,0.877
Israel,2011,0.85,0.813,1,0.915,1,0.908,0.899,0.954,0.784,0,0.961,0,0.801,0.888,0.757,0.877
Israel,2012,0.856,0.813,1,0.915,1,0.908,0.899,0.954,0.784,0,0.961,0,0.801,0.888,0.757,0.877
Israel,2013,0.84,0.814,1,0.906,1,0.9,0.899,0.945,0.763,0,0.961,0,0.802,0.86,0.757,0.883
Israel,2014,0.84,0.814,1,0.906,1,0.9,0.899,0.945,0.763,0.013,0.961,0,0.802,0.86,0.757,0.883
Israel,2015,0.838,0.811,1,0.895,1,0.902,0.902,0.938,0.763,0.013,0.961,0,0.802,0.86,0.757,0.878
Israel,2016,0.834,0.811,1,0.892,1,0.899,0.889,0.938,0.763,0.013,0.961,0,0.802,0.86,0.757,0.872
Israel,2017,0.831,0.783,1,0.892,1,0.893,0.886,0.943,0.763,0.013,0.961,0,0.802,0.866,0.757,0.822
Israel,2018,0.831,0.775,1,0.886,1,0.891,0.897,0.943,0.758,0.013,0.961,0,0.798,0.866,0.753,0.822
Israel,2019,0.835,0.816,1,0.84,1,0.893,0.865,0.936,0.781,0.013,0.961,0,0.793,0.866,0.727,0.822
Israel,2020,0.851,0.793,1,0.884,1,0.906,0.878,0.923,0.742,0.013,0.961,0,0.805,0.867,0.756,0.815
Israel,2021,0.851,0.815,1,0.882,1,0.92,0.878,0.923,0.805,0.013,0.992,0,0.807,0.866,0.756,0.838
Israel,2022,0.851,0.797,1,0.879,1,0.93,0.921,0.923,0.778,0.013,0.992,0,0.886,0.866,0.756,0.838
Israel,2023,0.843,0.785,1,0.879,1,0.868,0.899,0.923,0.819,0.013,0.992,0,0.752,0.803,0.756,0.799
Israel,2024,0.835,0.783,1,0.879,1,0.836,0.884,0.914,0.821,0.013,0.992,0,0.773,0.874,0.781,0.81
Kuwait,1950,0.588,0.127,0,0,0,0.529,0.717,0.474,0.257,0,0,0,0.702,0.33,0.239,0.662
Kuwait,1951,0.588,0.127,0,0,0,0.535,0.717,0.474,0.257,0,0,0,0.702,0.33,0.239,0.662
Kuwait,1952,0.588,0.127,0,0,0,0.535,0.717,0.474,0.257,0,0,0,0.702,0.33,0.239,0.662
Kuwait,1953,0.588,0.127,0,0,0,0.535,0.717,0.474,0.257,0,0,0,0.702,0.33,0.239,0.662
Kuwait,1954,0.588,0.127,0,0,0,0.535,0.717,0.474,0.257,0,0,0,0.702,0.33,0.239,0.662
Kuwait,1955,0.588,0.127,0,0,0,0.534,0.717,0.474,0.257,0,0,0,0.702,0.33,0.239,0.662
Kuwait,1956,0.592,0.127,0,0,0,0.534,0.717,0.474,0.257,0,0,0,0.702,0.33,0.239,0.662
Kuwait,1957,0.592,0.127,0,0,0,0.534,0.717,0.474,0.257,0,0,0,0.702,0.33,0.239,0.662
Kuwait,1958,0.592,0.127,0,0,0,0.534,0.717,0.474,0.257,0,0,0,0.702,0.33,0.239,0.662
Kuwait,1959,0.592,0.124,0,0,0,0.534,0.717,0.474,0.257,0,0,0,0.702,0.33,0.239,0.662
Kuwait,1960,0.602,0.135,0,0,0,0.593,0.76,0.474,0.538,0,0,0,0.702,0.368,0.239,0.679
Kuwait,1961,0.65,0.126,0,0.696,0,0.672,0.76,0.474,0.503,0,0,0,0.851,0.485,0.3,0.692
Kuwait,1962,0.65,0.127,0,0.793,0,0.704,0.782,0.586,0.608,0,0,0,0.872,0.485,0.341,0.844
Kuwait,1963,0.657,0.132,0.5,0.792,0,0.716,0.799,0.836,0.609,0,0,0,0.877,0.594,0.341,0.865
Kuwait,1964,0.657,0.132,0.5,0.791,0,0.716,0.799,0.836,0.609,0,0,0,0.877,0.594,0.341,0.865
Kuwait,1965,0.657,0.132,0.5,0.791,0.77,0.716,0.799,0.836,0.609,0,0,0,0.872,0.594,0.341,0.865
Kuwait,1966,0.673,0.132,0.5,0.791,0.77,0.716,0.799,0.836,0.609,0,0,0,0.848,0.594,0.341,0.865
Kuwait,1967,0.673,0.131,0.5,0.547,0.77,0.716,0.799,0.836,0.609,0,0,0,0.837,0.594,0.341,0.865
Kuwait,1968,0.673,0.131,0.5,0.545,0.77,0.716,0.799,0.836,0.609,0,0,0,0.837,0.594,0.341,0.865
Kuwait,1969,0.673,0.131,0.5,0.545,0.77,0.716,0.799,0.836,0.609,0,0,0,0.837,0.594,0.341,0.865
Kuwait,1970,0.673,0.131,0.5,0.571,0.77,0.716,0.799,0.836,0.609,0,0,0,0.837,0.594,0.341,0.866
Kuwait,1971,0.673,0.133,0.5,0.73,0.77,0.716,0.799,0.836,0.609,0,0,0,0.837,0.594,0.341,0.866
Kuwait,1972,0.677,0.133,0.5,0.74,0.77,0.716,0.799,0.836,0.609,0,0,0,0.837,0.594,0.341,0.866
Kuwait,1973,0.677,0.133,0.5,0.74,0.77,0.716,0.756,0.836,0.609,0,0,0,0.837,0.594,0.341,0.866
Kuwait,1974,0.677,0.133,0.5,0.74,0.77,0.716,0.756,0.836,0.609,0,0,0,0.837,0.594,0.341,0.866
Kuwait,1975,0.677,0.135,0.5,0.751,0.77,0.706,0.756,0.836,0.609,0,0,0,0.828,0.594,0.341,0.866
Kuwait,1976,0.665,0.114,0,0,0,0.686,0.756,0.731,0.609,0,0,0,0.804,0.607,0.341,0.866
Kuwait,1977,0.652,0.114,0,0,0,0.674,0.734,0.705,0.609,0,0,0,0.768,0.607,0.341,0.866
Kuwait,1978,0.652,0.114,0,0,0,0.674,0.734,0.705,0.609,0,0,0,0.768,0.607,0.341,0.865
Kuwait,1979,0.652,0.114,0,0,0,0.674,0.734,0.705,0.609,0,0,0,0.768,0.607,0.341,0.865
Kuwait,1980,0.617,0.106,0,0,0,0.691,0.735,0.705,0.566,0,0,0,0.801,0.607,0.298,0.865
Kuwait,1981,0.618,0.118,0.5,0.641,0.77,0.702,0.753,0.847,0.566,0,0,0,0.779,0.607,0.298,0.865
Kuwait,1982,0.626,0.12,0.5,0.75,0.77,0.702,0.753,0.847,0.566,0,0,0,0.789,0.607,0.298,0.865
Kuwait,1983,0.626,0.12,0.5,0.75,0.77,0.702,0.753,0.847,0.566,0,0,0,0.789,0.607,0.298,0.865
Kuwait,1984,0.626,0.12,0.5,0.75,0.77,0.702,0.753,0.847,0.566,0,0,0,0.789,0.607,0.298,0.865
Kuwait,1985,0.626,0.121,0.5,0.723,0.77,0.702,0.753,0.847,0.566,0,0,0,0.789,0.607,0.298,0.865
Kuwait,1986,0.594,0.107,0,0,0,0.688,0.746,0.772,0.566,0,0,0,0.749,0.611,0.298,0.865
Kuwait,1987,0.594,0.104,0,0,0,0.688,0.729,0.721,0.489,0,0,0,0.749,0.611,0.298,0.865
Kuwait,1988,0.594,0.104,0,0,0,0.669,0.729,0.721,0.489,0,0,0,0.749,0.611,0.298,0.865
Kuwait,1989,0.594,0.099,0,0,0,0.669,0.729,0.721,0.489,0,0,0,0.749,0.611,0.298,0.865
Kuwait,1990,0.529,0.081,0,0.081,0,0.534,0.729,0.697,0.255,0,0,0,0.641,0.611,0.349,0.917
Kuwait,1991,0.542,0.081,0.5,0,0,0.535,0.735,0.697,0.255,0,0,0,0.641,0.611,0.349,0.917
Kuwait,1992,0.67,0.103,0.5,0.185,0.77,0.709,0.751,0.863,0.548,0,0,0,0.801,0.611,0.325,0.917
Kuwait,1993,0.668,0.112,0.5,0.771,0.77,0.684,0.751,0.863,0.548,0,0,0,0.795,0.611,0.325,0.917
Kuwait,1994,0.668,0.112,0.5,0.771,0.77,0.684,0.751,0.863,0.548,0,0,0,0.795,0.611,0.325,0.917
Kuwait,1995,0.668,0.112,0.5,0.771,0.77,0.684,0.751,0.863,0.548,0,0,0,0.795,0.611,0.325,0.917
Kuwait,1996,0.668,0.112,0.5,0.777,0.77,0.684,0.751,0.863,0.548,0,0,0,0.795,0.594,0.325,0.917
Kuwait,1997,0.668,0.11,0.5,0.795,0.77,0.684,0.751,0.863,0.548,0,0,0,0.795,0.594,0.325,0.917
Kuwait,1998,0.668,0.119,0.5,0.795,0.77,0.684,0.751,0.863,0.548,0,0,0,0.795,0.594,0.325,0.917
Kuwait,1999,0.668,0.117,0.5,0.785,0.77,0.684,0.751,0.863,0.548,0,0,0,0.795,0.594,0.398,0.917
Kuwait,2000,0.668,0.115,0.5,0.775,0.77,0.677,0.751,0.863,0.548,0,0,0,0.795,0.594,0.319,0.917
Kuwait,2001,0.668,0.115,0.5,0.775,0,0.677,0.751,0.863,0.548,0,0,0,0.795,0.594,0.319,0.917
Kuwait,2002,0.676,0.115,0.5,0.775,0.77,0.664,0.751,0.863,0.548,0,0,0,0.795,0.594,0.319,0.917
Kuwait,2003,0.675,0.115,0.5,0.773,0.77,0.664,0.751,0.863,0.548,0,0,0,0.795,0.594,0.319,0.917
Kuwait,2004,0.675,0.115,0.5,0.771,0.77,0.664,0.751,0.863,0.548,0,0,0,0.795,0.594,0.319,0.917
Kuwait,2005,0.68,0.115,1,0.771,0.77,0.664,0.751,0.863,0.548,0,0,0,0.795,0.594,0.377,0.917
Kuwait,2006,0.689,0.114,1,0.748,0.77,0.666,0.751,0.863,0.548,0,0,0,0.795,0.594,0.356,0.919
Kuwait,2007,0.687,0.112,1,0.727,0.77,0.666,0.751,0.863,0.55,0,0,0,0.804,0.594,0.356,0.919
Kuwait,2008,0.682,0.114,1,0.739,0.77,0.666,0.751,0.863,0.55,0,0,0,0.804,0.594,0.356,0.919
Kuwait,2009,0.682,0.114,1,0.744,0.77,0.666,0.751,0.863,0.55,0,0,0,0.804,0.594,0.373,0.919
Kuwait,2010,0.664,0.113,1,0.742,0.77,0.666,0.751,0.863,0.55,0,0,0,0.825,0.594,0.407,0.919
Kuwait,2011,0.667,0.113,1,0.742,0.77,0.666,0.754,0.863,0.55,0,0,0,0.817,0.594,0.407,0.919
Kuwait,2012,0.63,0.115,1,0.708,0.77,0.669,0.754,0.863,0.59,0,0,0,0.811,0.594,0.407,0.919
Kuwait,2013,0.63,0.113,1,0.717,0.77,0.669,0.754,0.843,0.613,0,0,0,0.788,0.594,0.407,0.919
Kuwait,2014,0.642,0.113,1,0.732,0.77,0.669,0.754,0.843,0.613,0,0,0,0.821,0.594,0.407,0.919
Kuwait,2015,0.625,0.114,1,0.732,0.77,0.669,0.754,0.843,0.613,0,0,0,0.821,0.594,0.407,0.924
Kuwait,2016,0.615,0.114,1,0.736,0.77,0.669,0.754,0.861,0.613,0,0,0,0.821,0.594,0.407,0.924
Kuwait,2017,0.637,0.123,1,0.776,0.77,0.68,0.754,0.872,0.505,0,0,0,0.77,0.594,0.407,0.924
Kuwait,2018,0.608,0.123,1,0.777,0.77,0.677,0.754,0.872,0.479,0,0,0,0.789,0.594,0.36,0.924
Kuwait,2019,0.628,0.121,1,0.777,0.77,0.687,0.754,0.865,0.534,0,0,0,0.759,0.596,0.36,0.924
Kuwait,2020,0.618,0.117,1,0.754,0.77,0.689,0.754,0.833,0.534,0,0,0,0.759,0.612,0.396,0.921
Kuwait,2021,0.621,0.118,1,0.666,0.77,0.683,0.698,0.882,0.483,0,0,0,0.663,0.604,0.338,0.912
Kuwait,2022,0.608,0.119,1,0.641,0.77,0.677,0.814,0.868,0.566,0,0,0,0.717,0.589,0.338,0.884
Kuwait,2023,0.617,0.127,1,0.722,0.77,0.699,0.833,0.879,0.566,0,0,0,0.654,0.604,0.327,0.895
Kuwait,2024,0.589,0.096,1,0.657,0.77,0.643,0.748,0.782,0.455,0,0,0,0.433,0.619,0.332,0.899
Luxembourg,1950,0.919,0.866,1,0.944,1,0.969,0.82,0.898,0.91,0.02,0.883,0,0.868,0.918,0.935,0.846
Luxembourg,1951,0.919,0.867,1,0.945,1,0.969,0.82,0.898,0.91,0.02,0.883,0,0.868,0.918,0.935,0.846
Luxembourg,1952,0.919,0.867,1,0.945,1,0.969,0.82,0.898,0.91,0.02,0.883,0,0.868,0.918,0.935,0.846
Luxembourg,1953,0.919,0.867,1,0.945,1,0.969,0.82,0.898,0.91,0.02,0.883,0,0.868,0.918,0.935,0.846
Luxembourg,1954,0.933,0.866,1,0.945,1,0.969,0.82,0.898,0.91,0.02,0.883,0,0.868,0.918,0.935,0.846
Luxembourg,1955,0.933,0.866,1,0.944,1,0.969,0.82,0.898,0.91,0.02,0.883,0,0.868,0.918,0.935,0.846
Luxembourg,1956,0.933,0.866,1,0.944,1,0.972,0.82,0.898,0.91,0.02,0.883,0,0.868,0.918,0.935,0.846
Luxembourg,1957,0.933,0.866,1,0.944,1,0.977,0.82,0.898,0.91,0.02,0.883,0,0.868,0.918,0.935,0.846
Luxembourg,1958,0.933,0.866,1,0.944,1,0.977,0.82,0.898,0.91,0.02,0.883,0,0.868,0.918,0.935,0.846
Luxembourg,1959,0.945,0.867,1,0.946,1,0.977,0.82,0.898,0.91,0.02,0.883,0,0.868,0.918,0.935,0.846
Luxembourg,1960,0.945,0.899,1,0.947,1,0.977,0.82,0.898,0.91,0.02,0.883,0,0.876,0.918,0.944,0.877
Luxembourg,1961,0.945,0.899,1,0.947,1,0.977,0.82,0.898,0.91,0.02,0.883,0,0.876,0.918,0.944,0.877
Luxembourg,1962,0.945,0.899,1,0.947,1,0.977,0.82,0.898,0.91,0.02,0.883,0,0.876,0.918,0.944,0.877
Luxembourg,1963,0.95,0.899,1,0.947,1,0.977,0.82,0.898,0.91,0.02,0.883,0,0.876,0.918,0.944,0.877
Luxembourg,1964,0.95,0.898,1,0.946,1,0.977,0.82,0.898,0.91,0.02,0.883,0,0.876,0.918,0.944,0.877
Luxembourg,1965,0.95,0.897,1,0.946,1,0.977,0.82,0.898,0.91,0.02,0.883,0,0.876,0.918,0.944,0.877
Luxembourg,1966,0.95,0.897,1,0.946,1,0.977,0.82,0.898,0.91,0.02,0.883,0,0.876,0.918,0.944,0.877
Luxembourg,1967,0.95,0.897,1,0.946,1,0.977,0.82,0.898,0.91,0.02,0.883,0,0.876,0.918,0.944,0.92
Luxembourg,1968,0.95,0.897,1,0.946,1,0.977,0.82,0.898,0.91,0.02,0.883,0,0.876,0.918,0.944,0.92
Luxembourg,1969,0.95,0.9,1,0.943,1,0.977,0.82,0.898,0.91,0.02,0.883,0,0.876,0.918,0.944,0.92
Luxembourg,1970,0.95,0.9,1,0.943,1,0.977,0.845,0.898,0.951,0.02,0.883,0,0.914,0.918,0.944,0.962
Luxembourg,1971,0.95,0.9,1,0.943,1,0.977,0.845,0.898,0.951,0.02,0.883,0,0.914,0.918,0.944,0.962
Luxembourg,1972,0.95,0.9,1,0.943,1,0.977,0.845,0.898,0.951,0.02,0.883,0,0.914,0.918,0.944,0.962
Luxembourg,1973,0.95,0.9,1,0.943,1,0.977,0.845,0.898,0.951,0.02,0.883,0,0.914,0.918,0.944,0.962
Luxembourg,1974,0.958,0.9,1,0.944,1,0.977,0.845,0.898,0.951,0.02,0.883,0,0.913,0.918,0.944,0.962
Luxembourg,1975,0.958,0.9,1,0.944,1,0.977,0.845,0.898,0.951,0.02,0.883,0,0.913,0.918,0.944,0.962
Luxembourg,1976,0.958,0.9,1,0.944,1,0.977,0.845,0.898,0.951,0.02,0.883,0,0.913,0.918,0.944,0.962
Luxembourg,1977,0.958,0.9,1,0.944,1,0.977,0.845,0.898,0.951,0.02,0.883,0,0.913,0.918,0.944,0.962
Luxembourg,1978,0.958,0.9,1,0.944,1,0.977,0.845,0.898,0.951,0.02,0.883,0,0.913,0.918,0.944,0.962
Luxembourg,1979,0.958,0.9,1,0.943,1,0.977,0.845,0.898,0.951,0.02,0.883,0,0.913,0.918,0.944,0.962
Luxembourg,1980,0.958,0.9,1,0.942,1,0.977,0.845,0.898,0.951,0.02,0.883,0,0.936,0.918,0.944,0.962
Luxembourg,1981,0.958,0.9,1,0.942,1,0.977,0.845,0.898,0.951,0.02,0.883,0,0.936,0.918,0.944,0.962
Luxembourg,1982,0.958,0.9,1,0.942,1,0.977,0.845,0.898,0.951,0.02,0.883,0,0.936,0.918,0.944,0.962
Luxembourg,1983,0.958,0.9,1,0.942,1,0.977,0.845,0.898,0.951,0.02,0.883,0,0.936,0.918,0.944,0.962
Luxembourg,1984,0.958,0.898,1,0.942,1,0.977,0.845,0.898,0.951,0.02,0.883,0,0.936,0.918,0.944,0.962
Luxembourg,1985,0.958,0.896,1,0.942,1,0.977,0.845,0.898,0.951,0.02,0.883,0,0.936,0.918,0.944,0.962
Luxembourg,1986,0.958,0.896,1,0.942,1,0.977,0.845,0.898,0.951,0.02,0.883,0,0.936,0.918,0.944,0.962
Luxembourg,1987,0.958,0.896,1,0.942,1,0.977,0.845,0.898,0.951,0.02,0.883,0,0.936,0.918,0.944,0.962
Luxembourg,1988,0.958,0.896,1,0.942,1,0.977,0.845,0.898,0.951,0.02,0.883,0,0.936,0.918,0.944,0.962
Luxembourg,1989,0.958,0.897,1,0.943,1,0.977,0.845,0.898,0.951,0.02,0.883,0,0.936,0.918,0.944,0.962
Luxembourg,1990,0.958,0.898,1,0.944,1,0.977,0.876,0.898,0.951,0.02,0.883,0,0.936,0.987,0.942,0.963
Luxembourg,1991,0.958,0.898,1,0.944,1,0.977,0.876,0.898,0.951,0.02,0.883,0,0.936,0.987,0.942,0.963
Luxembourg,1992,0.958,0.898,1,0.944,1,0.977,0.876,0.898,0.951,0.02,0.883,0,0.936,0.987,0.942,0.963
Luxembourg,1993,0.958,0.898,1,0.944,1,0.977,0.876,0.898,0.951,0.02,0.883,0,0.936,0.987,0.942,0.963
Luxembourg,1994,0.958,0.898,1,0.944,1,0.977,0.876,0.898,0.951,0.02,0.883,0,0.936,0.987,0.949,0.963
Luxembourg,1995,0.958,0.898,1,0.944,1,0.977,0.876,0.898,0.951,0.02,0.883,0,0.936,0.987,0.949,0.963
Luxembourg,1996,0.958,0.898,1,0.944,1,0.977,0.876,0.898,0.951,0.02,0.883,0,0.936,0.987,0.949,0.963
Luxembourg,1997,0.958,0.898,1,0.944,1,0.977,0.876,0.898,0.951,0.02,0.883,0,0.936,0.987,0.949,0.963
Luxembourg,1998,0.958,0.898,1,0.944,1,0.977,0.876,0.898,0.951,0.02,0.883,0,0.936,0.987,0.949,0.963
Luxembourg,1999,0.958,0.899,1,0.943,1,0.977,0.876,0.898,0.951,0.02,0.883,0,0.936,0.987,0.949,0.963
Luxembourg,2000,0.958,0.9,1,0.942,1,0.977,0.876,0.898,0.951,0.02,0.883,0,0.951,0.987,0.949,0.963
Luxembourg,2001,0.958,0.9,1,0.942,1,0.977,0.876,0.898,0.951,0.02,0.883,0,0.951,0.987,0.949,0.963
Luxembourg,2002,0.958,0.9,1,0.942,1,0.977,0.876,0.898,0.951,0.02,0.883,0,0.951,0.987,0.949,0.963
Luxembourg,2003,0.958,0.9,1,0.942,1,0.977,0.876,0.898,0.951,0.02,0.883,0,0.951,0.987,0.949,0.963
Luxembourg,2004,0.958,0.9,1,0.943,1,0.977,0.876,0.898,0.951,0.02,0.883,0,0.951,0.987,0.949,0.963
Luxembourg,2005,0.958,0.9,1,0.943,1,0.977,0.876,0.898,0.951,0.223,0.883,0,0.951,0.987,0.949,0.963
Luxembourg,2006,0.958,0.9,1,0.943,1,0.977,0.876,0.898,0.951,0.223,0.883,0,0.951,0.987,0.949,0.963
Luxembourg,2007,0.958,0.9,1,0.943,1,0.977,0.876,0.898,0.951,0.223,0.883,0,0.951,0.987,0.949,0.963
Luxembourg,2008,0.958,0.9,1,0.943,1,0.977,0.876,0.898,0.951,0.223,0.883,0,0.951,0.987,0.949,0.963
Luxembourg,2009,0.958,0.9,1,0.948,1,0.977,0.876,0.898,0.951,0.223,0.883,0,0.951,0.987,0.949,0.963
Luxembourg,2010,0.958,0.9,1,0.952,1,0.977,0.876,0.898,0.951,0.211,0.883,0,0.955,0.987,0.949,0.963
Luxembourg,2011,0.958,0.9,1,0.952,1,0.977,0.876,0.898,0.951,0.199,0.883,0,0.955,0.987,0.949,0.963
Luxembourg,2012,0.958,0.9,1,0.952,1,0.977,0.876,0.898,0.951,0.187,0.883,0,0.955,0.987,0.949,0.963
Luxembourg,2013,0.958,0.899,1,0.952,1,0.977,0.876,0.898,0.951,0.175,0.883,0,0.963,0.987,0.949,0.963
Luxembourg,2014,0.958,0.897,1,0.952,1,0.977,0.876,0.898,0.951,0.163,0.883,0,0.963,0.987,0.949,0.963
Luxembourg,2015,0.958,0.897,1,0.952,1,0.977,0.876,0.898,0.951,0.203,0.883,0,0.963,0.987,0.949,0.963
Luxembourg,2016,0.958,0.897,1,0.952,1,0.977,0.876,0.898,0.951,0.203,0.883,0,0.963,0.987,0.949,0.963
Luxembourg,2017,0.958,0.897,1,0.952,1,0.977,0.876,0.898,0.951,0.203,0.883,0,0.963,0.987,0.949,0.963
Luxembourg,2018,0.958,0.898,1,0.952,1,0.977,0.876,0.898,0.951,0.203,0.856,0,0.963,0.987,0.949,0.963
Luxembourg,2019,0.958,0.896,1,0.953,1,0.976,0.876,0.898,0.956,0.203,0.856,0,0.963,0.987,0.949,0.967
Luxembourg,2020,0.958,0.896,1,0.953,1,0.964,0.862,0.898,0.951,0.183,0.838,0,0.968,0.984,0.896,0.967
Luxembourg,2021,0.958,0.896,1,0.953,1,0.964,0.862,0.898,0.957,0.163,0.838,0,0.97,0.984,0.91,0.965
Luxembourg,2022,0.958,0.896,1,0.953,1,0.976,0.862,0.898,0.957,0.143,0.67,0,0.97,0.984,0.91,0.969
Luxembourg,2023,0.958,0.896,1,0.95,1,0.979,0.87,0.898,0.957,0.123,0.67,0,0.973,0.967,0.91,0.97
Luxembourg,2024,0.958,0.897,1,0.943,1,0.979,0.87,0.876,0.957,0.103,0.67,0,0.971,0.967,0.91,0.97
Malaysia,1950,0.156,0.386,0,0,0,0.596,0.694,0.32,0.212,0,0.111,0.218,0.141,0.281,0.188,0.31
Malaysia,1951,0.156,0.386,0,0,0,0.596,0.694,0.32,0.212,0,0.111,0.218,0.141,0.365,0.188,0.31
Malaysia,1952,0.156,0.386,0,0,0,0.596,0.694,0.32,0.212,0,0.608,0.218,0.141,0.365,0.188,0.31
Malaysia,1953,0.156,0.386,0,0,0,0.596,0.694,0.32,0.212,0,0.608,0.218,0.141,0.365,0.188,0.31
Malaysia,1954,0.156,0.386,0,0,0,0.596,0.694,0.32,0.212,0,0.608,0.218,0.141,0.365,0.188,0.31
Malaysia,1955,0.206,0.475,1,0.208,1,0.615,0.739,0.343,0.262,0,0.608,0.47,0.141,0.365,0.375,0.31
Malaysia,1956,0.206,0.528,1,0.48,1,0.615,0.739,0.343,0.262,0,0.608,0.47,0.141,0.365,0.375,0.31
Malaysia,1957,0.249,0.522,1,0.48,1,0.645,0.659,0.294,0.348,0,0.608,0.939,0.27,0.583,0.504,0.359
Malaysia,1958,0.274,0.522,1,0.48,1,0.686,0.659,0.294,0.348,0,0.608,0.939,0.459,0.628,0.504,0.362
Malaysia,1959,0.274,0.522,1,0.476,1,0.686,0.659,0.294,0.348,0,0.608,0.939,0.459,0.628,0.504,0.362
Malaysia,1960,0.274,0.521,1,0.468,1,0.679,0.659,0.265,0.348,0,0.608,0.939,0.487,0.628,0.504,0.458
Malaysia,1961,0.274,0.521,1,0.468,1,0.696,0.659,0.265,0.348,0,0.608,0.939,0.487,0.628,0.504,0.458
Malaysia,1962,0.274,0.521,1,0.456,1,0.696,0.659,0.265,0.348,0,0.608,0.939,0.487,0.628,0.504,0.458
Malaysia,1963,0.274,0.521,1,0.456,1,0.696,0.659,0.265,0.348,0,0.608,0.939,0.487,0.628,0.504,0.458
Malaysia,1964,0.274,0.534,1,0.395,1,0.68,0.659,0.265,0.348,0,0.608,0.939,0.487,0.628,0.504,0.458
Malaysia,1965,0.274,0.541,1,0.367,1,0.68,0.659,0.265,0.348,0,0.296,0.939,0.487,0.628,0.504,0.458
Malaysia,1966,0.274,0.524,1,0.367,1,0.68,0.659,0.265,0.348,0,0.296,0.939,0.487,0.628,0.504,0.458
Malaysia,1967,0.274,0.524,1,0.377,1,0.683,0.659,0.265,0.348,0,0.296,0.939,0.487,0.628,0.504,0.458
Malaysia,1968,0.274,0.524,1,0.365,1,0.67,0.659,0.265,0.348,0,0.296,0.939,0.487,0.628,0.504,0.458
Malaysia,1969,0.272,0.515,1,0.134,0,0.67,0.659,0.265,0.348,0,0.296,0.939,0.487,0.628,0.461,0.458
Malaysia,1970,0.254,0.424,1,0,0,0.662,0.659,0.256,0.348,0,0.296,0.939,0.438,0.639,0.461,0.543
Malaysia,1971,0.254,0.424,1,0,0,0.662,0.659,0.256,0.348,0,0.296,0.939,0.438,0.639,0.461,0.555
Malaysia,1972,0.254,0.424,1,0,1,0.662,0.659,0.207,0.348,0,0.296,0.939,0.438,0.639,0.461,0.555
Malaysia,1973,0.254,0.424,1,0,1,0.662,0.659,0.207,0.348,0,0.296,0.939,0.438,0.639,0.461,0.555
Malaysia,1974,0.254,0.467,1,0.101,1,0.662,0.659,0.207,0.348,0,0.296,0.939,0.438,0.639,0.461,0.555
Malaysia,1975,0.241,0.544,1,0.283,1,0.662,0.659,0.207,0.348,0,0.296,0.939,0.438,0.639,0.461,0.555
Malaysia,1976,0.241,0.544,1,0.283,1,0.662,0.659,0.207,0.348,0,0.296,0.939,0.438,0.639,0.461,0.555
Malaysia,1977,0.241,0.544,1,0.283,1,0.662,0.659,0.207,0.348,0,0.296,0.939,0.438,0.639,0.461,0.555
Malaysia,1978,0.24,0.545,1,0.281,1,0.667,0.659,0.207,0.348,0,0.296,0.939,0.438,0.639,0.461,0.555
Malaysia,1979,0.24,0.545,1,0.278,1,0.667,0.659,0.207,0.348,0,0.296,0.939,0.438,0.639,0.461,0.555
Malaysia,1980,0.24,0.57,1,0.276,1,0.667,0.659,0.207,0.481,0,0.296,0.939,0.426,0.648,0.506,0.698
Malaysia,1981,0.228,0.563,1,0.261,1,0.656,0.643,0.207,0.414,0,0.296,0.939,0.399,0.648,0.506,0.731
Malaysia,1982,0.227,0.564,1,0.259,1,0.638,0.558,0.168,0.414,0,0.296,0.939,0.399,0.648,0.506,0.706
Malaysia,1983,0.227,0.564,1,0.258,1,0.633,0.558,0.144,0.414,0,0.296,0.939,0.389,0.648,0.506,0.706
Malaysia,1984,0.227,0.564,1,0.258,1,0.629,0.558,0.144,0.414,0,0.296,0.939,0.389,0.648,0.506,0.706
Malaysia,1985,0.227,0.564,1,0.258,1,0.601,0.558,0.144,0.414,0,0.296,0.939,0.389,0.648,0.506,0.706
Malaysia,1986,0.227,0.562,1,0.246,1,0.595,0.558,0.144,0.414,0,0.296,0.939,0.389,0.648,0.506,0.706
Malaysia,1987,0.191,0.56,1,0.23,1,0.577,0.558,0.144,0.414,0,0.296,0.939,0.449,0.41,0.506,0.706
Malaysia,1988,0.173,0.56,1,0.23,1,0.577,0.489,0.144,0.414,0,0.296,0.939,0.449,0.41,0.506,0.706
Malaysia,1989,0.173,0.56,1,0.23,1,0.577,0.546,0.144,0.414,0,0.296,0.939,0.449,0.41,0.506,0.706
Malaysia,1990,0.173,0.597,1,0.225,1,0.572,0.546,0.144,0.414,0,0.296,0.939,0.449,0.41,0.506,0.786
Malaysia,1991,0.173,0.604,1,0.207,1,0.572,0.546,0.144,0.414,0,0.296,0.939,0.453,0.395,0.506,0.786
Malaysia,1992,0.173,0.604,1,0.207,1,0.572,0.546,0.144,0.414,0,0.296,0.939,0.453,0.395,0.506,0.786
Malaysia,1993,0.173,0.604,1,0.207,1,0.572,0.546,0.144,0.414,0,0.296,0.939,0.453,0.395,0.506,0.786
Malaysia,1994,0.173,0.604,1,0.207,1,0.572,0.546,0.144,0.414,0,0.296,0.939,0.469,0.395,0.506,0.786
Malaysia,1995,0.173,0.604,1,0.196,1,0.572,0.546,0.144,0.414,0,0.296,0.939,0.478,0.395,0.506,0.786
Malaysia,1996,0.173,0.604,1,0.191,1,0.572,0.546,0.144,0.414,0,0.296,0.939,0.478,0.395,0.506,0.786
Malaysia,1997,0.173,0.604,1,0.191,1,0.572,0.546,0.144,0.414,0,0.296,0.939,0.478,0.395,0.506,0.786
Malaysia,1998,0.173,0.604,1,0.191,1,0.584,0.546,0.144,0.414,0,0.296,0.939,0.478,0.395,0.506,0.786
Malaysia,1999,0.2,0.638,1,0.192,1,0.556,0.546,0.144,0.414,0,0.296,0.939,0.476,0.395,0.506,0.786
Malaysia,2000,0.235,0.652,1,0.211,1,0.549,0.546,0.144,0.751,0,0.296,0.939,0.476,0.404,0.516,0.786
Malaysia,2001,0.263,0.652,1,0.211,1,0.549,0.546,0.144,0.751,0,0.296,0.939,0.476,0.404,0.516,0.786
Malaysia,2002,0.263,0.652,1,0.211,1,0.549,0.546,0.203,0.751,0,0.296,0.939,0.476,0.402,0.516,0.786
Malaysia,2003,0.269,0.661,1,0.211,1,0.539,0.546,0.203,0.751,0,0.296,0.939,0.52,0.402,0.516,0.786
Malaysia,2004,0.341,0.661,1,0.257,1,0.562,0.641,0.332,0.751,0,0.296,0.939,0.618,0.402,0.516,0.786
Malaysia,2005,0.341,0.661,1,0.272,1,0.578,0.641,0.332,0.751,0,0.296,0.939,0.601,0.402,0.516,0.786
Malaysia,2006,0.338,0.668,1,0.272,1,0.576,0.641,0.332,0.77,0,0.296,0.939,0.614,0.402,0.516,0.784
Malaysia,2007,0.331,0.668,1,0.272,1,0.574,0.641,0.332,0.77,0,0.296,0.939,0.614,0.402,0.516,0.784
Malaysia,2008,0.335,0.654,1,0.355,1,0.574,0.641,0.332,0.805,0,0.296,0.92,0.624,0.402,0.524,0.784
Malaysia,2009,0.328,0.64,1,0.373,1,0.574,0.633,0.332,0.805,0,0.296,0.92,0.611,0.402,0.524,0.784
Malaysia,2010,0.331,0.642,1,0.373,1,0.58,0.633,0.332,0.778,0,0.296,0.938,0.617,0.402,0.523,0.784
Malaysia,2011,0.323,0.643,1,0.373,1,0.58,0.628,0.332,0.778,0,0.296,0.938,0.617,0.402,0.523,0.784
Malaysia,2012,0.323,0.643,1,0.373,1,0.58,0.628,0.337,0.778,0,0.296,0.938,0.608,0.366,0.523,0.784
Malaysia,2013,0.322,0.648,1,0.35,1,0.563,0.59,0.339,0.774,0,0.296,0.957,0.615,0.363,0.519,0.789
Malaysia,2014,0.322,0.674,1,0.339,1,0.563,0.59,0.339,0.774,0,0.296,0.957,0.615,0.363,0.519,0.789
Malaysia,2015,0.322,0.674,1,0.348,1,0.563,0.555,0.312,0.774,0,0.296,0.957,0.615,0.363,0.519,0.789
Malaysia,2016,0.322,0.677,1,0.348,1,0.551,0.555,0.312,0.774,0,0.296,0.957,0.615,0.363,0.519,0.789
Malaysia,2017,0.336,0.702,1,0.348,1,0.589,0.527,0.311,0.75,0,0.296,0.893,0.626,0.353,0.509,0.789
Malaysia,2018,0.633,0.744,1,0.421,1,0.695,0.751,0.479,0.757,0,0.296,0.893,0.696,0.598,0.6,0.856
Malaysia,2019,0.663,0.744,1,0.48,1,0.693,0.751,0.509,0.768,0,0.296,0.893,0.703,0.598,0.6,0.856
Malaysia,2020,0.567,0.693,1,0.468,1,0.712,0.751,0.449,0.768,0,0.296,0.893,0.618,0.627,0.635,0.819
Malaysia,2021,0.563,0.728,1,0.453,1,0.691,0.751,0.412,0.76,0,0.296,0.893,0.625,0.627,0.611,0.819
Malaysia,2022,0.619,0.756,1,0.474,1,0.699,0.751,0.412,0.775,0,0.296,0.786,0.653,0.639,0.606,0.819
Malaysia,2023,0.627,0.762,1,0.592,1,0.712,0.751,0.508,0.777,0,0.296,0.842,0.673,0.638,0.641,0.874
Malaysia,2024,0.619,0.803,1,0.592,1,0.707,0.751,0.497,0.777,0,0.296,0.842,0.673,0.638,0.636,0.876
Mauritius,1950,0.719,0.803,0.5,0.748,0,0.745,0.772,0.889,0.571,0,0.867,0,0.71,0.195,0.467,0.377
Mauritius,1951,0.719,0.803,0.5,0.748,0,0.745,0.772,0.889,0.571,0,0.867,0,0.71,0.195,0.467,0.377
Mauritius,1952,0.719,0.803,0.5,0.748,0,0.745,0.772,0.889,0.571,0,0.867,0,0.71,0.195,0.467,0.377
Mauritius,1953,0.719,0.805,0.5,0.751,0,0.745,0.772,0.889,0.571,0,0.867,0,0.71,0.195,0.467,0.377
Mauritius,1954,0.719,0.808,0.5,0.756,0,0.788,0.772,0.889,0.588,0,0.867,0,0.71,0.195,0.467,0.377
Mauritius,1955,0.719,0.808,0.5,0.756,0,0.788,0.772,0.889,0.588,0,0.867,0,0.71,0.195,0.467,0.377
Mauritius,1956,0.719,0.808,0.5,0.756,0,0.788,0.772,0.889,0.588,0,0.867,0,0.71,0.195,0.467,0.377
Mauritius,1957,0.719,0.837,0.5,0.756,0,0.788,0.772,0.889,0.588,0,0.867,0,0.71,0.195,0.467,0.393
Mauritius,1958,0.737,0.852,0.5,0.756,0,0.788,0.772,0.889,0.588,0,0.867,0,0.759,0.251,0.467,0.393
Mauritius,1959,0.743,0.852,1,0.754,0,0.806,0.772,0.889,0.588,0,0.867,0,0.759,0.251,0.467,0.429
Mauritius,1960,0.744,0.853,1,0.753,0,0.807,0.772,0.889,0.588,0,0.867,0,0.759,0.593,0.467,0.429
Mauritius,1961,0.74,0.853,1,0.753,0.385,0.807,0.772,0.889,0.588,0,0.867,0,0.759,0.593,0.467,0.429
Mauritius,1962,0.74,0.853,1,0.753,0.385,0.807,0.772,0.889,0.588,0,0.867,0,0.759,0.593,0.467,0.429
Mauritius,1963,0.753,0.852,1,0.752,0.385,0.789,0.772,0.889,0.588,0,0.867,0,0.759,0.593,0.467,0.429
Mauritius,1964,0.753,0.852,1,0.744,0.385,0.789,0.772,0.889,0.588,0,0.867,0,0.759,0.593,0.467,0.429
Mauritius,1965,0.753,0.852,1,0.744,0.385,0.789,0.772,0.889,0.588,0,0.867,0,0.759,0.593,0.467,0.429
Mauritius,1966,0.753,0.852,1,0.744,0.385,0.789,0.772,0.889,0.588,0,0.867,0,0.759,0.593,0.467,0.429
Mauritius,1967,0.753,0.853,1,0.773,0.385,0.787,0.772,0.889,0.588,0,0.867,0,0.759,0.593,0.467,0.429
Mauritius,1968,0.741,0.845,1,0.808,0.886,0.868,0.825,0.889,0.68,0.009,0.867,0,0.913,0.647,0.609,0.681
Mauritius,1969,0.773,0.819,1,0.857,0.886,0.873,0.825,0.889,0.775,0.009,0.867,0,0.913,0.839,0.609,0.722
Mauritius,1970,0.749,0.84,1,0.857,0.886,0.853,0.825,0.889,0.817,0.009,0.867,0,0.934,0.807,0.609,0.745
Mauritius,1971,0.737,0.84,1,0.857,0.886,0.844,0.825,0.889,0.817,0.009,0.867,0,0.934,0.807,0.609,0.745
Mauritius,1972,0.737,0.84,1,0.857,0.886,0.857,0.825,0.889,0.817,0.009,0.867,0,0.934,0.807,0.609,0.745
Mauritius,1973,0.728,0.84,1,0.857,0.886,0.857,0.825,0.889,0.817,0.009,0.867,0,0.934,0.807,0.609,0.745
Mauritius,1974,0.728,0.84,1,0.857,0.886,0.886,0.825,0.889,0.817,0.009,0.867,0,0.934,0.807,0.609,0.745
Mauritius,1975,0.728,0.84,1,0.857,0.886,0.886,0.825,0.889,0.817,0.009,0.867,0,0.934,0.807,0.609,0.745
Mauritius,1976,0.765,0.84,1,0.857,0.886,0.9,0.825,0.889,0.817,0.009,0.867,0,0.934,0.807,0.609,0.801
Mauritius,1977,0.78,0.865,1,0.864,0.886,0.9,0.825,0.889,0.817,0.009,0.867,0,0.934,0.807,0.673,0.801
Mauritius,1978,0.78,0.865,1,0.864,0.886,0.9,0.825,0.889,0.817,0.009,0.867,0,0.934,0.807,0.673,0.801
Mauritius,1979,0.78,0.869,1,0.864,0.886,0.9,0.825,0.889,0.773,0.009,0.867,0,0.934,0.807,0.673,0.801
Mauritius,1980,0.787,0.879,1,0.864,0.886,0.902,0.825,0.889,0.838,0.009,0.867,0,0.946,0.787,0.736,0.81
Mauritius,1981,0.787,0.879,1,0.864,0.886,0.902,0.825,0.889,0.838,0.009,0.867,0,0.946,0.787,0.736,0.817
Mauritius,1982,0.795,0.878,1,0.879,0.886,0.902,0.825,0.889,0.838,0.009,0.867,0,0.946,0.787,0.736,0.817
Mauritius,1983,0.79,0.88,1,0.893,0.886,0.899,0.825,0.889,0.838,0.009,0.867,0,0.946,0.787,0.736,0.817
Mauritius,1984,0.79,0.88,1,0.898,0.886,0.899,0.825,0.889,0.838,0.009,0.867,0,0.946,0.787,0.694,0.817
Mauritius,1985,0.79,0.88,1,0.898,0.886,0.902,0.825,0.889,0.838,0.009,0.867,0,0.946,0.787,0.694,0.817
Mauritius,1986,0.803,0.88,1,0.898,0.886,0.902,0.825,0.889,0.838,0.009,0.867,0,0.946,0.787,0.694,0.817
Mauritius,1987,0.803,0.88,1,0.897,0.886,0.902,0.825,0.889,0.838,0.009,0.867,0,0.946,0.787,0.694,0.817
Mauritius,1988,0.803,0.879,1,0.895,0.886,0.902,0.825,0.889,0.838,0.009,0.867,0,0.946,0.787,0.694,0.817
Mauritius,1989,0.803,0.879,1,0.895,0.886,0.902,0.825,0.889,0.838,0.009,0.867,0,0.946,0.787,0.694,0.817
Mauritius,1990,0.813,0.886,1,0.895,0.886,0.901,0.825,0.821,0.838,0.009,0.867,0,0.945,0.787,0.694,0.814
Mauritius,1991,0.821,0.884,1,0.893,0.886,0.901,0.825,0.821,0.838,0.009,0.867,0,0.945,0.787,0.694,0.814
Mauritius,1992,0.823,0.884,1,0.889,0.886,0.901,0.825,0.85,0.838,0.009,0.867,0,0.945,0.787,0.694,0.814
Mauritius,1993,0.832,0.899,1,0.889,0.886,0.914,0.825,0.85,0.838,0.009,0.867,0,0.945,0.787,0.694,0.814
Mauritius,1994,0.832,0.899,1,0.889,0.886,0.914,0.825,0.85,0.838,0.009,0.867,0,0.945,0.787,0.694,0.814
Mauritius,1995,0.832,0.899,1,0.889,0.886,0.914,0.825,0.85,0.838,0.009,0.867,0,0.945,0.787,0.694,0.814
Mauritius,1996,0.832,0.897,1,0.889,0.886,0.914,0.825,0.85,0.838,0.009,0.867,0,0.945,0.787,0.694,0.814
Mauritius,1997,0.832,0.897,1,0.889,0.886,0.914,0.825,0.85,0.838,0.009,0.867,0,0.945,0.787,0.694,0.814
Mauritius,1998,0.832,0.897,1,0.889,0.886,0.914,0.825,0.85,0.838,0.009,0.867,0,0.945,0.787,0.694,0.814
Mauritius,1999,0.832,0.897,1,0.889,0.886,0.914,0.825,0.85,0.838,0.009,0.867,0,0.945,0.787,0.694,0.814
Mauritius,2000,0.848,0.897,1,0.887,0.886,0.914,0.88,0.875,0.87,0.009,0.867,0,0.942,0.787,0.694,0.901
Mauritius,2001,0.848,0.897,1,0.884,0.886,0.914,0.88,0.875,0.87,0.009,0.867,0,0.942,0.787,0.694,0.901
Mauritius,2002,0.855,0.897,1,0.884,0.886,0.914,0.88,0.875,0.87,0.009,0.867,0,0.942,0.787,0.694,0.898
Mauritius,2003,0.855,0.897,1,0.884,0.886,0.914,0.88,0.875,0.87,0.009,0.867,0,0.942,0.787,0.694,0.898
Mauritius,2004,0.855,0.897,1,0.884,0.886,0.914,0.88,0.875,0.87,0.009,0.867,0,0.942,0.787,0.694,0.898
Mauritius,2005,0.855,0.897,1,0.887,0.886,0.909,0.88,0.875,0.87,0.009,0.867,0,0.942,0.787,0.694,0.898
Mauritius,2006,0.856,0.897,1,0.89,0.886,0.909,0.88,0.875,0.87,0.009,0.867,0,0.942,0.787,0.694,0.898
Mauritius,2007,0.856,0.897,1,0.89,0.886,0.909,0.88,0.875,0.87,0.009,0.867,0,0.942,0.787,0.694,0.898
Mauritius,2008,0.856,0.897,1,0.89,0.886,0.909,0.88,0.854,0.87,0.009,0.867,0,0.942,0.787,0.694,0.898
Mauritius,2009,0.856,0.897,1,0.89,0.886,0.909,0.88,0.854,0.87,0.009,0.867,0,0.942,0.787,0.694,0.898
Mauritius,2010,0.883,0.897,1,0.883,0.886,0.923,0.876,0.874,0.861,0.009,0.867,0,0.943,0.811,0.719,0.938
Mauritius,2011,0.89,0.897,1,0.876,0.886,0.929,0.876,0.874,0.861,0.009,0.867,0,0.943,0.811,0.719,0.938
Mauritius,2012,0.89,0.897,1,0.876,0.886,0.929,0.876,0.874,0.861,0.009,0.867,0,0.943,0.811,0.719,0.938
Mauritius,2013,0.87,0.894,1,0.876,0.886,0.914,0.84,0.886,0.859,0.009,0.875,0,0.868,0.785,0.752,0.924
Mauritius,2014,0.857,0.884,1,0.878,0.886,0.9,0.789,0.876,0.824,0.009,0.875,0,0.796,0.785,0.752,0.924
Mauritius,2015,0.865,0.881,1,0.892,0.886,0.885,0.813,0.876,0.824,0.009,0.875,0,0.817,0.785,0.739,0.93
Mauritius,2016,0.864,0.878,1,0.892,0.886,0.885,0.813,0.876,0.824,0.009,0.875,0,0.817,0.785,0.739,0.93
Mauritius,2017,0.858,0.878,1,0.892,0.886,0.858,0.855,0.842,0.871,0.009,0.875,0,0.852,0.805,0.737,0.927
Mauritius,2018,0.871,0.878,1,0.892,0.886,0.88,0.854,0.855,0.856,0.009,0.875,0,0.861,0.807,0.737,0.899
Mauritius,2019,0.855,0.876,1,0.813,0.886,0.872,0.854,0.873,0.866,0.009,0.875,0,0.823,0.841,0.737,0.886
Mauritius,2020,0.785,0.842,1,0.576,0.886,0.79,0.807,0.82,0.799,0.009,0.936,0,0.823,0.833,0.64,0.861
Mauritius,2021,0.727,0.842,1,0.576,0.886,0.733,0.785,0.809,0.799,0.009,0.936,0,0.809,0.833,0.571,0.847
Mauritius,2022,0.676,0.798,1,0.558,0.886,0.684,0.718,0.71,0.799,0.009,0.936,0,0.809,0.803,0.619,0.847
Mauritius,2023,0.618,0.798,1,0.535,0.886,0.687,0.72,0.688,0.799,0.009,0.936,0,0.8,0.799,0.591,0.824
Mauritius,2024,0.616,0.792,1,0.611,0.886,0.697,0.72,0.689,0.799,0.009,0.936,0,0.8,0.82,0.524,0.824
New Zealand,1950,0.857,0.902,1,0.909,1,0.966,0.924,0.794,0.908,0.131,0.976,0,0.766,0.848,0.714,0.96
New Zealand,1951,0.823,0.883,1,0.901,1,0.966,0.924,0.794,0.908,0.131,0.976,0,0.766,0.848,0.714,0.96
New Zealand,1952,0.853,0.903,1,0.885,1,0.966,0.924,0.794,0.908,0.131,0.976,0,0.766,0.848,0.714,0.96
New Zealand,1953,0.853,0.903,1,0.885,1,0.966,0.924,0.794,0.908,0.131,0.976,0,0.766,0.848,0.714,0.96
New Zealand,1954,0.861,0.902,1,0.888,1,0.966,0.924,0.794,0.908,0.131,0.976,0,0.766,0.848,0.714,0.96
New Zealand,1955,0.87,0.901,1,0.908,1,0.966,0.924,0.794,0.908,0.131,0.976,0,0.766,0.848,0.714,0.96
New Zealand,1956,0.87,0.901,1,0.908,1,0.966,0.924,0.794,0.908,0.131,0.976,0,0.766,0.848,0.714,0.96
New Zealand,1957,0.87,0.901,1,0.908,1,0.966,0.924,0.794,0.908,0.131,0.976,0,0.824,0.848,0.714,0.96
New Zealand,1958,0.87,0.901,1,0.917,1,0.966,0.924,0.794,0.908,0.131,0.976,0,0.824,0.848,0.714,0.96
New Zealand,1959,0.87,0.901,1,0.917,1,0.966,0.924,0.794,0.908,0.131,0.976,0,0.824,0.848,0.714,0.96
New Zealand,1960,0.895,0.908,1,0.917,1,0.966,0.924,0.82,0.908,0.131,0.976,0,0.824,0.854,0.716,0.96
New Zealand,1961,0.895,0.908,1,0.916,1,0.966,0.924,0.82,0.908,0.131,0.976,0,0.824,0.854,0.716,0.968
New Zealand,1962,0.895,0.908,1,0.916,1,0.966,0.924,0.854,0.908,0.131,0.976,0,0.824,0.854,0.716,0.968
New Zealand,1963,0.905,0.908,1,0.916,1,0.969,0.924,0.875,0.908,0.131,0.976,0,0.824,0.854,0.716,0.968
New Zealand,1964,0.905,0.911,1,0.92,1,0.969,0.924,0.875,0.908,0.131,0.976,0,0.824,0.854,0.716,0.968
New Zealand,1965,0.905,0.911,1,0.92,1,0.969,0.924,0.875,0.908,0.131,0.976,0,0.824,0.854,0.716,0.968
New Zealand,1966,0.905,0.911,1,0.92,1,0.969,0.924,0.875,0.908,0.131,0.976,0,0.824,0.854,0.716,0.968
New Zealand,1967,0.905,0.909,1,0.919,1,0.969,0.924,0.875,0.908,0.231,0.976,0,0.824,0.854,0.716,0.968
New Zealand,1968,0.905,0.909,1,0.919,1,0.969,0.924,0.875,0.908,0.131,0.976,0,0.824,0.854,0.716,0.968
New Zealand,1969,0.905,0.909,1,0.919,1,0.969,0.924,0.875,0.908,0.131,0.976,0,0.824,0.854,0.716,0.968
New Zealand,1970,0.93,0.91,1,0.919,1,0.969,0.924,0.875,0.914,0.131,0.976,0,0.824,0.854,0.741,0.968
New Zealand,1971,0.93,0.91,1,0.919,1,0.969,0.924,0.875,0.914,0.131,0.976,0,0.824,0.854,0.741,0.968
New Zealand,1972,0.93,0.91,1,0.919,1,0.973,0.924,0.875,0.923,0.131,0.976,0,0.847,0.854,0.775,0.968
New Zealand,1973,0.931,0.912,1,0.915,1,0.973,0.924,0.875,0.923,0.131,0.976,0,0.847,0.854,0.775,0.968
New Zealand,1974,0.939,0.912,1,0.915,1,0.973,0.924,0.875,0.923,0.131,0.976,0,0.847,0.854,0.775,0.968
New Zealand,1975,0.94,0.911,1,0.915,1,0.973,0.924,0.875,0.923,0.131,0.976,0,0.826,0.854,0.77,0.968
New Zealand,1976,0.94,0.909,1,0.917,1,0.973,0.937,0.875,0.908,0.131,0.976,0,0.74,0.876,0.76,0.968
New Zealand,1977,0.94,0.901,1,0.917,1,0.973,0.937,0.875,0.908,0.131,0.976,0,0.74,0.876,0.76,0.968
New Zealand,1978,0.946,0.901,1,0.916,1,0.973,0.937,0.875,0.908,0.131,0.976,0,0.74,0.876,0.76,0.968
New Zealand,1979,0.946,0.901,1,0.907,1,0.973,0.937,0.875,0.908,0.131,0.976,0,0.74,0.876,0.76,0.968
New Zealand,1980,0.949,0.901,1,0.907,1,0.979,0.937,0.875,0.908,0.131,0.976,0,0.74,0.884,0.76,0.968
New Zealand,1981,0.946,0.901,1,0.908,1,0.979,0.937,0.875,0.908,0.131,0.976,0,0.74,0.884,0.76,0.968
New Zealand,1982,0.941,0.9,1,0.919,1,0.979,0.937,0.875,0.908,0.131,0.976,0,0.74,0.884,0.76,0.968
New Zealand,1983,0.949,0.9,1,0.919,1,0.979,0.937,0.875,0.908,0.131,0.976,0,0.666,0.884,0.76,0.968
New Zealand,1984,0.959,0.909,1,0.917,1,0.98,0.937,0.875,0.894,0.131,0.976,0,0.637,0.884,0.714,0.957
New Zealand,1985,0.961,0.908,1,0.914,1,0.98,0.944,0.899,0.894,0.131,0.976,0,0.702,0.883,0.707,0.954
New Zealand,1986,0.961,0.908,1,0.914,1,0.98,0.974,0.899,0.894,0.131,0.976,0,0.702,0.883,0.655,0.954
New Zealand,1987,0.961,0.909,1,0.917,1,0.98,0.974,0.899,0.894,0.131,0.976,0,0.702,0.883,0.655,0.954
New Zealand,1988,0.961,0.91,1,0.922,1,0.98,0.974,0.899,0.894,0.131,0.976,0,0.702,0.883,0.703,0.951
New Zealand,1989,0.961,0.91,1,0.922,1,0.98,0.974,0.899,0.894,0.131,0.976,0,0.702,0.883,0.703,0.951
New Zealand,1990,0.961,0.91,1,0.928,1,0.977,0.974,0.899,0.894,0.131,0.976,0,0.702,0.883,0.743,0.933
New Zealand,1991,0.961,0.91,1,0.929,1,0.977,0.974,0.899,0.883,0.131,0.976,0,0.702,0.883,0.743,0.933
New Zealand,1992,0.961,0.91,1,0.929,1,0.977,0.974,0.899,0.883,0.231,0.976,0,0.702,0.883,0.743,0.933
New Zealand,1993,0.961,0.909,1,0.937,1,0.977,0.974,0.899,0.883,0.303,0.976,0,0.702,0.883,0.743,0.933
New Zealand,1994,0.961,0.908,1,0.935,1,0.977,0.974,0.899,0.883,0.303,0.976,0,0.802,0.883,0.743,0.933
New Zealand,1995,0.961,0.908,1,0.935,1,0.977,0.974,0.899,0.883,0.474,0.976,0,0.802,0.883,0.743,0.933
New Zealand,1996,0.955,0.908,1,0.946,1,0.977,0.974,0.899,0.883,0.474,0.976,0,0.802,0.883,0.749,0.933
New Zealand,1997,0.962,0.909,1,0.948,1,0.977,0.974,0.918,0.883,0.474,0.976,0,0.802,0.883,0.749,0.933
New Zealand,1998,0.962,0.909,1,0.948,1,0.977,0.974,0.918,0.883,0.466,0.976,0,0.802,0.883,0.794,0.933
New Zealand,1999,0.962,0.909,1,0.948,1,0.977,0.974,0.918,0.883,0.479,0.976,0,0.842,0.883,0.825,0.933
New Zealand,2000,0.962,0.908,1,0.948,1,0.977,0.974,0.918,0.859,0.521,0.976,0,0.865,0.883,0.866,0.934
New Zealand,2001,0.962,0.908,1,0.948,1,0.977,0.974,0.918,0.859,0.513,0.976,0,0.865,0.883,0.866,0.934
New Zealand,2002,0.962,0.908,1,0.947,1,0.977,0.974,0.918,0.859,0.494,0.976,0,0.865,0.883,0.866,0.938
New Zealand,2003,0.962,0.908,1,0.946,1,0.977,0.974,0.918,0.859,0.474,0.976,0,0.865,0.883,0.866,0.938
New Zealand,2004,0.962,0.908,1,0.946,1,0.977,0.974,0.918,0.859,0.441,0.976,0,0.865,0.883,0.866,0.938
New Zealand,2005,0.962,0.908,1,0.945,1,0.977,0.974,0.918,0.859,0.408,0.976,0,0.865,0.883,0.872,0.938
New Zealand,2006,0.962,0.909,1,0.941,1,0.977,0.974,0.918,0.859,0.376,0.976,0,0.865,0.883,0.872,0.938
New Zealand,2007,0.962,0.909,1,0.941,1,0.977,0.974,0.918,0.859,0.343,0.976,0,0.865,0.883,0.859,0.938
New Zealand,2008,0.962,0.909,1,0.945,1,0.977,0.974,0.918,0.85,0.31,0.976,0,0.86,0.883,0.876,0.939
New Zealand,2009,0.962,0.91,1,0.966,1,0.977,0.974,0.918,0.837,0.333,0.976,0,0.844,0.883,0.863,0.939
New Zealand,2010,0.961,0.91,1,0.968,1,0.977,0.974,0.918,0.837,0.313,0.97,0,0.844,0.883,0.863,0.939
New Zealand,2011,0.957,0.91,1,0.968,1,0.977,0.974,0.918,0.837,0.413,0.97,0,0.844,0.883,0.863,0.939
New Zealand,2012,0.957,0.912,1,0.968,1,0.977,0.974,0.918,0.837,0.406,0.97,0,0.844,0.883,0.863,0.939
New Zealand,2013,0.945,0.912,1,0.968,1,0.977,0.974,0.918,0.837,0.406,0.97,0,0.844,0.883,0.863,0.939
New Zealand,2014,0.943,0.912,1,0.968,1,0.977,0.974,0.918,0.837,0.406,0.97,0,0.844,0.883,0.863,0.939
New Zealand,2015,0.946,0.912,1,0.967,1,0.977,0.974,0.918,0.837,0.406,0.97,0,0.844,0.883,0.863,0.939
New Zealand,2016,0.946,0.912,1,0.967,1,0.977,0.974,0.918,0.834,0.406,0.97,0,0.844,0.883,0.863,0.939
New Zealand,2017,0.943,0.91,1,0.966,1,0.977,0.972,0.918,0.876,0.406,0.97,0,0.844,0.883,0.876,0.937
New Zealand,2018,0.956,0.908,1,0.965,1,0.974,0.979,0.918,0.876,0.384,0.97,0,0.854,0.873,0.872,0.94
New Zealand,2019,0.955,0.908,1,0.965,1,0.976,0.979,0.918,0.876,0.363,0.97,0,0.847,0.895,0.872,0.924
New Zealand,2020,0.947,0.908,1,0.964,1,0.968,0.979,0.918,0.876,0.341,0.97,0,0.841,0.895,0.848,0.922
New Zealand,2021,0.935,0.907,1,0.962,1,0.959,0.979,0.918,0.901,0.32,0.97,0,0.834,0.895,0.848,0.922
New Zealand,2022,0.943,0.907,1,0.962,1,0.973,0.974,0.918,0.872,0.299,0.97,0,0.871,0.895,0.838,0.922
New Zealand,2023,0.947,0.907,1,0.96,1,0.975,0.978,0.918,0.872,0.277,0.97,0,0.827,0.895,0.81,0.922
New Zealand,2024,0.953,0.88,1,0.955,1,0.974,0.981,0.918,0.744,0.256,0.97,0,0.804,0.895,0.793,0.912
Norway,1950,0.827,0.874,1,0.94,1,0.911,0.981,0.899,0.983,0.015,0.963,0.472,0.965,0.827,0.914,0.969
Norway,1951,0.827,0.874,1,0.94,1,0.917,0.981,0.899,0.983,0.015,0.963,0.472,0.965,0.827,0.914,0.969
Norway,1952,0.827,0.874,1,0.94,1,0.917,0.981,0.899,0.983,0.015,0.963,0.472,0.965,0.827,0.914,0.969
Norway,1953,0.827,0.873,1,0.94,1,0.917,0.984,0.899,0.983,0.015,0.963,0.472,0.965,0.827,0.914,0.969
Norway,1954,0.858,0.868,1,0.94,1,0.917,0.984,0.899,0.983,0.015,0.963,0.472,0.969,0.827,0.914,0.969
Norway,1955,0.862,0.868,1,0.94,1,0.917,0.984,0.899,0.983,0.015,0.963,0.472,0.969,0.827,0.914,0.969
Norway,1956,0.867,0.868,1,0.94,1,0.922,0.984,0.899,0.983,0.015,0.963,0.472,0.969,0.89,0.914,0.969
Norway,1957,0.875,0.869,1,0.941,1,0.954,0.984,0.899,0.983,0.015,0.963,0.472,0.969,0.895,0.914,0.969
Norway,1958,0.875,0.881,1,0.942,1,0.954,0.984,0.899,0.983,0.015,0.963,0.472,0.969,0.895,0.914,0.969
Norway,1959,0.875,0.881,1,0.942,1,0.954,0.984,0.899,0.983,0.015,0.963,0.472,0.968,0.895,0.914,0.969
Norway,1960,0.903,0.881,1,0.942,1,0.963,0.984,0.899,0.983,0.015,0.963,0.472,0.987,0.907,0.939,0.973
Norway,1961,0.903,0.882,1,0.942,1,0.963,0.984,0.899,0.983,0.015,0.963,0.472,0.987,0.907,0.939,0.973
Norway,1962,0.903,0.884,1,0.94,1,0.963,0.984,0.899,0.983,0.015,0.963,0.472,0.987,0.907,0.939,0.973
Norway,1963,0.903,0.884,1,0.94,1,0.963,0.984,0.899,0.983,0.015,0.963,0.472,0.987,0.907,0.939,0.973
Norway,1964,0.903,0.884,1,0.94,1,0.971,0.984,0.949,0.983,0.015,0.963,0.472,0.987,0.907,0.939,0.973
Norway,1965,0.903,0.884,1,0.941,1,0.971,0.984,0.971,0.983,0.015,0.963,0.472,0.987,0.907,0.939,0.973
Norway,1966,0.903,0.885,1,0.942,1,0.971,0.984,0.971,0.983,0.015,0.963,0.472,0.987,0.907,0.939,0.973
Norway,1967,0.903,0.885,1,0.942,1,0.971,0.984,0.971,0.983,0.015,0.963,0.472,0.987,0.907,0.939,0.973
Norway,1968,0.903,0.885,1,0.942,1,0.971,0.984,0.971,0.988,0.015,0.963,0.472,0.987,0.907,0.94,0.973
Norway,1969,0.903,0.883,1,0.941,1,0.971,0.984,0.971,0.988,0.015,0.963,0.472,0.987,0.907,0.956,0.973
Norway,1970,0.914,0.897,1,0.94,1,0.975,0.984,0.971,0.988,0.015,0.963,0.472,0.987,0.962,0.974,0.984
Norway,1971,0.914,0.897,1,0.94,1,0.975,0.984,0.971,0.988,0.015,0.963,0.472,0.987,0.962,0.974,0.984
Norway,1972,0.914,0.897,1,0.94,1,0.975,0.984,0.971,0.988,0.135,0.963,0.472,0.987,0.962,0.974,0.984
Norway,1973,0.914,0.899,1,0.94,1,0.975,0.984,0.971,0.988,0.135,0.963,0.472,0.987,0.962,0.974,0.984
Norway,1974,0.914,0.902,1,0.94,1,0.975,0.984,0.971,0.988,0.135,0.963,0.472,0.987,0.962,0.974,0.984
Norway,1975,0.914,0.902,1,0.94,1,0.975,0.984,0.971,0.988,0.135,0.963,0.942,0.987,0.962,0.974,0.984
Norway,1976,0.914,0.902,1,0.94,1,0.975,0.984,0.971,0.988,0.135,0.963,0.942,0.987,0.962,0.974,0.984
Norway,1977,0.914,0.901,1,0.941,1,0.975,0.984,0.971,0.988,0.12,0.963,0.942,0.987,0.962,0.974,0.984
Norway,1978,0.914,0.899,1,0.942,1,0.975,0.984,0.971,0.988,0.105,0.963,0.942,0.987,0.962,0.974,0.984
Norway,1979,0.914,0.899,1,0.942,1,0.975,0.984,0.971,0.988,0.09,0.963,0.942,0.987,0.962,0.974,0.984
Norway,1980,0.931,0.913,1,0.942,1,0.982,0.984,0.971,0.988,0.075,0.963,0.942,0.987,0.972,0.97,0.984
Norway,1981,0.931,0.914,1,0.942,1,0.985,0.984,0.971,0.988,0.06,0.963,0.942,0.987,0.972,0.97,0.984
Norway,1982,0.931,0.916,1,0.941,1,0.985,0.984,0.971,0.988,0.045,0.963,0.942,0.987,0.972,0.97,0.984
Norway,1983,0.931,0.916,1,0.941,1,0.985,0.984,0.971,0.988,0.03,0.963,0.942,0.987,0.972,0.97,0.984
Norway,1984,0.931,0.916,1,0.941,1,0.985,0.984,0.971,0.988,0.015,0.963,0.942,0.987,0.972,0.97,0.984
Norway,1985,0.931,0.915,1,0.94,1,0.985,0.984,0.971,0.988,0.015,0.963,0.942,0.987,0.972,0.97,0.984
Norway,1986,0.931,0.914,1,0.939,1,0.985,0.984,0.971,0.988,0.015,0.963,0.942,0.987,0.972,0.977,0.984
Norway,1987,0.931,0.914,1,0.939,1,0.985,0.984,0.971,0.988,0.015,0.963,0.942,0.987,0.972,0.977,0.984
Norway,1988,0.931,0.914,1,0.939,1,0.985,0.984,0.971,0.988,0.015,0.963,0.942,0.987,0.972,0.977,0.984
Norway,1989,0.931,0.913,1,0.939,1,0.985,0.984,0.971,0.988,0.015,0.963,0.942,0.987,0.972,0.977,0.984
Norway,1990,0.963,0.913,1,0.94,1,0.988,0.984,0.971,0.988,0.015,0.963,0.942,0.987,0.972,0.977,0.984
Norway,1991,0.963,0.913,1,0.94,1,0.988,0.984,0.971,0.988,0.015,0.963,0.942,0.987,0.972,0.977,0.984
Norway,1992,0.963,0.913,1,0.94,1,0.988,0.984,0.971,0.988,0.015,0.963,0.942,0.987,0.972,0.977,0.984
Norway,1993,0.963,0.914,1,0.94,1,0.988,0.984,0.971,0.988,0.015,0.963,0.942,0.987,0.972,0.977,0.984
Norway,1994,0.963,0.915,1,0.94,1,0.988,0.984,0.971,0.988,0.135,0.963,0.942,0.987,0.972,0.977,0.984
Norway,1995,0.963,0.915,1,0.94,1,0.988,0.984,0.971,0.988,0.135,0.963,0.942,0.987,0.972,0.977,0.984
Norway,1996,0.963,0.915,1,0.94,1,0.988,0.984,0.971,0.988,0.135,0.963,0.942,0.987,0.972,0.977,0.984
Norway,1997,0.963,0.914,1,0.94,1,0.988,0.984,0.971,0.988,0.135,0.963,0.942,0.987,0.972,0.977,0.984
Norway,1998,0.963,0.913,1,0.94,1,0.988,0.984,0.971,0.988,0.135,0.963,0.942,0.987,0.972,0.977,0.984
Norway,1999,0.963,0.913,1,0.94,1,0.988,0.984,0.971,0.988,0.12,0.963,0.942,0.987,0.972,0.977,0.984
Norway,2000,0.977,0.913,1,0.94,1,0.988,0.984,0.971,0.988,0.105,0.963,0.942,0.987,0.972,0.977,0.984
Norway,2001,0.977,0.913,1,0.94,1,0.988,0.984,0.971,0.988,0.09,0.963,0.942,0.987,0.972,0.977,0.984
Norway,2002,0.977,0.915,1,0.94,1,0.988,0.984,0.971,0.988,0.075,0.963,0.942,0.987,0.972,0.977,0.984
Norway,2003,0.977,0.915,1,0.94,1,0.988,0.984,0.971,0.988,0.06,0.963,0.942,0.987,0.972,0.977,0.984
Norway,2004,0.977,0.915,1,0.94,1,0.988,0.984,0.971,0.988,0.045,0.963,0.942,0.987,0.972,0.977,0.984
Norway,2005,0.977,0.915,1,0.944,1,0.988,0.984,0.971,0.988,0.03,0.963,0.942,0.987,0.972,0.977,0.984
Norway,2006,0.975,0.916,1,0.955,1,0.988,0.984,0.971,0.988,0.015,0.963,0.942,0.987,0.972,0.977,0.984
Norway,2007,0.975,0.916,1,0.955,1,0.988,0.984,0.971,0.988,0.015,0.963,0.942,0.987,0.972,0.977,0.984
Norway,2008,0.975,0.916,1,0.955,1,0.988,0.984,0.971,0.988,0.015,0.963,0.942,0.987,0.972,0.977,0.984
Norway,2009,0.975,0.916,1,0.956,1,0.988,0.984,0.971,0.988,0.015,0.963,0.942,0.987,0.972,0.977,0.984
Norway,2010,0.975,0.918,1,0.958,1,0.988,0.984,0.971,0.988,0.015,0.963,0.942,0.987,0.972,0.977,0.984
Norway,2011,0.976,0.918,1,0.958,1,0.988,0.984,0.971,0.988,0.015,0.963,0.942,0.987,0.972,0.977,0.984
Norway,2012,0.976,0.918,1,0.958,1,0.988,0.984,0.971,0.988,0.015,0.963,0.942,0.987,0.972,0.977,0.984
Norway,2013,0.98,0.893,1,0.959,1,0.988,0.984,0.971,0.988,0.015,0.963,0.94,0.987,0.979,0.944,0.984
Norway,2014,0.98,0.893,1,0.961,1,0.987,0.984,0.971,0.988,0.015,0.963,0.94,0.985,0.979,0.944,0.984
Norway,2015,0.98,0.893,1,0.97,1,0.987,0.984,0.971,0.988,0.015,0.963,0.94,0.985,0.979,0.951,0.984
Norway,2016,0.98,0.893,1,0.97,1,0.987,0.984,0.971,0.988,0.015,0.963,0.94,0.985,0.979,0.951,0.984
Norway,2017,0.978,0.892,1,0.969,1,0.987,0.984,0.971,0.988,0.015,0.963,0.94,0.985,0.979,0.951,0.984
Norway,2018,0.963,0.891,1,0.966,1,0.985,0.977,0.971,0.988,0.015,0.963,0.94,0.985,0.979,0.968,0.984
Norway,2019,0.96,0.905,1,0.966,1,0.977,0.977,0.971,0.976,0.015,0.963,0.94,0.985,0.979,0.968,0.984
Norway,2020,0.936,0.917,1,0.966,1,0.937,0.971,0.971,0.986,0.015,0.963,0.94,0.985,0.951,0.968,0.987
Norway,2021,0.947,0.916,1,0.965,1,0.937,0.971,0.971,0.986,0.015,0.963,0.94,0.985,0.951,0.968,0.984
Norway,2022,0.947,0.914,1,0.964,1,0.949,0.955,0.971,0.986,0.015,0.963,0.94,0.985,0.951,0.968,0.984
Norway,2023,0.944,0.914,1,0.964,1,0.952,0.955,0.971,0.986,0.015,0.963,0.94,0.986,0.951,0.968,0.984
Norway,2024,0.944,0.914,1,0.964,1,0.966,0.955,0.983,0.986,0.015,0.963,0.94,0.986,0.951,0.968,0.984
Paraguay,1950,0.28,0.115,0.5,0.053,1,0.168,0.114,0.115,0.062,0,0.451,0.041,0.122,0.043,0.061,0.032
Paraguay,1951,0.28,0.114,0.5,0.054,1,0.168,0.114,0.115,0.062,0,0.451,0.041,0.122,0.048,0.061,0.032
Paraguay,1952,0.28,0.114,0.5,0.054,1,0.168,0.114,0.115,0.062,0,0.451,0.041,0.122,0.048,0.061,0.032
Paraguay,1953,0.28,0.114,0.5,0.046,1,0.168,0.114,0.115,0.062,0,0.451,0.041,0.113,0.048,0.061,0.032
Paraguay,1954,0.109,0.094,0.5,0.043,1,0.105,0.114,0.136,0.054,0,0.451,0.041,0.033,0.041,0.033,0.034
Paraguay,1955,0.051,0.092,0.5,0.04,1,0.117,0.1,0.136,0.054,0,0.451,0.041,0.029,0.041,0.079,0.034
Paraguay,1956,0.051,0.092,0.5,0.04,1,0.117,0.1,0.136,0.054,0,0.451,0.041,0.029,0.041,0.079,0.034
Paraguay,1957,0.051,0.092,0.5,0.04,1,0.117,0.1,0.136,0.054,0,0.451,0.041,0.029,0.041,0.079,0.046
Paraguay,1958,0.051,0.077,0.5,0.042,1,0.117,0.092,0.136,0.048,0,0.451,0.041,0.029,0.041,0.079,0.046
Paraguay,1959,0.051,0.077,0.5,0.017,0.5,0.117,0.092,0.05,0.048,0,0.451,0.041,0.029,0.041,0.079,0.046
Paraguay,1960,0.048,0.076,0.5,0.032,0.5,0.105,0.092,0.043,0.048,0,0.451,0.041,0.029,0.033,0.079,0.046
Paraguay,1961,0.048,0.076,0.5,0.039,1,0.105,0.092,0.045,0.048,0,0.451,0.041,0.029,0.033,0.101,0.046
Paraguay,1962,0.047,0.088,1,0.039,1,0.105,0.092,0.045,0.048,0,0.451,0.041,0.029,0.033,0.101,0.046
Paraguay,1963,0.047,0.145,1,0.039,1,0.105,0.092,0.045,0.053,0,0.451,0.041,0.029,0.033,0.101,0.046
Paraguay,1964,0.047,0.166,1,0.039,1,0.105,0.092,0.045,0.053,0,0.451,0.041,0.029,0.033,0.101,0.046
Paraguay,1965,0.047,0.166,1,0.039,1,0.105,0.092,0.045,0.053,0,0.451,0.041,0.029,0.033,0.101,0.046
Paraguay,1966,0.047,0.166,1,0.039,1,0.105,0.135,0.045,0.053,0,0.451,0.041,0.029,0.033,0.101,0.046
Paraguay,1967,0.047,0.169,1,0.04,1,0.105,0.135,0.045,0.053,0,0.451,0.041,0.029,0.033,0.101,0.044
Paraguay,1968,0.045,0.17,1,0.04,1,0.093,0.135,0.045,0.053,0,0.451,0.041,0.022,0.033,0.101,0.044
Paraguay,1969,0.045,0.181,1,0.04,1,0.093,0.135,0.045,0.057,0,0.451,0.041,0.022,0.033,0.101,0.044
Paraguay,1970,0.045,0.181,1,0.04,1,0.093,0.135,0.045,0.057,0,0.451,0.138,0.022,0.033,0.101,0.072
Paraguay,1971,0.045,0.181,1,0.04,1,0.093,0.135,0.045,0.057,0,0.451,0.138,0.022,0.033,0.101,0.072
Paraguay,1972,0.045,0.181,1,0.04,1,0.093,0.135,0.045,0.057,0,0.451,0.138,0.022,0.033,0.101,0.072
Paraguay,1973,0.045,0.181,1,0.04,1,0.093,0.135,0.045,0.051,0,0.451,0.138,0.022,0.033,0.101,0.089
Paraguay,1974,0.045,0.184,1,0.04,1,0.093,0.135,0.045,0.051,0,0.451,0.138,0.022,0.033,0.101,0.089
Paraguay,1975,0.045,0.184,1,0.04,1,0.093,0.135,0.045,0.051,0,0.451,0.138,0.022,0.033,0.101,0.089
Paraguay,1976,0.045,0.184,1,0.04,1,0.093,0.135,0.045,0.051,0,0.451,0.138,0.022,0.033,0.101,0.089
Paraguay,1977,0.045,0.169,1,0.041,1,0.093,0.135,0.045,0.051,0,0.451,0.138,0.022,0.033,0.101,0.089
Paraguay,1978,0.045,0.178,1,0.041,1,0.093,0.135,0.045,0.051,0,0.451,0.138,0.022,0.033,0.101,0.089
Paraguay,1979,0.045,0.179,1,0.041,1,0.093,0.135,0.045,0.051,0,0.451,0.138,0.022,0.033,0.101,0.089
Paraguay,1980,0.045,0.195,1,0.041,1,0.118,0.135,0.045,0.051,0,0.451,0.138,0.022,0.047,0.101,0.089
Paraguay,1981,0.045,0.195,1,0.041,1,0.118,0.135,0.045,0.051,0,0.451,0.138,0.022,0.034,0.101,0.089
Paraguay,1982,0.045,0.195,1,0.041,1,0.118,0.135,0.045,0.051,0,0.451,0.138,0.022,0.05,0.101,0.089
Paraguay,1983,0.045,0.197,1,0.047,1,0.118,0.135,0.045,0.051,0,0.451,0.138,0.022,0.05,0.101,0.089
Paraguay,1984,0.045,0.197,1,0.048,1,0.118,0.135,0.045,0.051,0,0.451,0.138,0.022,0.034,0.101,0.089
Paraguay,1985,0.05,0.197,1,0.048,1,0.118,0.135,0.045,0.051,0,0.451,0.138,0.022,0.034,0.101,0.089
Paraguay,1986,0.05,0.197,1,0.048,1,0.118,0.143,0.045,0.051,0,0.451,0.138,0.022,0.049,0.101,0.089
Paraguay,1987,0.05,0.211,1,0.048,1,0.127,0.167,0.062,0.051,0,0.451,0.138,0.027,0.036,0.101,0.089
Paraguay,1988,0.05,0.216,1,0.057,1,0.127,0.167,0.062,0.051,0,0.451,0.138,0.027,0.048,0.101,0.089
Paraguay,1989,0.058,0.367,1,0.129,1,0.136,0.223,0.267,0.107,0,0.451,0.138,0.086,0.048,0.101,0.084
Paraguay,1990,0.605,0.743,1,0.272,1,0.635,0.253,0.375,0.49,0,0.512,0.138,0.418,0.075,0.161,0.088
Paraguay,1991,0.605,0.745,1,0.312,1,0.635,0.253,0.375,0.49,0,0.969,0.255,0.418,0.153,0.161,0.088
Paraguay,1992,0.643,0.825,1,0.447,1,0.739,0.622,0.673,0.496,0.033,0.969,0.509,0.418,0.156,0.173,0.115
Paraguay,1993,0.674,0.84,1,0.507,1,0.75,0.609,0.653,0.565,0.033,0.969,0.978,0.418,0.177,0.237,0.115
Paraguay,1994,0.675,0.848,1,0.508,1,0.75,0.609,0.696,0.565,0.033,0.969,0.978,0.425,0.153,0.237,0.115
Paraguay,1995,0.675,0.848,1,0.508,1,0.75,0.609,0.696,0.565,0.033,0.969,0.978,0.425,0.153,0.237,0.128
Paraguay,1996,0.675,0.848,1,0.521,1,0.75,0.609,0.696,0.565,0.033,0.969,0.978,0.425,0.153,0.237,0.128
Paraguay,1997,0.675,0.848,1,0.53,1,0.75,0.609,0.696,0.565,0.033,0.969,0.978,0.425,0.153,0.237,0.128
Paraguay,1998,0.675,0.837,1,0.554,1,0.75,0.609,0.696,0.565,0.033,0.969,0.978,0.425,0.153,0.237,0.128
Paraguay,1999,0.675,0.832,1,0.566,1,0.757,0.587,0.696,0.565,0.033,0.969,0.978,0.432,0.202,0.237,0.128
Paraguay,2000,0.689,0.832,1,0.566,1,0.772,0.587,0.696,0.597,0.033,0.969,0.978,0.432,0.202,0.315,0.128
Paraguay,2001,0.689,0.832,1,0.566,1,0.772,0.587,0.696,0.597,0.033,0.969,0.978,0.432,0.202,0.315,0.128
Paraguay,2002,0.689,0.832,1,0.566,1,0.772,0.587,0.696,0.649,0.033,0.969,0.978,0.432,0.209,0.315,0.128
Paraguay,2003,0.689,0.841,1,0.617,1,0.777,0.587,0.696,0.649,0.033,0.969,0.978,0.46,0.214,0.35,0.148
Paraguay,2004,0.734,0.845,1,0.636,1,0.777,0.587,0.696,0.649,0.033,0.969,0.978,0.504,0.214,0.35,0.148
Paraguay,2005,0.734,0.845,1,0.636,1,0.777,0.587,0.69,0.649,0.033,0.969,0.978,0.504,0.214,0.35,0.146
Paraguay,2006,0.734,0.845,1,0.636,1,0.777,0.605,0.69,0.649,0.033,0.969,0.978,0.498,0.27,0.35,0.146
Paraguay,2007,0.734,0.845,1,0.636,1,0.777,0.683,0.72,0.649,0.033,0.969,0.978,0.498,0.27,0.365,0.146
Paraguay,2008,0.786,0.857,1,0.644,1,0.784,0.773,0.802,0.784,0.033,0.969,0.978,0.664,0.27,0.48,0.252
Paraguay,2009,0.808,0.875,1,0.642,1,0.792,0.773,0.802,0.729,0.033,0.969,0.978,0.684,0.307,0.48,0.252
Paraguay,2010,0.815,0.875,1,0.655,1,0.792,0.773,0.802,0.713,0.033,0.969,0.978,0.68,0.307,0.48,0.253
Paraguay,2011,0.811,0.868,1,0.648,1,0.792,0.773,0.802,0.713,0.151,0.969,0.978,0.643,0.307,0.48,0.25
Paraguay,2012,0.773,0.843,1,0.638,1,0.785,0.773,0.773,0.667,0.151,0.969,0.978,0.623,0.25,0.461,0.184
Paraguay,2013,0.714,0.827,1,0.661,1,0.764,0.587,0.583,0.565,0.151,0.969,0.978,0.468,0.21,0.394,0.15
Paraguay,2014,0.724,0.837,1,0.671,1,0.783,0.587,0.583,0.565,0.151,0.969,0.978,0.463,0.21,0.394,0.15
Paraguay,2015,0.726,0.82,1,0.663,1,0.796,0.593,0.608,0.599,0.151,0.969,0.978,0.464,0.24,0.394,0.154
Paraguay,2016,0.717,0.821,1,0.663,1,0.805,0.564,0.648,0.599,0.143,0.969,0.978,0.469,0.23,0.394,0.154
Paraguay,2017,0.724,0.821,1,0.663,1,0.77,0.588,0.643,0.567,0.136,0.969,0.981,0.476,0.278,0.394,0.154
Paraguay,2018,0.741,0.825,1,0.634,1,0.785,0.597,0.638,0.566,0.128,0.969,0.955,0.534,0.265,0.394,0.135
Paraguay,2019,0.741,0.824,1,0.637,1,0.785,0.606,0.671,0.575,0.12,0.981,0.952,0.593,0.302,0.394,0.135
Paraguay,2020,0.741,0.81,1,0.637,1,0.751,0.613,0.728,0.547,0.112,0.981,0.952,0.546,0.339,0.394,0.14
Paraguay,2021,0.741,0.81,1,0.637,1,0.733,0.723,0.681,0.547,0.104,0.981,0.952,0.546,0.327,0.442,0.14
Paraguay,2022,0.741,0.81,1,0.637,1,0.725,0.752,0.681,0.539,0.096,0.981,0.952,0.525,0.302,0.442,0.136
Paraguay,2023,0.741,0.804,1,0.628,1,0.725,0.725,0.668,0.534,0.088,0.981,0.952,0.498,0.311,0.442,0.136
Paraguay,2024,0.747,0.804,1,0.623,1,0.704,0.72,0.441,0.489,0.08,0.981,0.952,0.458,0.312,0.476,0.136
Romania,1950,0.041,0.041,1,0.238,0.5,0.066,0.107,0.023,0.083,0.02,0.005,0.186,0.016,0.681,0.969,0.828
Romania,1951,0.041,0.041,1,0.238,0.5,0.066,0.107,0.023,0.083,0.02,0.005,0.186,0.016,0.681,0.969,0.828
Romania,1952,0.041,0.041,1,0.25,0.5,0.066,0.107,0.023,0.083,0.02,0.005,0.186,0.016,0.681,0.968,0.828
Romania,1953,0.041,0.04,1,0.37,0.5,0.066,0.107,0.023,0.083,0.02,0.005,0.186,0.016,0.681,0.968,0.828
Romania,1954,0.041,0.04,1,0.37,0.5,0.066,0.107,0.023,0.083,0.02,0.005,0.186,0.016,0.681,0.968,0.828
Romania,1955,0.041,0.04,1,0.37,0.5,0.066,0.107,0.023,0.083,0.02,0.005,0.186,0.016,0.681,0.968,0.828
Romania,1956,0.041,0.04,1,0.37,0.5,0.065,0.107,0.023,0.083,0.02,0.005,0.186,0.016,0.681,0.968,0.828
Romania,1957,0.041,0.041,1,0.405,0.5,0.067,0.107,0.023,0.083,0.02,0.005,0.186,0.016,0.681,0.96,0.828
Romania,1958,0.041,0.041,1,0.408,0.5,0.067,0.107,0.023,0.083,0.02,0.005,0.186,0.016,0.681,0.96,0.828
Romania,1959,0.041,0.041,1,0.408,0.5,0.067,0.107,0.023,0.083,0.02,0.005,0.186,0.016,0.681,0.96,0.828
Romania,1960,0.041,0.041,1,0.408,0.5,0.078,0.107,0.023,0.08,0.02,0.005,0.186,0.029,0.681,0.96,0.839
Romania,1961,0.041,0.042,1,0.401,1,0.096,0.107,0.023,0.066,0.02,0.005,0.186,0.029,0.701,0.96,0.839
Romania,1962,0.041,0.042,1,0.4,1,0.096,0.107,0.023,0.066,0.02,0.005,0.186,0.029,0.701,0.96,0.839
Romania,1963,0.041,0.042,1,0.4,1,0.1,0.107,0.023,0.066,0.02,0.005,0.186,0.041,0.701,0.96,0.839
Romania,1964,0.041,0.042,1,0.4,1,0.1,0.107,0.023,0.066,0.02,0.005,0.186,0.041,0.701,0.96,0.839
Romania,1965,0.041,0.041,1,0.404,1,0.107,0.107,0.023,0.066,0.02,0.005,0.186,0.068,0.701,0.96,0.839
Romania,1966,0.042,0.029,1,0.404,1,0.114,0.107,0.023,0.051,0.02,0.005,0.186,0.057,0.676,0.935,0.899
Romania,1967,0.047,0.029,1,0.404,1,0.114,0.107,0.023,0.051,0.02,0.005,0.186,0.057,0.676,0.935,0.899
Romania,1968,0.047,0.029,1,0.404,1,0.115,0.107,0.023,0.051,0.02,0.005,0.186,0.057,0.676,0.935,0.929
Romania,1969,0.047,0.029,1,0.402,1,0.115,0.107,0.023,0.051,0.02,0.194,0.186,0.057,0.676,0.935,0.929
Romania,1970,0.047,0.029,1,0.401,1,0.115,0.107,0.023,0.051,0.02,0.194,0.186,0.057,0.644,0.918,0.929
Romania,1971,0.047,0.029,1,0.401,1,0.109,0.107,0.023,0.051,0.02,0.194,0.186,0.042,0.644,0.918,0.929
Romania,1972,0.047,0.029,1,0.401,1,0.109,0.107,0.023,0.044,0.02,0.194,0.186,0.018,0.644,0.918,0.929
Romania,1973,0.047,0.029,1,0.401,1,0.109,0.107,0.023,0.044,0.02,0.194,0.186,0.018,0.644,0.918,0.929
Romania,1974,0.047,0.029,1,0.401,1,0.109,0.107,0.023,0.044,0.02,0.194,0.186,0.018,0.644,0.918,0.929
Romania,1975,0.047,0.029,1,0.408,1,0.109,0.107,0.023,0.044,0.02,0.194,0.186,0.018,0.644,0.918,0.929
Romania,1976,0.047,0.029,1,0.409,1,0.109,0.107,0.023,0.044,0.02,0.194,0.186,0.018,0.644,0.918,0.929
Romania,1977,0.047,0.029,1,0.409,1,0.109,0.107,0.023,0.044,0.02,0.194,0.186,0.018,0.644,0.918,0.929
Romania,1978,0.047,0.029,1,0.409,1,0.109,0.107,0.023,0.044,0.02,0.194,0.186,0.018,0.644,0.918,0.929
Romania,1979,0.047,0.029,1,0.409,1,0.109,0.107,0.023,0.044,0.02,0.194,0.186,0.018,0.644,0.918,0.929
Romania,1980,0.047,0.029,1,0.402,1,0.109,0.107,0.023,0.044,0.02,0.194,0.186,0.018,0.644,0.918,0.929
Romania,1981,0.047,0.029,1,0.401,1,0.109,0.107,0.023,0.044,0.02,0.194,0.186,0.018,0.644,0.918,0.916
Romania,1982,0.047,0.029,1,0.401,1,0.109,0.107,0.023,0.044,0.02,0.194,0.186,0.018,0.644,0.918,0.916
Romania,1983,0.047,0.029,1,0.401,1,0.109,0.107,0.023,0.044,0.02,0.194,0.186,0.018,0.644,0.918,0.916
Romania,1984,0.047,0.029,1,0.401,1,0.109,0.107,0.023,0.044,0.02,0.194,0.186,0.018,0.644,0.918,0.916
Romania,1985,0.047,0.028,1,0.404,1,0.109,0.107,0.023,0.044,0.02,0.194,0.186,0.018,0.644,0.918,0.916
Romania,1986,0.047,0.028,1,0.405,1,0.109,0.107,0.023,0.044,0.2,0.194,0.186,0.018,0.644,0.918,0.916
Romania,1987,0.047,0.028,1,0.405,1,0.109,0.107,0.023,0.044,0.2,0.194,0.186,0.018,0.644,0.918,0.916
Romania,1988,0.047,0.028,1,0.405,1,0.109,0.107,0.023,0.044,0.2,0.194,0.186,0.018,0.644,0.918,0.916
Romania,1989,0.047,0.028,1,0.405,1,0.109,0.107,0.023,0.044,0.2,0.194,0.186,0.025,0.644,0.918,0.916
Romania,1990,0.73,0.753,1,0.54,1,0.736,0.303,0.425,0.584,0.02,0.388,0.736,0.538,0.772,0.79,0.853
Romania,1991,0.766,0.789,1,0.537,1,0.754,0.386,0.454,0.584,0.213,0.388,0.736,0.538,0.772,0.79,0.853
Romania,1992,0.786,0.802,1,0.537,1,0.793,0.505,0.522,0.592,0.213,0.814,0.866,0.538,0.772,0.79,0.853
Romania,1993,0.82,0.799,1,0.537,1,0.804,0.507,0.657,0.592,0.213,0.814,0.881,0.538,0.772,0.79,0.853
Romania,1994,0.82,0.799,1,0.537,1,0.804,0.507,0.657,0.592,0.213,0.814,0.881,0.538,0.772,0.79,0.853
Romania,1995,0.82,0.799,1,0.537,1,0.804,0.507,0.657,0.592,0.213,0.814,0.881,0.538,0.772,0.79,0.853
Romania,1996,0.827,0.794,1,0.565,1,0.831,0.507,0.684,0.649,0.201,0.814,0.881,0.575,0.772,0.789,0.853
Romania,1997,0.864,0.797,1,0.622,1,0.831,0.507,0.684,0.634,0.189,0.814,0.881,0.587,0.772,0.796,0.849
Romania,1998,0.864,0.797,1,0.622,1,0.831,0.507,0.684,0.634,0.177,0.814,0.881,0.587,0.772,0.796,0.831
Romania,1999,0.864,0.797,1,0.622,1,0.831,0.489,0.684,0.634,0.165,0.814,0.881,0.587,0.772,0.796,0.831
Romania,2000,0.836,0.797,1,0.625,1,0.832,0.509,0.664,0.662,0.153,0.814,0.881,0.587,0.783,0.746,0.841
Romania,2001,0.773,0.773,1,0.661,1,0.832,0.509,0.664,0.679,0.141,0.814,0.881,0.519,0.783,0.742,0.827
Romania,2002,0.773,0.773,1,0.661,1,0.832,0.524,0.664,0.679,0.129,0.814,0.881,0.519,0.783,0.742,0.827
Romania,2003,0.773,0.792,1,0.684,1,0.832,0.556,0.664,0.683,0.263,0.814,0.881,0.531,0.783,0.742,0.826
Romania,2004,0.78,0.792,1,0.646,1,0.841,0.613,0.664,0.683,0.251,0.814,0.881,0.531,0.783,0.742,0.826
Romania,2005,0.857,0.816,1,0.593,1,0.841,0.706,0.698,0.719,0.239,0.814,0.881,0.618,0.783,0.751,0.812
Romania,2006,0.85,0.816,1,0.608,1,0.841,0.706,0.698,0.719,0.227,0.814,0.881,0.618,0.783,0.751,0.812
Romania,2007,0.853,0.816,1,0.608,1,0.863,0.777,0.698,0.719,0.339,0.814,0.881,0.618,0.802,0.751,0.813
Romania,2008,0.86,0.818,1,0.618,1,0.863,0.778,0.719,0.734,0.331,0.814,0.881,0.618,0.802,0.763,0.813
Romania,2009,0.865,0.816,1,0.72,1,0.863,0.783,0.725,0.734,0.323,0.814,0.9,0.618,0.802,0.748,0.813
Romania,2010,0.883,0.819,1,0.724,1,0.88,0.791,0.751,0.749,0.315,0.814,0.9,0.63,0.802,0.748,0.81
Romania,2011,0.888,0.819,1,0.724,1,0.88,0.791,0.751,0.749,0.307,0.814,0.9,0.63,0.802,0.748,0.81
Romania,2012,0.866,0.819,1,0.723,1,0.88,0.769,0.73,0.749,0.319,0.814,0.9,0.615,0.808,0.748,0.81
Romania,2013,0.856,0.829,1,0.712,1,0.89,0.875,0.746,0.779,0.299,0.814,0.9,0.649,0.808,0.731,0.786
Romania,2014,0.856,0.829,1,0.724,1,0.89,0.902,0.746,0.779,0.279,0.814,0.9,0.649,0.808,0.731,0.756
Romania,2015,0.867,0.85,1,0.782,1,0.905,0.913,0.766,0.791,0.259,0.814,0.9,0.693,0.808,0.731,0.756
Romania,2016,0.891,0.859,1,0.781,1,0.91,0.916,0.776,0.797,0.239,0.777,0.9,0.898,0.836,0.726,0.738
Romania,2017,0.784,0.814,1,0.842,1,0.858,0.752,0.622,0.678,0.211,0.758,0.9,0.374,0.836,0.725,0.634
Romania,2018,0.783,0.82,1,0.835,1,0.861,0.534,0.595,0.632,0.405,0.758,0.9,0.345,0.785,0.781,0.629
Romania,2019,0.86,0.836,1,0.868,1,0.879,0.588,0.667,0.668,0.557,0.758,0.9,0.399,0.767,0.746,0.629
Romania,2020,0.909,0.86,1,0.901,1,0.842,0.846,0.802,0.694,0.549,0.77,0.9,0.489,0.833,0.732,0.595
Romania,2021,0.909,0.843,1,0.851,1,0.851,0.784,0.714,0.764,0.541,0.725,0.897,0.664,0.762,0.741,0.539
Romania,2022,0.76,0.822,1,0.863,1,0.843,0.793,0.661,0.661,0.534,0.725,0.897,0.399,0.721,0.76,0.536
Romania,2023,0.761,0.802,1,0.845,1,0.846,0.706,0.591,0.579,0.498,0.725,0.897,0.342,0.721,0.735,0.626
Romania,2024,0.728,0.801,1,0.772,1,0.814,0.648,0.563,0.527,0.45,0.725,0.897,0.32,0.698,0.815,0.542
Singapore,1950,0.521,0.487,0.02,0.519,0,0.508,0.822,0.249,0.255,0,0,0,0.775,0.237,0.221,0.573
Singapore,1951,0.521,0.496,0.04,0.536,0,0.508,0.822,0.309,0.255,0,0,0,0.775,0.237,0.221,0.573
Singapore,1952,0.521,0.499,0.04,0.542,0,0.508,0.822,0.309,0.255,0,0,0,0.775,0.237,0.221,0.573
Singapore,1953,0.521,0.495,0.04,0.542,0,0.508,0.822,0.309,0.255,0,0,0,0.775,0.237,0.221,0.573
Singapore,1954,0.521,0.495,0.04,0.542,0,0.508,0.822,0.309,0.255,0,0,0,0.775,0.237,0.221,0.573
Singapore,1955,0.521,0.494,0.23,0.533,0.78,0.508,0.822,0.384,0.255,0,0,0,0.775,0.237,0.221,0.573
Singapore,1956,0.521,0.565,0.23,0.53,0.78,0.508,0.793,0.419,0.255,0,0,0,0.775,0.237,0.221,0.552
Singapore,1957,0.521,0.565,0.23,0.53,0.78,0.508,0.793,0.419,0.255,0,0,0,0.775,0.237,0.221,0.552
Singapore,1958,0.521,0.565,0.23,0.53,0.78,0.625,0.793,0.419,0.255,0,0,0,0.775,0.237,0.221,0.552
Singapore,1959,0.509,0.563,1,0.538,1,0.654,0.824,0.441,0.255,0,0,0,0.775,0.702,0.632,0.552
Singapore,1960,0.535,0.562,1,0.55,1,0.671,0.752,0.455,0.255,0,0,0,0.689,0.702,0.632,0.761
Singapore,1961,0.535,0.562,1,0.55,1,0.671,0.752,0.455,0.255,0,0,0,0.522,0.702,0.632,0.761
Singapore,1962,0.535,0.562,1,0.55,1,0.671,0.752,0.455,0.255,0.1,0,0,0.522,0.702,0.632,0.761
Singapore,1963,0.566,0.54,1,0.52,1,0.742,0.752,0.455,0.328,0,0,0,0.522,0.702,0.632,0.761
Singapore,1964,0.378,0.524,1,0.444,1,0.742,0.752,0.455,0.328,0,0,0,0.522,0.702,0.632,0.761
Singapore,1965,0.228,0.561,1,0.469,1,0.792,0.752,0.455,0.328,0.011,0,0,0.522,0.702,0.632,0.761
Singapore,1966,0.228,0.543,1,0.469,1,0.806,0.752,0.455,0.328,0.011,0,0,0.522,0.767,0.632,0.761
Singapore,1967,0.228,0.543,1,0.469,1,0.819,0.752,0.455,0.328,0.011,0,0,0.522,0.767,0.632,0.761
Singapore,1968,0.228,0.533,1,0.501,1,0.832,0.752,0.455,0.328,0.011,0,0,0.493,0.767,0.632,0.813
Singapore,1969,0.228,0.53,1,0.514,1,0.832,0.752,0.455,0.328,0.011,0,0,0.493,0.767,0.632,0.813
Singapore,1970,0.228,0.53,1,0.514,1,0.869,0.752,0.455,0.328,0.011,0,0,0.53,0.86,0.604,0.855
Singapore,1971,0.228,0.53,1,0.514,1,0.869,0.752,0.455,0.328,0.011,0,0,0.53,0.86,0.604,0.855
Singapore,1972,0.228,0.53,1,0.535,1,0.869,0.752,0.455,0.328,0.011,0,0,0.53,0.86,0.604,0.855
Singapore,1973,0.228,0.532,1,0.577,1,0.869,0.752,0.455,0.328,0.011,0,0,0.53,0.86,0.604,0.855
Singapore,1974,0.228,0.532,1,0.577,1,0.869,0.752,0.455,0.328,0.011,0,0,0.53,0.86,0.604,0.855
Singapore,1975,0.228,0.532,1,0.577,1,0.873,0.752,0.455,0.328,0.011,0,0,0.53,0.86,0.604,0.881
Singapore,1976,0.228,0.533,1,0.577,1,0.871,0.737,0.455,0.328,0.011,0,0,0.53,0.86,0.604,0.881
Singapore,1977,0.228,0.541,1,0.574,1,0.871,0.737,0.455,0.328,0.011,0,0,0.53,0.86,0.604,0.881
Singapore,1978,0.228,0.541,1,0.574,1,0.871,0.737,0.455,0.328,0.011,0,0,0.53,0.86,0.604,0.881
Singapore,1979,0.228,0.541,1,0.574,1,0.871,0.737,0.455,0.328,0.011,0,0,0.53,0.86,0.604,0.881
Singapore,1980,0.251,0.541,1,0.587,1,0.89,0.737,0.455,0.328,0.011,0,0,0.586,0.86,0.604,0.909
Singapore,1981,0.251,0.549,1,0.626,1,0.89,0.737,0.455,0.328,0.011,0,0,0.586,0.86,0.604,0.909
Singapore,1982,0.251,0.549,1,0.626,1,0.89,0.737,0.455,0.328,0.011,0,0,0.586,0.86,0.604,0.898
Singapore,1983,0.251,0.549,1,0.626,1,0.89,0.737,0.455,0.328,0.011,0,0,0.586,0.86,0.604,0.898
Singapore,1984,0.251,0.549,1,0.626,1,0.89,0.737,0.455,0.328,0.011,0,0,0.586,0.86,0.604,0.898
Singapore,1985,0.251,0.55,1,0.631,1,0.89,0.737,0.455,0.328,0.011,0,0,0.736,0.86,0.604,0.898
Singapore,1986,0.251,0.55,1,0.659,1,0.89,0.737,0.455,0.328,0.011,0,0,0.736,0.86,0.604,0.898
Singapore,1987,0.251,0.557,1,0.659,1,0.89,0.737,0.455,0.328,0.011,0,0,0.736,0.86,0.604,0.898
Singapore,1988,0.251,0.557,1,0.658,1,0.89,0.737,0.455,0.328,0.011,0,0,0.736,0.86,0.604,0.898
Singapore,1989,0.251,0.558,1,0.656,0.988,0.89,0.737,0.455,0.328,0.011,0,0,0.736,0.86,0.604,0.898
Singapore,1990,0.295,0.582,1,0.656,0.964,0.913,0.737,0.455,0.347,0.011,0,0,0.736,0.86,0.604,0.898
Singapore,1991,0.295,0.582,1,0.658,1,0.913,0.737,0.455,0.347,0.011,0,0,0.736,0.86,0.604,0.898
Singapore,1992,0.295,0.581,1,0.662,0.93,0.913,0.737,0.455,0.347,0.011,0,0,0.736,0.86,0.604,0.898
Singapore,1993,0.295,0.577,1,0.663,1,0.913,0.737,0.455,0.347,0.011,0,0,0.736,0.86,0.604,0.898
Singapore,1994,0.295,0.568,1,0.664,1,0.913,0.737,0.455,0.347,0.011,0,0,0.736,0.86,0.604,0.898
Singapore,1995,0.295,0.568,1,0.664,1,0.913,0.737,0.455,0.347,0.011,0,0,0.736,0.86,0.604,0.898
Singapore,1996,0.297,0.568,1,0.664,1,0.913,0.737,0.455,0.347,0.011,0,0,0.736,0.86,0.604,0.898
Singapore,1997,0.297,0.579,1,0.676,1,0.913,0.737,0.455,0.347,0.011,0,0,0.736,0.86,0.604,0.898
Singapore,1998,0.297,0.579,1,0.676,1,0.913,0.737,0.455,0.347,0.011,0,0,0.736,0.86,0.604,0.898
Singapore,1999,0.297,0.579,1,0.676,0.89,0.913,0.737,0.455,0.347,0.011,0,0,0.736,0.86,0.604,0.898
Singapore,2000,0.347,0.598,1,0.676,0.89,0.913,0.745,0.455,0.348,0.011,0,0,0.736,0.86,0.724,0.95
Singapore,2001,0.347,0.596,1,0.676,0.89,0.913,0.745,0.455,0.348,0.011,0,0,0.736,0.86,0.724,0.95
Singapore,2002,0.347,0.589,1,0.678,0.89,0.913,0.745,0.455,0.348,0.011,0,0,0.736,0.86,0.724,0.95
Singapore,2003,0.347,0.589,1,0.678,0.89,0.913,0.745,0.455,0.348,0.011,0,0,0.736,0.86,0.724,0.95
Singapore,2004,0.347,0.589,1,0.678,0.89,0.913,0.745,0.455,0.348,0.011,0,0,0.736,0.86,0.724,0.95
Singapore,2005,0.33,0.589,1,0.678,0.89,0.913,0.745,0.455,0.348,0.011,0,0,0.736,0.86,0.724,0.95
Singapore,2006,0.354,0.587,1,0.719,0.89,0.905,0.745,0.455,0.351,0.011,0,0,0.736,0.86,0.724,0.95
Singapore,2007,0.338,0.585,1,0.741,0.89,0.905,0.745,0.455,0.343,0.011,0,0,0.736,0.86,0.724,0.95
Singapore,2008,0.347,0.585,1,0.741,0.89,0.905,0.745,0.455,0.343,0.011,0,0,0.736,0.86,0.724,0.95
Singapore,2009,0.354,0.585,1,0.741,0.89,0.908,0.745,0.455,0.343,0.011,0,0,0.736,0.86,0.724,0.95
Singapore,2010,0.354,0.585,1,0.741,0.89,0.908,0.745,0.455,0.323,0.011,0,0,0.774,0.86,0.724,0.95
Singapore,2011,0.358,0.59,1,0.763,1,0.908,0.745,0.474,0.323,0.011,0,0,0.789,0.86,0.724,0.95
Singapore,2012,0.367,0.587,1,0.774,1,0.908,0.745,0.474,0.359,0.011,0,0,0.789,0.86,0.724,0.95
Singapore,2013,0.352,0.587,1,0.774,1,0.908,0.745,0.474,0.333,0.011,0,0,0.789,0.86,0.724,0.95
Singapore,2014,0.352,0.587,1,0.774,1,0.908,0.745,0.474,0.333,0.011,0,0,0.789,0.86,0.724,0.95
Singapore,2015,0.352,0.58,1,0.779,1,0.908,0.745,0.474,0.333,0.011,0,0,0.789,0.86,0.724,0.95
Singapore,2016,0.376,0.588,1,0.792,1,0.908,0.745,0.474,0.333,0.011,0,0,0.789,0.86,0.724,0.95
Singapore,2017,0.373,0.59,1,0.794,0.89,0.908,0.75,0.56,0.381,0.011,0,0,0.768,0.86,0.57,0.935
Singapore,2018,0.372,0.595,1,0.789,0.89,0.908,0.75,0.56,0.398,0.011,0,0,0.768,0.86,0.585,0.935
Singapore,2019,0.352,0.595,1,0.789,0.89,0.9,0.75,0.56,0.419,0.011,0,0,0.768,0.86,0.555,0.935
Singapore,2020,0.334,0.621,1,0.761,0.89,0.888,0.746,0.56,0.329,0.011,0,0,0.78,0.854,0.622,0.958
Singapore,2021,0.336,0.621,1,0.741,0.89,0.889,0.768,0.56,0.417,0.011,0,0,0.792,0.854,0.622,0.958
Singapore,2022,0.331,0.621,1,0.741,0.89,0.889,0.764,0.56,0.417,0.011,0,0,0.773,0.854,0.622,0.958
Singapore,2023,0.353,0.584,1,0.771,1,0.906,0.764,0.56,0.386,0.011,0,0,0.72,0.866,0.622,0.961
Singapore,2024,0.34,0.585,1,0.802,1,0.906,0.811,0.56,0.386,0.011,0,0,0.742,0.866,0.622,0.96
Hungary,1950,0.028,0.038,1,0.362,0,0.048,0.525,0.082,0.06,0.06,0.341,0,0.02,0.899,0.89,0.712
Hungary,1951,0.028,0.038,1,0.362,0,0.052,0.525,0.082,0.06,0.06,0.341,0,0.02,0.899,0.89,0.712
Hungary,1952,0.028,0.038,1,0.362,0,0.052,0.525,0.082,0.06,0.06,0.341,0,0.02,0.899,0.89,0.712
Hungary,1953,0.028,0.034,1,0.41,1,0.052,0.525,0.082,0.06,0.06,0.341,0,0.083,0.899,0.89,0.712
Hungary,1954,0.028,0.032,1,0.393,1,0.077,0.525,0.082,0.06,0.06,0.341,0,0.073,0.899,0.89,0.712
Hungary,1955,0.032,0.032,1,0.393,0,0.077,0.525,0.082,0.06,0.06,0.341,0,0.073,0.899,0.89,0.712
Hungary,1956,0.035,0.032,1,0.393,0,0.072,0.511,0.082,0.06,0.06,0.341,0,0.073,0.899,0.89,0.712
Hungary,1957,0.03,0.032,1,0.393,0,0.066,0.523,0.082,0.06,0.06,0.341,0,0.019,0.899,0.89,0.712
Hungary,1958,0.032,0.032,1,0.393,0,0.107,0.523,0.082,0.06,0.06,0.341,0,0.019,0.899,0.89,0.712
Hungary,1959,0.032,0.036,1,0.393,0,0.127,0.522,0.082,0.06,0.06,0.341,0,0.026,0.899,0.89,0.761
Hungary,1960,0.034,0.042,1,0.393,0,0.158,0.522,0.082,0.06,0.06,0.341,0,0.026,0.903,0.89,0.783
Hungary,1961,0.038,0.042,1,0.393,0,0.169,0.522,0.082,0.06,0.06,0.341,0,0.026,0.903,0.89,0.783
Hungary,1962,0.052,0.044,1,0.393,0,0.193,0.522,0.103,0.06,0.06,0.341,0,0.026,0.853,0.885,0.783
Hungary,1963,0.069,0.044,1,0.408,0,0.214,0.486,0.103,0.06,0.06,0.341,0,0.027,0.853,0.885,0.783
Hungary,1964,0.077,0.05,1,0.411,0,0.263,0.506,0.103,0.06,0.06,0.341,0,0.037,0.851,0.885,0.783
Hungary,1965,0.079,0.05,1,0.411,0,0.273,0.506,0.103,0.132,0.06,0.341,0,0.049,0.851,0.885,0.777
Hungary,1966,0.079,0.05,1,0.411,0,0.288,0.506,0.103,0.132,0.06,0.341,0,0.086,0.851,0.885,0.777
Hungary,1967,0.079,0.05,1,0.402,0,0.288,0.506,0.103,0.132,0.06,0.341,0,0.086,0.851,0.885,0.777
Hungary,1968,0.092,0.051,1,0.4,0,0.301,0.506,0.103,0.132,0.06,0.341,0,0.216,0.851,0.885,0.774
Hungary,1969,0.092,0.051,1,0.4,0,0.33,0.506,0.103,0.132,0.06,0.341,0,0.216,0.853,0.885,0.774
Hungary,1970,0.092,0.053,1,0.4,0,0.345,0.506,0.103,0.156,0.06,0.341,0,0.216,0.853,0.885,0.783
Hungary,1971,0.092,0.052,1,0.398,0,0.354,0.506,0.103,0.156,0.06,0.341,0,0.201,0.853,0.885,0.783
Hungary,1972,0.092,0.052,1,0.397,0,0.354,0.506,0.103,0.156,0.06,0.341,0,0.19,0.853,0.885,0.783
Hungary,1973,0.092,0.052,1,0.397,0,0.354,0.506,0.103,0.156,0.06,0.341,0,0.19,0.853,0.885,0.783
Hungary,1974,0.092,0.052,1,0.397,0,0.354,0.506,0.103,0.156,0.06,0.341,0,0.19,0.853,0.885,0.783
Hungary,1975,0.092,0.053,1,0.393,0,0.354,0.506,0.103,0.156,0.06,0.341,0,0.19,0.853,0.885,0.783
Hungary,1976,0.092,0.054,1,0.39,0,0.365,0.506,0.103,0.156,0.06,0.341,0,0.19,0.853,0.885,0.783
Hungary,1977,0.092,0.054,1,0.39,0,0.365,0.506,0.103,0.156,0.06,0.341,0,0.19,0.853,0.885,0.783
Hungary,1978,0.092,0.054,1,0.39,0,0.365,0.506,0.103,0.156,0.06,0.341,0,0.19,0.853,0.885,0.783
Hungary,1979,0.092,0.054,1,0.39,0,0.365,0.506,0.103,0.156,0.06,0.341,0,0.19,0.853,0.885,0.783
Hungary,1980,0.107,0.053,1,0.392,0,0.381,0.506,0.103,0.181,0.06,0.341,0,0.219,0.853,0.885,0.783
Hungary,1981,0.121,0.052,1,0.394,0,0.381,0.506,0.103,0.181,0.06,0.341,0,0.219,0.853,0.862,0.783
Hungary,1982,0.127,0.052,1,0.394,0,0.381,0.506,0.103,0.181,0.06,0.341,0,0.219,0.853,0.879,0.783
Hungary,1983,0.127,0.052,1,0.394,0,0.381,0.506,0.103,0.181,0.06,0.341,0,0.219,0.853,0.879,0.783
Hungary,1984,0.127,0.052,1,0.394,0,0.381,0.506,0.103,0.181,0.06,0.341,0,0.219,0.853,0.879,0.775
Hungary,1985,0.17,0.053,1,0.395,0,0.383,0.506,0.12,0.181,0.06,0.341,0,0.219,0.853,0.879,0.775
Hungary,1986,0.2,0.054,1,0.396,0,0.387,0.506,0.142,0.181,0.06,0.341,0,0.219,0.853,0.879,0.775
Hungary,1987,0.235,0.065,1,0.396,0,0.393,0.506,0.142,0.181,0.06,0.341,0,0.239,0.853,0.879,0.775
Hungary,1988,0.316,0.12,1,0.396,0,0.464,0.506,0.168,0.239,0.06,0.341,0,0.329,0.897,0.879,0.761
Hungary,1989,0.549,0.466,1,0.396,1,0.611,0.515,0.359,0.513,0.251,0.462,0,0.459,0.897,0.888,0.8
Hungary,1990,0.964,0.863,1,0.846,1,0.956,0.902,0.851,0.793,0.248,0.979,0,0.777,0.913,0.869,0.846
Hungary,1991,0.952,0.877,1,0.925,1,0.96,0.908,0.851,0.792,0.248,0.979,0.991,0.766,0.912,0.869,0.846
Hungary,1992,0.952,0.877,1,0.925,1,0.96,0.908,0.851,0.792,0.248,0.979,0.991,0.766,0.912,0.869,0.846
Hungary,1993,0.952,0.877,1,0.925,1,0.96,0.908,0.851,0.792,0.248,0.979,0.989,0.752,0.912,0.832,0.846
Hungary,1994,0.952,0.88,1,0.922,1,0.96,0.908,0.851,0.792,0.248,0.979,0.989,0.752,0.912,0.832,0.841
Hungary,1995,0.955,0.882,1,0.92,1,0.96,0.908,0.851,0.792,0.236,0.979,0.989,0.749,0.912,0.832,0.835
Hungary,1996,0.955,0.882,1,0.92,1,0.96,0.908,0.851,0.792,0.223,0.979,0.989,0.749,0.912,0.832,0.835
Hungary,1997,0.955,0.882,1,0.92,1,0.96,0.908,0.851,0.792,0.368,0.979,0.989,0.749,0.912,0.832,0.835
Hungary,1998,0.949,0.882,1,0.92,1,0.96,0.908,0.851,0.792,0.355,0.979,0.989,0.749,0.912,0.832,0.824
Hungary,1999,0.949,0.882,1,0.921,1,0.96,0.908,0.829,0.792,0.343,0.979,0.989,0.706,0.846,0.832,0.824
Hungary,2000,0.949,0.882,1,0.921,1,0.96,0.908,0.829,0.792,0.33,0.979,0.989,0.697,0.846,0.832,0.833
Hungary,2001,0.949,0.882,1,0.921,1,0.96,0.908,0.829,0.792,0.318,0.979,0.989,0.697,0.846,0.832,0.833
Hungary,2002,0.957,0.881,1,0.919,1,0.96,0.908,0.837,0.792,0.295,0.979,0.989,0.697,0.846,0.832,0.833
Hungary,2003,0.956,0.881,1,0.919,1,0.96,0.908,0.862,0.792,0.271,0.979,0.989,0.697,0.846,0.832,0.827
Hungary,2004,0.956,0.881,1,0.919,1,0.96,0.908,0.862,0.792,0.353,0.979,0.989,0.697,0.846,0.832,0.827
Hungary,2005,0.956,0.881,1,0.919,1,0.96,0.881,0.862,0.77,0.343,0.979,0.989,0.697,0.846,0.832,0.774
Hungary,2006,0.946,0.853,1,0.93,1,0.942,0.904,0.862,0.77,0.332,0.979,0.989,0.644,0.846,0.832,0.773
Hungary,2007,0.951,0.881,1,0.935,1,0.957,0.904,0.872,0.77,0.322,0.979,0.989,0.657,0.846,0.832,0.771
Hungary,2008,0.951,0.881,1,0.935,1,0.957,0.904,0.872,0.77,0.332,0.979,0.989,0.677,0.846,0.832,0.766
Hungary,2009,0.951,0.881,1,0.935,1,0.957,0.893,0.878,0.77,0.322,0.979,0.989,0.667,0.846,0.832,0.773
Hungary,2010,0.882,0.873,1,0.933,1,0.934,0.831,0.732,0.706,0.311,0.966,0.969,0.538,0.851,0.768,0.754
Hungary,2011,0.864,0.851,1,0.921,1,0.925,0.814,0.712,0.679,0.355,0.946,0.94,0.537,0.851,0.768,0.75
Hungary,2012,0.856,0.851,1,0.92,1,0.927,0.763,0.666,0.679,0.344,0.942,0.94,0.531,0.851,0.742,0.75
Hungary,2013,0.774,0.846,1,0.913,1,0.907,0.739,0.643,0.599,0.318,0.942,0.914,0.483,0.782,0.748,0.716
Hungary,2014,0.769,0.83,1,0.79,1,0.907,0.742,0.635,0.568,0.292,0.942,0.889,0.483,0.782,0.735,0.71
Hungary,2015,0.713,0.816,1,0.747,1,0.907,0.742,0.628,0.573,0.266,0.942,0.889,0.513,0.782,0.725,0.71
Hungary,2016,0.695,0.813,1,0.747,1,0.902,0.75,0.618,0.573,0.38,0.942,0.889,0.482,0.782,0.734,0.701
Hungary,2017,0.644,0.73,1,0.744,1,0.908,0.747,0.623,0.573,0.365,0.942,0.889,0.483,0.765,0.736,0.716
Hungary,2018,0.581,0.663,1,0.662,1,0.896,0.729,0.57,0.565,0.349,0.935,0.834,0.462,0.702,0.678,0.622
Hungary,2019,0.576,0.659,1,0.622,1,0.894,0.713,0.57,0.565,0.334,0.935,0.834,0.483,0.676,0.656,0.626
Hungary,2020,0.541,0.68,1,0.63,1,0.878,0.692,0.566,0.549,0.318,0.935,0.834,0.399,0.671,0.662,0.623
Hungary,2021,0.523,0.661,1,0.631,1,0.882,0.693,0.558,0.552,0.285,0.935,0.787,0.364,0.671,0.643,0.617
Hungary,2022,0.513,0.674,1,0.615,1,0.884,0.618,0.536,0.542,0.287,0.935,0.787,0.353,0.671,0.633,0.624
Hungary,2023,0.509,0.646,1,0.604,1,0.873,0.632,0.498,0.505,0.271,0.935,0.787,0.353,0.673,0.619,0.634
Hungary,2024,0.493,0.654,1,0.604,1,0.873,0.616,0.481,0.437,0.256,0.935,0.526,0.309,0.673,0.617,0.62
Zanzibar,1950,0.265,0.109,0,0,0,0.312,0.495,0.386,0.199,0,0,0,0.056,0.151,0.071,0.167
Zanzibar,1951,0.265,0.109,0,0,0,0.312,0.495,0.386,0.199,0,0,0,0.056,0.151,0.071,0.194
Zanzibar,1952,0.265,0.109,0,0,0,0.312,0.495,0.386,0.199,0,0,0,0.056,0.151,0.071,0.194
Zanzibar,1953,0.321,0.109,0,0,0,0.312,0.495,0.386,0.199,0,0,0,0.056,0.151,0.082,0.194
Zanzibar,1954,0.321,0.109,0,0,0,0.312,0.495,0.386,0.199,0,0,0,0.056,0.151,0.082,0.194
Zanzibar,1955,0.316,0.157,0,0,0,0.218,0.495,0.352,0.195,0,0,0,0.069,0.151,0.082,0.194
Zanzibar,1956,0.316,0.188,0.001,0,0,0.218,0.495,0.352,0.197,0,0,0,0.069,0.151,0.082,0.194
Zanzibar,1957,0.335,0.256,0.001,0.183,0,0.218,0.495,0.352,0.228,0,0,0,0.069,0.151,0.082,0.192
Zanzibar,1958,0.335,0.301,0.001,0.41,0,0.218,0.495,0.352,0.228,0,0,0,0.069,0.151,0.082,0.192
Zanzibar,1959,0.335,0.301,0.001,0.41,0,0.218,0.495,0.352,0.228,0,0,0,0.069,0.151,0.082,0.192
Zanzibar,1960,0.335,0.301,0.001,0.41,0,0.209,0.495,0.414,0.228,0,0,0,0.057,0.151,0.082,0.192
Zanzibar,1961,0.335,0.415,0.1,0.345,0,0.196,0.495,0.483,0.232,0,0,0,0.057,0.151,0.101,0.192
Zanzibar,1962,0.289,0.425,0.1,0.328,0,0.196,0.495,0.483,0.232,0,0,0,0.057,0.151,0.101,0.192
Zanzibar,1963,0.319,0.408,1,0.322,0,0.196,0.544,0.698,0.33,0,0,0,0.057,0.14,0.101,0.192
Zanzibar,1964,0.085,0.034,0,0,0,0.257,0.026,0.098,0.253,0,0,0,0.06,0.502,0.565,0.594
Zanzibar,1965,0.085,0.047,0,0,0,0.257,0.088,0.113,0.329,0,0,0,0.147,0.502,0.565,0.652
Zanzibar,1966,0.085,0.047,0,0,0,0.257,0.088,0.113,0.255,0,0,0,0.147,0.502,0.565,0.664
Zanzibar,1967,0.085,0.043,0,0,0,0.257,0.088,0.113,0.162,0,0,0,0.147,0.502,0.565,0.692
Zanzibar,1968,0.085,0.043,0,0,0,0.257,0.088,0.113,0.162,0,0,0,0.147,0.502,0.565,0.692
Zanzibar,1969,0.085,0.043,0,0,0,0.257,0.088,0.113,0.162,0,0,0,0.147,0.502,0.565,0.692
Zanzibar,1970,0.085,0.043,0,0,0,0.257,0.088,0.113,0.162,0,0,0,0.147,0.502,0.565,0.692
Zanzibar,1971,0.085,0.043,0,0,0,0.257,0.088,0.113,0.162,0,0,0,0.147,0.502,0.623,0.692
Zanzibar,1972,0.085,0.043,0,0,0,0.257,0.088,0.113,0.162,0,0,0,0.147,0.502,0.623,0.692
Zanzibar,1973,0.092,0.043,0,0,0,0.429,0.184,0.113,0.162,0,0,0,0.147,0.502,0.623,0.692
Zanzibar,1974,0.092,0.043,0,0,0,0.429,0.184,0.113,0.162,0,0,0,0.262,0.502,0.623,0.692
Zanzibar,1975,0.092,0.043,0,0,0,0.429,0.184,0.113,0.162,0,0,0,0.262,0.502,0.623,0.692
Zanzibar,1976,0.092,0.043,0,0,0,0.429,0.184,0.113,0.213,0,0,0,0.262,0.502,0.623,0.692
Zanzibar,1977,0.092,0.043,0,0,0,0.555,0.211,0.22,0.287,0,0,0,0.262,0.544,0.645,0.692
Zanzibar,1978,0.092,0.046,0,0,0,0.573,0.211,0.305,0.287,0,0,0,0.262,0.544,0.667,0.692
Zanzibar,1979,0.092,0.046,0,0,0,0.573,0.211,0.305,0.287,0,0,0,0.262,0.544,0.667,0.692
Zanzibar,1980,0.109,0.047,0,0.054,0.925,0.661,0.211,0.305,0.287,0,0,0,0.262,0.569,0.661,0.692
Zanzibar,1981,0.109,0.048,0,0.215,0.925,0.661,0.211,0.305,0.287,0,0,0,0.262,0.569,0.661,0.692
Zanzibar,1982,0.109,0.048,0,0.215,0.925,0.661,0.211,0.305,0.287,0,0.626,0,0.262,0.569,0.661,0.692
Zanzibar,1983,0.109,0.048,0,0.215,0.925,0.661,0.211,0.305,0.287,0,0.626,0,0.262,0.569,0.661,0.692
Zanzibar,1984,0.131,0.05,0,0.243,0.925,0.706,0.361,0.305,0.337,0,0.626,0,0.262,0.601,0.661,0.692
Zanzibar,1985,0.131,0.061,0,0.249,0.925,0.706,0.361,0.305,0.375,0,0.626,0,0.282,0.601,0.661,0.706
Zanzibar,1986,0.138,0.06,0,0.229,0.925,0.706,0.361,0.305,0.432,0,0.626,0,0.282,0.601,0.661,0.706
Zanzibar,1987,0.138,0.06,0,0.229,0.925,0.706,0.361,0.305,0.432,0,0.626,0,0.282,0.601,0.661,0.706
Zanzibar,1988,0.138,0.06,0,0.229,0.925,0.694,0.306,0.305,0.432,0,0.626,0,0.282,0.571,0.661,0.706
Zanzibar,1989,0.123,0.06,0,0.229,0.925,0.619,0.306,0.305,0.432,0,0.626,0,0.282,0.571,0.661,0.706
Zanzibar,1990,0.132,0.06,0,0.231,0.925,0.649,0.306,0.344,0.432,0,0.626,0,0.392,0.571,0.686,0.705
Zanzibar,1991,0.142,0.062,0,0.24,0.925,0.649,0.306,0.344,0.432,0,0.626,0,0.392,0.571,0.686,0.705
Zanzibar,1992,0.173,0.112,0,0.24,0.925,0.609,0.306,0.344,0.508,0,0.626,0,0.392,0.588,0.686,0.705
Zanzibar,1993,0.259,0.12,0,0.24,0.925,0.609,0.32,0.344,0.524,0,0.626,0,0.392,0.588,0.686,0.705
Zanzibar,1994,0.259,0.132,0,0.24,0.925,0.609,0.32,0.344,0.524,0,0.626,0,0.392,0.588,0.686,0.705
Zanzibar,1995,0.259,0.495,1,0.204,0.925,0.609,0.32,0.642,0.536,0,0.626,0,0.503,0.588,0.686,0.705
Zanzibar,1996,0.512,0.601,1,0.105,0.925,0.557,0.341,0.703,0.807,0,0.626,0,0.658,0.588,0.627,0.721
Zanzibar,1997,0.511,0.601,1,0.105,0.925,0.557,0.341,0.703,0.807,0,0.626,0,0.658,0.588,0.627,0.721
Zanzibar,1998,0.511,0.601,1,0.105,0.925,0.557,0.341,0.703,0.807,0,0.626,0.162,0.658,0.588,0.627,0.721
Zanzibar,1999,0.548,0.601,1,0.105,0.925,0.557,0.341,0.703,0.807,0,0.626,0.162,0.658,0.588,0.627,0.721
Zanzibar,2000,0.55,0.602,1,0.104,0.925,0.563,0.432,0.703,0.799,0,0.626,0.162,0.658,0.588,0.712,0.721
Zanzibar,2001,0.548,0.603,1,0.11,0.925,0.578,0.432,0.703,0.799,0,0.626,0.162,0.658,0.588,0.712,0.721
Zanzibar,2002,0.548,0.603,1,0.11,0.925,0.625,0.432,0.703,0.799,0,0.626,0.162,0.658,0.588,0.712,0.721
Zanzibar,2003,0.548,0.603,1,0.11,0.925,0.649,0.432,0.703,0.799,0,0.626,0.162,0.658,0.588,0.712,0.772
Zanzibar,2004,0.548,0.528,1,0.11,0.925,0.649,0.432,0.703,0.559,0,0.626,0.162,0.658,0.588,0.712,0.772
Zanzibar,2005,0.548,0.554,1,0.116,0.925,0.656,0.432,0.703,0.559,0,0.626,0.162,0.658,0.588,0.712,0.772
Zanzibar,2006,0.547,0.562,1,0.127,0.925,0.668,0.432,0.703,0.579,0,0.626,0.162,0.658,0.588,0.712,0.772
Zanzibar,2007,0.558,0.57,1,0.129,0.925,0.667,0.432,0.703,0.581,0,0.626,0.162,0.658,0.588,0.712,0.772
Zanzibar,2008,0.565,0.559,1,0.126,0.925,0.67,0.45,0.703,0.581,0,0.626,0.162,0.658,0.588,0.712,0.772
Zanzibar,2009,0.576,0.573,1,0.126,0.925,0.67,0.45,0.703,0.589,0,0.626,0.162,0.658,0.588,0.728,0.772
Zanzibar,2010,0.622,0.582,1,0.142,0.925,0.705,0.45,0.703,0.778,0.2,0.626,0.162,0.674,0.617,0.761,0.772
Zanzibar,2011,0.623,0.581,1,0.212,0.925,0.721,0.45,0.703,0.751,0.2,0.626,0.162,0.674,0.617,0.761,0.772
Zanzibar,2012,0.623,0.589,1,0.208,0.925,0.721,0.45,0.703,0.762,0.2,0.626,0.162,0.674,0.617,0.761,0.772
Zanzibar,2013,0.62,0.589,1,0.211,0.925,0.737,0.45,0.703,0.807,0.2,0.626,0.162,0.674,0.617,0.761,0.772
Zanzibar,2014,0.611,0.573,1,0.209,0.925,0.735,0.441,0.703,0.777,0.2,0.626,0.162,0.674,0.62,0.735,0.772
Zanzibar,2015,0.52,0.556,1,0.166,0,0.699,0.446,0.703,0.716,0.188,0.626,0.162,0.674,0.62,0.745,0.772
Zanzibar,2016,0.495,0.506,1,0.075,0.925,0.643,0.446,0.703,0.659,0.176,0.626,0.162,0.674,0.597,0.745,0.772
Zanzibar,2017,0.442,0.542,1,0.092,0.925,0.625,0.453,0.75,0.66,0.164,0.626,0.162,0.674,0.544,0.757,0.721
Zanzibar,2018,0.456,0.535,1,0.092,0.925,0.618,0.497,0.75,0.683,0.152,0.626,0.162,0.72,0.504,0.773,0.722
Zanzibar,2019,0.436,0.533,1,0.101,0.925,0.612,0.497,0.694,0.641,0.14,0.626,0.162,0.705,0.518,0.727,0.718
Zanzibar,2020,0.449,0.583,1,0.113,0.825,0.612,0.497,0.694,0.632,0.128,0.626,0.162,0.745,0.585,0.785,0.758
Zanzibar,2021,0.533,0.608,1,0.103,0.825,0.683,0.497,0.694,0.647,0.116,0.626,0.162,0.753,0.585,0.771,0.78
Zanzibar,2022,0.569,0.648,1,0.103,0.825,0.681,0.497,0.741,0.641,0.104,0.626,0.162,0.753,0.568,0.728,0.866
Zanzibar,2023,0.596,0.648,1,0.103,0.825,0.671,0.497,0.741,0.672,0.092,0.626,0.162,0.753,0.593,0.719,0.815
Zanzibar,2024,0.555,0.657,1,0.122,0.825,0.664,0.685,0.741,0.434,0.08,0.626,0.162,0.753,0.589,0.654,0.802
